Workbook

Sheet Base_linha_a_linha
A1: CD_SAFRA | B1: FAZENDA | C1: AMBIENTE | D1: VARIEDADE | E1: CORTE | F1: AREA_HA | G1: TON_CANA | H1: KG_ACUCAR | I1: TCH | J1: ATR | K1: TAH_LINHA
A2: 22122 | B2: Laranjeira Industria | C2: Ambiente C | D2: RB92579 | E2: 4 | F2: 4.69 | G2: 233.932 | H2: 33219.159 | I2: =IFERROR(G2/F2,0) -> 49.878891 | J2: =IFERROR(H2/G2,0) -> 142.00348 | K2: =IFERROR(H2/1000/F2,0) -> 7.0829763
A3: 22223 | B3: Laranjeira Industria | C3: Ambiente C | D3: RB92579 | E3: 5 | F3: 4.69 | G3: 423.178 | H3: 57457.629 | I3: =IFERROR(G3/F3,0) -> 90.229851 | J3: =IFERROR(H3/G3,0) -> 135.7765 | K3: =IFERROR(H3/1000/F3,0) -> 12.251094
A4: 22324 | B4: Laranjeira Industria | C4: Ambiente C | D4: RB92579 | E4: 6 | F4: 4.69 | G4: 97.672 | H4: 12583.776 | I4: =IFERROR(G4/F4,0) -> 20.825586 | J4: =IFERROR(H4/G4,0) -> 128.83709 | K4: =IFERROR(H4/1000/F4,0) -> 2.6831079
A5: 22122 | B5: Laranjeira Industria | C5: Ambiente C | D5: RB92579 | E5: 4 | F5: 1.88 | G5: 92.906 | H5: 13192.976 | I5: =IFERROR(G5/F5,0) -> 49.418085 | J5: =IFERROR(H5/G5,0) -> 142.00348 | K5: =IFERROR(H5/1000/F5,0) -> 7.0175403
A6: 22223 | B6: Laranjeira Industria | C6: Ambiente C | D6: RB92579 | E6: 5 | F6: 1.88 | G6: 170.819 | H6: 23193.204 | I6: =IFERROR(G6/F6,0) -> 90.86117 | J6: =IFERROR(H6/G6,0) -> 135.77649 | K6: =IFERROR(H6/1000/F6,0) -> 12.336811
A7: 22324 | B7: Laranjeira Industria | C7: Ambiente C | D7: RB92579 | E7: 6 | F7: 1.88 | G7: 39.482 | H7: 5086.7459 | I7: =IFERROR(G7/F7,0) -> 21.001064 | J7: =IFERROR(H7/G7,0) -> 128.83709 | K7: =IFERROR(H7/1000/F7,0) -> 2.7057159
A8: 22122 | B8: Laranjeira Industria | C8: Ambiente C | D8: RB92579 | E8: 4 | F8: 1.19 | G8: 59.742 | H8: 8483.5721 | I8: =IFERROR(G8/F8,0) -> 50.203361 | J8: =IFERROR(H8/G8,0) -> 142.00348 | K8: =IFERROR(H8/1000/F8,0) -> 7.1290522
A9: 22223 | B9: Laranjeira Industria | C9: Ambiente C | D9: RB92579 | E9: 5 | F9: 1.19 | G9: 108.733 | H9: 14763.383 | I9: =IFERROR(G9/F9,0) -> 91.372269 | J9: =IFERROR(H9/G9,0) -> 135.77647 | K9: =IFERROR(H9/1000/F9,0) -> 12.406204
A10: 22324 | B10: Laranjeira Industria | C10: Ambiente C | D10: RB92579 | E10: 6 | F10: 1.19 | G10: 24.946 | H10: 3213.97 | I10: =IFERROR(G10/F10,0) -> 20.963025 | J10: =IFERROR(H10/G10,0) -> 128.83709 | K10: =IFERROR(H10/1000/F10,0) -> 2.7008151
A11: 22122 | B11: Laranjeiras | C11: Ambiente C | D11: RB92579 | E11: 5 | F11: 13.63 | G11: 397.839 | H11: 54527.016 | I11: =IFERROR(G11/F11,0) -> 29.188481 | J11: =IFERROR(H11/G11,0) -> 137.058 | K11: =IFERROR(H11/1000/F11,0) -> 4.0005148
A12: 22122 | B12: Laranjeiras | C12: Ambiente C | D12: RB92579 | E12: 4 | F12: 8.93 | G12: 260.852 | H12: 35751.851 | I12: =IFERROR(G12/F12,0) -> 29.21075 | J12: =IFERROR(H12/G12,0) -> 137.05799 | K12: =IFERROR(H12/1000/F12,0) -> 4.0035668
A13: 22122 | B13: Laranjeiras | C13: Ambiente C | D13: RB92579 | E13: 4 | F13: 4.84 | G13: 141.389 | H13: 19378.496 | I13: =IFERROR(G13/F13,0) -> 29.212603 | J13: =IFERROR(H13/G13,0) -> 137.05801 | K13: =IFERROR(H13/1000/F13,0) -> 4.0038214
... A13589: 22425 | B13589: Setor/Lote E-43 Fazenda Jatay | C13589: A Definir | D13589: CV0470 | E13589: 2 | F13589: 9.26 | G13589: 648.244 | H13589: 95599.504 | I13589: =IFERROR(G13589/F13589,0) -> 70.004752 | J13589: =IFERROR(H13589/G13589,0) -> 147.47457 | K13589: =IFERROR(H13589/1000/F13589,0) -> 10.32392

Sheet Variedade_x_Corte
A1: VARIEDADE | B1: C1 | C1: C2 | D1: C3 | E1: C4 | F1: C5 | G1: C6 | H1: C7 | I1: MEDIA | J1: CORTES_COM_DADO | K1: AREA_TOTAL_HA | L1: TAH_GERAL
A2: RB127825 | B2: =IFERROR(SUMIFS(Base_linha_a_linha!$H:$H,Base_linha_a_linha!$D:$D,$A2,Base_linha_a_linha!$E:$E,VALUE(RIGHT(B$1,1)))/1000/SUMIFS(Base_linha_a_linha!$F:$F,Base_linha_a_linha!$D:$D,$A2,Base_linha_a_linha!$E:$E,VALUE(RIGHT(B$1,1))),0) -> 15.986525 | C2: =IFERROR(SUMIFS(Base_linha_a_linha!$H:$H,Base_linha_a_linha!$D:$D,$A2,Base_linha_a_linha!$E:$E,VALUE(RIGHT(C$1,1)))/1000/SUMIFS(Base_linha_a_linha!$F:$F,Base_linha_a_linha!$D:$D,$A2,Base_linha_a_linha!$E:$E,VALUE(RIGHT(C$1,1))),0) -> 0 | D2: =IFERROR(SUMIFS(Base_linha_a_linha!$H:$H,Base_linha_a_linha!$D:$D,$A2,Base_linha_a_linha!$E:$E,VALUE(RIGHT(D$1,1)))/1000/SUMIFS(Base_linha_a_linha!$F:$F,Base_linha_a_linha!$D:$D,$A2,Base_linha_a_linha!$E:$E,VALUE(RIGHT(D$1,1))),0) -> 0 | E2: =IFERROR(SUMIFS(Base_linha_a_linha!$H:$H,Base_linha_a_linha!$D:$D,$A2,Base_linha_a_linha!$E:$E,VALUE(RIGHT(E$1,1)))/1000/SUMIFS(Base_linha_a_linha!$F:$F,Base_linha_a_linha!$D:$D,$A2,Base_linha_a_linha!$E:$E,VALUE(RIGHT(E$1,1))),0) -> 0 | F2: =IFERROR(SUMIFS(Base_linha_a_linha!$H:$H,Base_linha_a_linha!$D:$D,$A2,Base_linha_a_linha!$E:$E,VALUE(RIGHT(F$1,1)))/1000/SUMIFS(Base_linha_a_linha!$F:$F,Base_linha_a_linha!$D:$D,$A2,Base_linha_a_linha!$E:$E,VALUE(RIGHT(F$1,1))),0) -> 0 | G2: =IFERROR(SUMIFS(Base_linha_a_linha!$H:$H,Base_linha_a_linha!$D:$D,$A2,Base_linha_a_linha!$E:$E,VALUE(RIGHT(G$1,1)))/1000/SUMIFS(Base_linha_a_linha!$F:$F,Base_linha_a_linha!$D:$D,$A2,Base_linha_a_linha!$E:$E,VALUE(RIGHT(G$1,1))),0) -> 0 | H2: =IFERROR(SUMIFS(Base_linha_a_linha!$H:$H,Base_linha_a_linha!$D:$D,$A2,Base_linha_a_linha!$E:$E,VALUE(RIGHT(H$1,1)))/1000/SUMIFS(Base_linha_a_linha!$F:$F,Base_linha_a_linha!$D:$D,$A2,Base_linha_a_linha!$E:$E,VALUE(RIGHT(H$1,1))),0) -> 0 | I2: =IFERROR(AVERAGEIF(B2:H2,">0"),0) -> 15.986525 | J2: =COUNTIF(B2:H2,">0") -> 1 | K2: =SUMIFS(Base_linha_a_linha!$F:$F,Base_linha_a_linha!$D:$D,$A2) -> 215.3 | L2: =IFERROR(SUMIFS(Base_linha_a_linha!$H:$H,Base_linha_a_linha!$D:$D,$A2)/1000/SUMIFS(Base_linha_a_linha!$F:$F,Base_linha_a_linha!$D:$D,$A2),0) -> 15.986525
A3: RB975162 | B3: =IFERROR(SUMIFS(Base_linha_a_linha!$H:$H,Base_linha_a_linha!$D:$D,$A3,Base_linha_a_linha!$E:$E,VALUE(RIGHT(B$1,1)))/1000/SUMIFS(Base_linha_a_linha!$F:$F,Base_linha_a_linha!$D:$D,$A3,Base_linha_a_linha!$E:$E,VALUE(RIGHT(B$1,1))),0) -> 17.687664 | C3: =IFERROR(SUMIFS(Base_linha_a_linha!$H:$H,Base_linha_a_linha!$D:$D,$A3,Base_linha_a_linha!$E:$E,VALUE(RIGHT(C$1,1)))/1000/SUMIFS(Base_linha_a_linha!$F:$F,Base_linha_a_linha!$D:$D,$A3,Base_linha_a_linha!$E:$E,VALUE(RIGHT(C$1,1))),0) -> 15.598813 | D3: =IFERROR(SUMIFS(Base_linha_a_linha!$H:$H,Base_linha_a_linha!$D:$D,$A3,Base_linha_a_linha!$E:$E,VALUE(RIGHT(D$1,1)))/1000/SUMIFS(Base_linha_a_linha!$F:$F,Base_linha_a_linha!$D:$D,$A3,Base_linha_a_linha!$E:$E,VALUE(RIGHT(D$1,1))),0) -> 13.513787 | E3: =IFERROR(SUMIFS(Base_linha_a_linha!$H:$H,Base_linha_a_linha!$D:$D,$A3,Base_linha_a_linha!$E:$E,VALUE(RIGHT(E$1,1)))/1000/SUMIFS(Base_linha_a_linha!$F:$F,Base_linha_a_linha!$D:$D,$A3,Base_linha_a_linha!$E:$E,VALUE(RIGHT(E$1,1))),0) -> 0 | F3: =IFERROR(SUMIFS(Base_linha_a_linha!$H:$H,Base_linha_a_linha!$D:$D,$A3,Base_linha_a_linha!$E:$E,VALUE(RIGHT(F$1,1)))/1000/SUMIFS(Base_linha_a_linha!$F:$F,Base_linha_a_linha!$D:$D,$A3,Base_linha_a_linha!$E:$E,VALUE(RIGHT(F$1,1))),0) -> 0 | G3: =IFERROR(SUMIFS(Base_linha_a_linha!$H:$H,Base_linha_a_linha!$D:$D,$A3,Base_linha_a_linha!$E:$E,VALUE(RIGHT(G$1,1)))/1000/SUMIFS(Base_linha_a_linha!$F:$F,Base_linha_a_linha!$D:$D,$A3,Base_linha_a_linha!$E:$E,VALUE(RIGHT(G$1,1))),0) -> 0 | H3: =IFERROR(SUMIFS(Base_linha_a_linha!$H:$H,Base_linha_a_linha!$D:$D,$A3,Base_linha_a_linha!$E:$E,VALUE(RIGHT(H$1,1)))/1000/SUMIFS(Base_linha_a_linha!$F:$F,Base_linha_a_linha!$D:$D,$A3,Base_linha_a_linha!$E:$E,VALUE(RIGHT(H$1,1))),0) -> 0 | I3: =IFERROR(AVERAGEIF(B3:H3,">0"),0) -> 15.600088 | J3: =COUNTIF(B3:H3,">0") -> 3 | K3: =SUMIFS(Base_linha_a_linha!$F:$F,Base_linha_a_linha!$D:$D,$A3) -> 58.85 | L3: =IFERROR(SUMIFS(Base_linha_a_linha!$H:$H,Base_linha_a_linha!$D:$D,$A3)/1000/SUMIFS(Base_linha_a_linha!$F:$F,Base_linha_a_linha!$D:$D,$A3),0) -> 16.08789
A4: CTC9003BT | B4: =IFERROR(SUMIFS(Base_linha_a_linha!$H:$H,Base_linha_a_linha!$D:$D,$A4,Base_linha_a_linha!$E:$E,VALUE(RIGHT(B$1,1)))/1000/SUMIFS(Base_linha_a_linha!$F:$F,Base_linha_a_linha!$D:$D,$A4,Base_linha_a_linha!$E:$E,VALUE(RIGHT(B$1,1))),0) -> 16.441686 | C4: =IFERROR(SUMIFS(Base_linha_a_linha!$H:$H,Base_linha_a_linha!$D:$D,$A4,Base_linha_a_linha!$E:$E,VALUE(RIGHT(C$1,1)))/1000/SUMIFS(Base_linha_a_linha!$F:$F,Base_linha_a_linha!$D:$D,$A4,Base_linha_a_linha!$E:$E,VALUE(RIGHT(C$1,1))),0) -> 16.436425 | D4: =IFERROR(SUMIFS(Base_linha_a_linha!$H:$H,Base_linha_a_linha!$D:$D,$A4,Base_linha_a_linha!$E:$E,VALUE(RIGHT(D$1,1)))/1000/SUMIFS(Base_linha_a_linha!$F:$F,Base_linha_a_linha!$D:$D,$A4,Base_linha_a_linha!$E:$E,VALUE(RIGHT(D$1,1))),0) -> 12.779894 | E4: =IFERROR(SUMIFS(Base_linha_a_linha!$H:$H,Base_linha_a_linha!$D:$D,$A4,Base_linha_a_linha!$E:$E,VALUE(RIGHT(E$1,1)))/1000/SUMIFS(Base_linha_a_linha!$F:$F,Base_linha_a_linha!$D:$D,$A4,Base_linha_a_linha!$E:$E,VALUE(RIGHT(E$1,1))),0) -> 8.5924397 | F4: =IFERROR(SUMIFS(Base_linha_a_linha!$H:$H,Base_linha_a_linha!$D:$D,$A4,Base_linha_a_linha!$E:$E,VALUE(RIGHT(F$1,1)))/1000/SUMIFS(Base_linha_a_linha!$F:$F,Base_linha_a_linha!$D:$D,$A4,Base_linha_a_linha!$E:$E,VALUE(RIGHT(F$1,1))),0) -> 0 | G4: =IFERROR(SUMIFS(Base_linha_a_linha!$H:$H,Base_linha_a_linha!$D:$D,$A4,Base_linha_a_linha!$E:$E,VALUE(RIGHT(G$1,1)))/1000/SUMIFS(Base_linha_a_linha!$F:$F,Base_linha_a_linha!$D:$D,$A4,Base_linha_a_linha!$E:$E,VALUE(RIGHT(G$1,1))),0) -> 0 | H4: =IFERROR(SUMIFS(Base_linha_a_linha!$H:$H,Base_linha_a_linha!$D:$D,$A4,Base_linha_a_linha!$E:$E,VALUE(RIGHT(H$1,1)))/1000/SUMIFS(Base_linha_a_linha!$F:$F,Base_linha_a_linha!$D:$D,$A4,Base_linha_a_linha!$E:$E,VALUE(RIGHT(H$1,1))),0) -> 0 | I4: =IFERROR(AVERAGEIF(B4:H4,">0"),0) -> 13.562611 | J4: =COUNTIF(B4:H4,">0") -> 4 | K4: =SUMIFS(Base_linha_a_linha!$F:$F,Base_linha_a_linha!$D:$D,$A4) -> 224.99 | L4: =IFERROR(SUMIFS(Base_linha_a_linha!$H:$H,Base_linha_a_linha!$D:$D,$A4)/1000/SUMIFS(Base_linha_a_linha!$F:$F,Base_linha_a_linha!$D:$D,$A4),0) -> 14.062059
A5: CV7870 | B5: =IFERROR(SUMIFS(Base_linha_a_linha!$H:$H,Base_linha_a_linha!$D:$D,$A5,Base_linha_a_linha!$E:$E,VALUE(RIGHT(B$1,1)))/1000/SUMIFS(Base_linha_a_linha!$F:$F,Base_linha_a_linha!$D:$D,$A5,Base_linha_a_linha!$E:$E,VALUE(RIGHT(B$1,1))),0) -> 12.923202 | C5: =IFERROR(SUMIFS(Base_linha_a_linha!$H:$H,Base_linha_a_linha!$D:$D,$A5,Base_linha_a_linha!$E:$E,VALUE(RIGHT(C$1,1)))/1000/SUMIFS(Base_linha_a_linha!$F:$F,Base_linha_a_linha!$D:$D,$A5,Base_linha_a_linha!$E:$E,VALUE(RIGHT(C$1,1))),0) -> 0 | D5: =IFERROR(SUMIFS(Base_linha_a_linha!$H:$H,Base_linha_a_linha!$D:$D,$A5,Base_linha_a_linha!$E:$E,VALUE(RIGHT(D$1,1)))/1000/SUMIFS(Base_linha_a_linha!$F:$F,Base_linha_a_linha!$D:$D,$A5,Base_linha_a_linha!$E:$E,VALUE(RIGHT(D$1,1))),0) -> 0 | E5: =IFERROR(SUMIFS(Base_linha_a_linha!$H:$H,Base_linha_a_linha!$D:$D,$A5,Base_linha_a_linha!$E:$E,VALUE(RIGHT(E$1,1)))/1000/SUMIFS(Base_linha_a_linha!$F:$F,Base_linha_a_linha!$D:$D,$A5,Base_linha_a_linha!$E:$E,VALUE(RIGHT(E$1,1))),0) -> 0 | F5: =IFERROR(SUMIFS(Base_linha_a_linha!$H:$H,Base_linha_a_linha!$D:$D,$A5,Base_linha_a_linha!$E:$E,VALUE(RIGHT(F$1,1)))/1000/SUMIFS(Base_linha_a_linha!$F:$F,Base_linha_a_linha!$D:$D,$A5,Base_linha_a_linha!$E:$E,VALUE(RIGHT(F$1,1))),0) -> 0 | G5: =IFERROR(SUMIFS(Base_linha_a_linha!$H:$H,Base_linha_a_linha!$D:$D,$A5,Base_linha_a_linha!$E:$E,VALUE(RIGHT(G$1,1)))/1000/SUMIFS(Base_linha_a_linha!$F:$F,Base_linha_a_linha!$D:$D,$A5,Base_linha_a_linha!$E:$E,VALUE(RIGHT(G$1,1))),0) -> 0 | H5: =IFERROR(SUMIFS(Base_linha_a_linha!$H:$H,Base_linha_a_linha!$D:$D,$A5,Base_linha_a_linha!$E:$E,VALUE(RIGHT(H$1,1)))/1000/SUMIFS(Base_linha_a_linha!$F:$F,Base_linha_a_linha!$D:$D,$A5,Base_linha_a_linha!$E:$E,VALUE(RIGHT(H$1,1))),0) -> 0 | I5: =IFERROR(AVERAGEIF(B5:H5,">0"),0) -> 12.923202 | J5: =COUNTIF(B5:H5,">0") -> 1 | K5: =SUMIFS(Base_linha_a_linha!$F:$F,Base_linha_a_linha!$D:$D,$A5) -> 195.94 | L5: =IFERROR(SUMIFS(Base_linha_a_linha!$H:$H,Base_linha_a_linha!$D:$D,$A5)/1000/SUMIFS(Base_linha_a_linha!$F:$F,Base_linha_a_linha!$D:$D,$A5),0) -> 12.923202
A6: IACSP04-6007 | B6: =IFERROR(SUMIFS(Base_linha_a_linha!$H:$H,Base_linha_a_linha!$D:$D,$A6,Base_linha_a_linha!$E:$E,VALUE(RIGHT(B$1,1)))/1000/SUMIFS(Base_linha_a_linha!$F:$F,Base_linha_a_linha!$D:$D,$A6,Base_linha_a_linha!$E:$E,VALUE(RIGHT(B$1,1))),0) -> 13.80521 | C6: =IFERROR(SUMIFS(Base_linha_a_linha!$H:$H,Base_linha_a_linha!$D:$D,$A6,Base_linha_a_linha!$E:$E,VALUE(RIGHT(C$1,1)))/1000/SUMIFS(Base_linha_a_linha!$F:$F,Base_linha_a_linha!$D:$D,$A6,Base_linha_a_linha!$E:$E,VALUE(RIGHT(C$1,1))),0) -> 12.935461 | D6: =IFERROR(SUMIFS(Base_linha_a_linha!$H:$H,Base_linha_a_linha!$D:$D,$A6,Base_linha_a_linha!$E:$E,VALUE(RIGHT(D$1,1)))/1000/SUMIFS(Base_linha_a_linha!$F:$F,Base_linha_a_linha!$D:$D,$A6,Base_linha_a_linha!$E:$E,VALUE(RIGHT(D$1,1))),0) -> 11.969002 | E6: =IFERROR(SUMIFS(Base_linha_a_linha!$H:$H,Base_linha_a_linha!$D:$D,$A6,Base_linha_a_linha!$E:$E,VALUE(RIGHT(E$1,1)))/1000/SUMIFS(Base_linha_a_linha!$F:$F,Base_linha_a_linha!$D:$D,$A6,Base_linha_a_linha!$E:$E,VALUE(RIGHT(E$1,1))),0) -> 0 | F6: =IFERROR(SUMIFS(Base_linha_a_linha!$H:$H,Base_linha_a_linha!$D:$D,$A6,Base_linha_a_linha!$E:$E,VALUE(RIGHT(F$1,1)))/1000/SUMIFS(Base_linha_a_linha!$F:$F,Base_linha_a_linha!$D:$D,$A6,Base_linha_a_linha!$E:$E,VALUE(RIGHT(F$1,1))),0) -> 0 | G6: =IFERROR(SUMIFS(Base_linha_a_linha!$H:$H,Base_linha_a_linha!$D:$D,$A6,Base_linha_a_linha!$E:$E,VALUE(RIGHT(G$1,1)))/1000/SUMIFS(Base_linha_a_linha!$F:$F,Base_linha_a_linha!$D:$D,$A6,Base_linha_a_linha!$E:$E,VALUE(RIGHT(G$1,1))),0) -> 0 | H6: =IFERROR(SUMIFS(Base_linha_a_linha!$H:$H,Base_linha_a_linha!$D:$D,$A6,Base_linha_a_linha!$E:$E,VALUE(RIGHT(H$1,1)))/1000/SUMIFS(Base_linha_a_linha!$F:$F,Base_linha_a_linha!$D:$D,$A6,Base_linha_a_linha!$E:$E,VALUE(RIGHT(H$1,1))),0) -> 0 | I6: =IFERROR(AVERAGEIF(B6:H6,">0"),0) -> 12.903224 | J6: =COUNTIF(B6:H6,">0") -> 3 | K6: =SUMIFS(Base_linha_a_linha!$F:$F,Base_linha_a_linha!$D:$D,$A6) -> 937.33 | L6: =IFERROR(SUMIFS(Base_linha_a_linha!$H:$H,Base_linha_a_linha!$D:$D,$A6)/1000/SUMIFS(Base_linha_a_linha!$F:$F,Base_linha_a_linha!$D:$D,$A6),0) -> 13.521039
A7: CTC9004 | B7: =IFERROR(SUMIFS(Base_linha_a_linha!$H:$H,Base_linha_a_linha!$D:$D,$A7,Base_linha_a_linha!$E:$E,VALUE(RIGHT(B$1,1)))/1000/SUMIFS(Base_linha_a_linha!$F:$F,Base_linha_a_linha!$D:$D,$A7,Base_linha_a_linha!$E:$E,VALUE(RIGHT(B$1,1))),0) -> 14.566127 | C7: =IFERROR(SUMIFS(Base_linha_a_linha!$H:$H,Base_linha_a_linha!$D:$D,$A7,Base_linha_a_linha!$E:$E,VALUE(RIGHT(C$1,1)))/1000/SUMIFS(Base_linha_a_linha!$F:$F,Base_linha_a_linha!$D:$D,$A7,Base_linha_a_linha!$E:$E,VALUE(RIGHT(C$1,1))),0) -> 0 | D7: =IFERROR(SUMIFS(Base_linha_a_linha!$H:$H,Base_linha_a_linha!$D:$D,$A7,Base_linha_a_linha!$E:$E,VALUE(RIGHT(D$1,1)))/1000/SUMIFS(Base_linha_a_linha!$F:$F,Base_linha_a_linha!$D:$D,$A7,Base_linha_a_linha!$E:$E,VALUE(RIGHT(D$1,1))),0) -> 0 | E7: =IFERROR(SUMIFS(Base_linha_a_linha!$H:$H,Base_linha_a_linha!$D:$D,$A7,Base_linha_a_linha!$E:$E,VALUE(RIGHT(E$1,1)))/1000/SUMIFS(Base_linha_a_linha!$F:$F,Base_linha_a_linha!$D:$D,$A7,Base_linha_a_linha!$E:$E,VALUE(RIGHT(E$1,1))),0) -> 11.148243 | F7: =IFERROR(SUMIFS(Base_linha_a_linha!$H:$H,Base_linha_a_linha!$D:$D,$A7,Base_linha_a_linha!$E:$E,VALUE(RIGHT(F$1,1)))/1000/SUMIFS(Base_linha_a_linha!$F:$F,Base_linha_a_linha!$D:$D,$A7,Base_linha_a_linha!$E:$E,VALUE(RIGHT(F$1,1))),0) -> 0 | G7: =IFERROR(SUMIFS(Base_linha_a_linha!$H:$H,Base_linha_a_linha!$D:$D,$A7,Base_linha_a_linha!$E:$E,VALUE(RIGHT(G$1,1)))/1000/SUMIFS(Base_linha_a_linha!$F:$F,Base_linha_a_linha!$D:$D,$A7,Base_linha_a_linha!$E:$E,VALUE(RIGHT(G$1,1))),0) -> 0 | H7: =IFERROR(SUMIFS(Base_linha_a_linha!$H:$H,Base_linha_a_linha!$D:$D,$A7,Base_linha_a_linha!$E:$E,VALUE(RIGHT(H$1,1)))/1000/SUMIFS(Base_linha_a_linha!$F:$F,Base_linha_a_linha!$D:$D,$A7,Base_linha_a_linha!$E:$E,VALUE(RIGHT(H$1,1))),0) -> 0 | I7: =IFERROR(AVERAGEIF(B7:H7,">0"),0) -> 12.857185 | J7: =COUNTIF(B7:H7,">0") -> 2 | K7: =SUMIFS(Base_linha_a_linha!$F:$F,Base_linha_a_linha!$D:$D,$A7) -> 95.42 | L7: =IFERROR(SUMIFS(Base_linha_a_linha!$H:$H,Base_linha_a_linha!$D:$D,$A7)/1000/SUMIFS(Base_linha_a_linha!$F:$F,Base_linha_a_linha!$D:$D,$A7),0) -> 14.410671
A8: CTC1007 | B8: =IFERROR(SUMIFS(Base_linha_a_linha!$H:$H,Base_linha_a_linha!$D:$D,$A8,Base_linha_a_linha!$E:$E,VALUE(RIGHT(B$1,1)))/1000/SUMIFS(Base_linha_a_linha!$F:$F,Base_linha_a_linha!$D:$D,$A8,Base_linha_a_linha!$E:$E,VALUE(RIGHT(B$1,1))),0) -> 12.619942 | C8: =IFERROR(SUMIFS(Base_linha_a_linha!$H:$H,Base_linha_a_linha!$D:$D,$A8,Base_linha_a_linha!$E:$E,VALUE(RIGHT(C$1,1)))/1000/SUMIFS(Base_linha_a_linha!$F:$F,Base_linha_a_linha!$D:$D,$A8,Base_linha_a_linha!$E:$E,VALUE(RIGHT(C$1,1))),0) -> 0 | D8: =IFERROR(SUMIFS(Base_linha_a_linha!$H:$H,Base_linha_a_linha!$D:$D,$A8,Base_linha_a_linha!$E:$E,VALUE(RIGHT(D$1,1)))/1000/SUMIFS(Base_linha_a_linha!$F:$F,Base_linha_a_linha!$D:$D,$A8,Base_linha_a_linha!$E:$E,VALUE(RIGHT(D$1,1))),0) -> 0 | E8: =IFERROR(SUMIFS(Base_linha_a_linha!$H:$H,Base_linha_a_linha!$D:$D,$A8,Base_linha_a_linha!$E:$E,VALUE(RIGHT(E$1,1)))/1000/SUMIFS(Base_linha_a_linha!$F:$F,Base_linha_a_linha!$D:$D,$A8,Base_linha_a_linha!$E:$E,VALUE(RIGHT(E$1,1))),0) -> 0 | F8: =IFERROR(SUMIFS(Base_linha_a_linha!$H:$H,Base_linha_a_linha!$D:$D,$A8,Base_linha_a_linha!$E:$E,VALUE(RIGHT(F$1,1)))/1000/SUMIFS(Base_linha_a_linha!$F:$F,Base_linha_a_linha!$D:$D,$A8,Base_linha_a_linha!$E:$E,VALUE(RIGHT(F$1,1))),0) -> 0 | G8: =IFERROR(SUMIFS(Base_linha_a_linha!$H:$H,Base_linha_a_linha!$D:$D,$A8,Base_linha_a_linha!$E:$E,VALUE(RIGHT(G$1,1)))/1000/SUMIFS(Base_linha_a_linha!$F:$F,Base_linha_a_linha!$D:$D,$A8,Base_linha_a_linha!$E:$E,VALUE(RIGHT(G$1,1))),0) -> 0 | H8: =IFERROR(SUMIFS(Base_linha_a_linha!$H:$H,Base_linha_a_linha!$D:$D,$A8,Base_linha_a_linha!$E:$E,VALUE(RIGHT(H$1,1)))/1000/SUMIFS(Base_linha_a_linha!$F:$F,Base_linha_a_linha!$D:$D,$A8,Base_linha_a_linha!$E:$E,VALUE(RIGHT(H$1,1))),0) -> 0 | I8: =IFERROR(AVERAGEIF(B8:H8,">0"),0) -> 12.619942 | J8: =COUNTIF(B8:H8,">0") -> 1 | K8: =SUMIFS(Base_linha_a_linha!$F:$F,Base_linha_a_linha!$D:$D,$A8) -> 342.49 | L8: =IFERROR(SUMIFS(Base_linha_a_linha!$H:$H,Base_linha_a_linha!$D:$D,$A8)/1000/SUMIFS(Base_linha_a_linha!$F:$F,Base_linha_a_linha!$D:$D,$A8),0) -> 12.619942
A9: CTC9006 | B9: =IFERROR(SUMIFS(Base_linha_a_linha!$H:$H,Base_linha_a_linha!$D:$D,$A9,Base_linha_a_linha!$E:$E,VALUE(RIGHT(B$1,1)))/1000/SUMIFS(Base_linha_a_linha!$F:$F,Base_linha_a_linha!$D:$D,$A9,Base_linha_a_linha!$E:$E,VALUE(RIGHT(B$1,1))),0) -> 15.166844 | C9: =IFERROR(SUMIFS(Base_linha_a_linha!$H:$H,Base_linha_a_linha!$D:$D,$A9,Base_linha_a_linha!$E:$E,VALUE(RIGHT(C$1,1)))/1000/SUMIFS(Base_linha_a_linha!$F:$F,Base_linha_a_linha!$D:$D,$A9,Base_linha_a_linha!$E:$E,VALUE(RIGHT(C$1,1))),0) -> 13.123065 | D9: =IFERROR(SUMIFS(Base_linha_a_linha!$H:$H,Base_linha_a_linha!$D:$D,$A9,Base_linha_a_linha!$E:$E,VALUE(RIGHT(D$1,1)))/1000/SUMIFS(Base_linha_a_linha!$F:$F,Base_linha_a_linha!$D:$D,$A9,Base_linha_a_linha!$E:$E,VALUE(RIGHT(D$1,1))),0) -> 11.464103 | E9: =IFERROR(SUMIFS(Base_linha_a_linha!$H:$H,Base_linha_a_linha!$D:$D,$A9,Base_linha_a_linha!$E:$E,VALUE(RIGHT(E$1,1)))/1000/SUMIFS(Base_linha_a_linha!$F:$F,Base_linha_a_linha!$D:$D,$A9,Base_linha_a_linha!$E:$E,VALUE(RIGHT(E$1,1))),0) -> 11.728651 | F9: =IFERROR(SUMIFS(Base_linha_a_linha!$H:$H,Base_linha_a_linha!$D:$D,$A9,Base_linha_a_linha!$E:$E,VALUE(RIGHT(F$1,1)))/1000/SUMIFS(Base_linha_a_linha!$F:$F,Base_linha_a_linha!$D:$D,$A9,Base_linha_a_linha!$E:$E,VALUE(RIGHT(F$1,1))),0) -> 9.5508073 | G9: =IFERROR(SUMIFS(Base_linha_a_linha!$H:$H,Base_linha_a_linha!$D:$D,$A9,Base_linha_a_linha!$E:$E,VALUE(RIGHT(G$1,1)))/1000/SUMIFS(Base_linha_a_linha!$F:$F,Base_linha_a_linha!$D:$D,$A9,Base_linha_a_linha!$E:$E,VALUE(RIGHT(G$1,1))),0) -> 0 | H9: =IFERROR(SUMIFS(Base_linha_a_linha!$H:$H,Base_linha_a_linha!$D:$D,$A9,Base_linha_a_linha!$E:$E,VALUE(RIGHT(H$1,1)))/1000/SUMIFS(Base_linha_a_linha!$F:$F,Base_linha_a_linha!$D:$D,$A9,Base_linha_a_linha!$E:$E,VALUE(RIGHT(H$1,1))),0) -> 0 | I9: =IFERROR(AVERAGEIF(B9:H9,">0"),0) -> 12.206694 | J9: =COUNTIF(B9:H9,">0") -> 5 | K9: =SUMIFS(Base_linha_a_linha!$F:$F,Base_linha_a_linha!$D:$D,$A9) -> 6851.24 | L9: =IFERROR(SUMIFS(Base_linha_a_linha!$H:$H,Base_linha_a_linha!$D:$D,$A9)/1000/SUMIFS(Base_linha_a_linha!$F:$F,Base_linha_a_linha!$D:$D,$A9),0) -> 13.802882
A10: CTC9001BT | B10: =IFERROR(SUMIFS(Base_linha_a_linha!$H:$H,Base_linha_a_linha!$D:$D,$A10,Base_linha_a_linha!$E:$E,VALUE(RIGHT(B$1,1)))/1000/SUMIFS(Base_linha_a_linha!$F:$F,Base_linha_a_linha!$D:$D,$A10,Base_linha_a_linha!$E:$E,VALUE(RIGHT(B$1,1))),0) -> 13.54824 | C10: =IFERROR(SUMIFS(Base_linha_a_linha!$H:$H,Base_linha_a_linha!$D:$D,$A10,Base_linha_a_linha!$E:$E,VALUE(RIGHT(C$1,1)))/1000/SUMIFS(Base_linha_a_linha!$F:$F,Base_linha_a_linha!$D:$D,$A10,Base_linha_a_linha!$E:$E,VALUE(RIGHT(C$1,1))),0) -> 14.841034 | D10: =IFERROR(SUMIFS(Base_linha_a_linha!$H:$H,Base_linha_a_linha!$D:$D,$A10,Base_linha_a_linha!$E:$E,VALUE(RIGHT(D$1,1)))/1000/SUMIFS(Base_linha_a_linha!$F:$F,Base_linha_a_linha!$D:$D,$A10,Base_linha_a_linha!$E:$E,VALUE(RIGHT(D$1,1))),0) -> 10.519892 | E10: =IFERROR(SUMIFS(Base_linha_a_linha!$H:$H,Base_linha_a_linha!$D:$D,$A10,Base_linha_a_linha!$E:$E,VALUE(RIGHT(E$1,1)))/1000/SUMIFS(Base_linha_a_linha!$F:$F,Base_linha_a_linha!$D:$D,$A10,Base_linha_a_linha!$E:$E,VALUE(RIGHT(E$1,1))),0) -> 9.7303184 | F10: =IFERROR(SUMIFS(Base_linha_a_linha!$H:$H,Base_linha_a_linha!$D:$D,$A10,Base_linha_a_linha!$E:$E,VALUE(RIGHT(F$1,1)))/1000/SUMIFS(Base_linha_a_linha!$F:$F,Base_linha_a_linha!$D:$D,$A10,Base_linha_a_linha!$E:$E,VALUE(RIGHT(F$1,1))),0) -> 0 | G10: =IFERROR(SUMIFS(Base_linha_a_linha!$H:$H,Base_linha_a_linha!$D:$D,$A10,Base_linha_a_linha!$E:$E,VALUE(RIGHT(G$1,1)))/1000/SUMIFS(Base_linha_a_linha!$F:$F,Base_linha_a_linha!$D:$D,$A10,Base_linha_a_linha!$E:$E,VALUE(RIGHT(G$1,1))),0) -> 0 | H10: =IFERROR(SUMIFS(Base_linha_a_linha!$H:$H,Base_linha_a_linha!$D:$D,$A10,Base_linha_a_linha!$E:$E,VALUE(RIGHT(H$1,1)))/1000/SUMIFS(Base_linha_a_linha!$F:$F,Base_linha_a_linha!$D:$D,$A10,Base_linha_a_linha!$E:$E,VALUE(RIGHT(H$1,1))),0) -> 0 | I10: =IFERROR(AVERAGEIF(B10:H10,">0"),0) -> 12.159871 | J10: =COUNTIF(B10:H10,">0") -> 4 | K10: =SUMIFS(Base_linha_a_linha!$F:$F,Base_linha_a_linha!$D:$D,$A10) -> 7111.55 | L10: =IFERROR(SUMIFS(Base_linha_a_linha!$H:$H,Base_linha_a_linha!$D:$D,$A10)/1000/SUMIFS(Base_linha_a_linha!$F:$F,Base_linha_a_linha!$D:$D,$A10),0) -> 12.398233
A11: CTC9007 | B11: =IFERROR(SUMIFS(Base_linha_a_linha!$H:$H,Base_linha_a_linha!$D:$D,$A11,Base_linha_a_linha!$E:$E,VALUE(RIGHT(B$1,1)))/1000/SUMIFS(Base_linha_a_linha!$F:$F,Base_linha_a_linha!$D:$D,$A11,Base_linha_a_linha!$E:$E,VALUE(RIGHT(B$1,1))),0) -> 15.478772 | C11: =IFERROR(SUMIFS(Base_linha_a_linha!$H:$H,Base_linha_a_linha!$D:$D,$A11,Base_linha_a_linha!$E:$E,VALUE(RIGHT(C$1,1)))/1000/SUMIFS(Base_linha_a_linha!$F:$F,Base_linha_a_linha!$D:$D,$A11,Base_linha_a_linha!$E:$E,VALUE(RIGHT(C$1,1))),0) -> 14.173295 | D11: =IFERROR(SUMIFS(Base_linha_a_linha!$H:$H,Base_linha_a_linha!$D:$D,$A11,Base_linha_a_linha!$E:$E,VALUE(RIGHT(D$1,1)))/1000/SUMIFS(Base_linha_a_linha!$F:$F,Base_linha_a_linha!$D:$D,$A11,Base_linha_a_linha!$E:$E,VALUE(RIGHT(D$1,1))),0) -> 10.486858 | E11: =IFERROR(SUMIFS(Base_linha_a_linha!$H:$H,Base_linha_a_linha!$D:$D,$A11,Base_linha_a_linha!$E:$E,VALUE(RIGHT(E$1,1)))/1000/SUMIFS(Base_linha_a_linha!$F:$F,Base_linha_a_linha!$D:$D,$A11,Base_linha_a_linha!$E:$E,VALUE(RIGHT(E$1,1))),0) -> 8.198113 | F11: =IFERROR(SUMIFS(Base_linha_a_linha!$H:$H,Base_linha_a_linha!$D:$D,$A11,Base_linha_a_linha!$E:$E,VALUE(RIGHT(F$1,1)))/1000/SUMIFS(Base_linha_a_linha!$F:$F,Base_linha_a_linha!$D:$D,$A11,Base_linha_a_linha!$E:$E,VALUE(RIGHT(F$1,1))),0) -> 0 | G11: =IFERROR(SUMIFS(Base_linha_a_linha!$H:$H,Base_linha_a_linha!$D:$D,$A11,Base_linha_a_linha!$E:$E,VALUE(RIGHT(G$1,1)))/1000/SUMIFS(Base_linha_a_linha!$F:$F,Base_linha_a_linha!$D:$D,$A11,Base_linha_a_linha!$E:$E,VALUE(RIGHT(G$1,1))),0) -> 0 | H11: =IFERROR(SUMIFS(Base_linha_a_linha!$H:$H,Base_linha_a_linha!$D:$D,$A11,Base_linha_a_linha!$E:$E,VALUE(RIGHT(H$1,1)))/1000/SUMIFS(Base_linha_a_linha!$F:$F,Base_linha_a_linha!$D:$D,$A11,Base_linha_a_linha!$E:$E,VALUE(RIGHT(H$1,1))),0) -> 0 | I11: =IFERROR(AVERAGEIF(B11:H11,">0"),0) -> 12.084259 | J11: =COUNTIF(B11:H11,">0") -> 4 | K11: =SUMIFS(Base_linha_a_linha!$F:$F,Base_linha_a_linha!$D:$D,$A11) -> 3412.37 | L11: =IFERROR(SUMIFS(Base_linha_a_linha!$H:$H,Base_linha_a_linha!$D:$D,$A11)/1000/SUMIFS(Base_linha_a_linha!$F:$F,Base_linha_a_linha!$D:$D,$A11),0) -> 13.606544
A12: RB075322 | B12: =IFERROR(SUMIFS(Base_linha_a_linha!$H:$H,Base_linha_a_linha!$D:$D,$A12,Base_linha_a_linha!$E:$E,VALUE(RIGHT(B$1,1)))/1000/SUMIFS(Base_linha_a_linha!$F:$F,Base_linha_a_linha!$D:$D,$A12,Base_linha_a_linha!$E:$E,VALUE(RIGHT(B$1,1))),0) -> 11.745395 | C12: =IFERROR(SUMIFS(Base_linha_a_linha!$H:$H,Base_linha_a_linha!$D:$D,$A12,Base_linha_a_linha!$E:$E,VALUE(RIGHT(C$1,1)))/1000/SUMIFS(Base_linha_a_linha!$F:$F,Base_linha_a_linha!$D:$D,$A12,Base_linha_a_linha!$E:$E,VALUE(RIGHT(C$1,1))),0) -> 12.265259 | D12: =IFERROR(SUMIFS(Base_linha_a_linha!$H:$H,Base_linha_a_linha!$D:$D,$A12,Base_linha_a_linha!$E:$E,VALUE(RIGHT(D$1,1)))/1000/SUMIFS(Base_linha_a_linha!$F:$F,Base_linha_a_linha!$D:$D,$A12,Base_linha_a_linha!$E:$E,VALUE(RIGHT(D$1,1))),0) -> 0 | E12: =IFERROR(SUMIFS(Base_linha_a_linha!$H:$H,Base_linha_a_linha!$D:$D,$A12,Base_linha_a_linha!$E:$E,VALUE(RIGHT(E$1,1)))/1000/SUMIFS(Base_linha_a_linha!$F:$F,Base_linha_a_linha!$D:$D,$A12,Base_linha_a_linha!$E:$E,VALUE(RIGHT(E$1,1))),0) -> 0 | F12: =IFERROR(SUMIFS(Base_linha_a_linha!$H:$H,Base_linha_a_linha!$D:$D,$A12,Base_linha_a_linha!$E:$E,VALUE(RIGHT(F$1,1)))/1000/SUMIFS(Base_linha_a_linha!$F:$F,Base_linha_a_linha!$D:$D,$A12,Base_linha_a_linha!$E:$E,VALUE(RIGHT(F$1,1))),0) -> 0 | G12: =IFERROR(SUMIFS(Base_linha_a_linha!$H:$H,Base_linha_a_linha!$D:$D,$A12,Base_linha_a_linha!$E:$E,VALUE(RIGHT(G$1,1)))/1000/SUMIFS(Base_linha_a_linha!$F:$F,Base_linha_a_linha!$D:$D,$A12,Base_linha_a_linha!$E:$E,VALUE(RIGHT(G$1,1))),0) -> 0 | H12: =IFERROR(SUMIFS(Base_linha_a_linha!$H:$H,Base_linha_a_linha!$D:$D,$A12,Base_linha_a_linha!$E:$E,VALUE(RIGHT(H$1,1)))/1000/SUMIFS(Base_linha_a_linha!$F:$F,Base_linha_a_linha!$D:$D,$A12,Base_linha_a_linha!$E:$E,VALUE(RIGHT(H$1,1))),0) -> 0 | I12: =IFERROR(AVERAGEIF(B12:H12,">0"),0) -> 12.005327 | J12: =COUNTIF(B12:H12,">0") -> 2 | K12: =SUMIFS(Base_linha_a_linha!$F:$F,Base_linha_a_linha!$D:$D,$A12) -> 56.15 | L12: =IFERROR(SUMIFS(Base_linha_a_linha!$H:$H,Base_linha_a_linha!$D:$D,$A12)/1000/SUMIFS(Base_linha_a_linha!$F:$F,Base_linha_a_linha!$D:$D,$A12),0) -> 11.799557
A13: RB985476 | B13: =IFERROR(SUMIFS(Base_linha_a_linha!$H:$H,Base_linha_a_linha!$D:$D,$A13,Base_linha_a_linha!$E:$E,VALUE(RIGHT(B$1,1)))/1000/SUMIFS(Base_linha_a_linha!$F:$F,Base_linha_a_linha!$D:$D,$A13,Base_linha_a_linha!$E:$E,VALUE(RIGHT(B$1,1))),0) -> 14.88988 | C13: =IFERROR(SUMIFS(Base_linha_a_linha!$H:$H,Base_linha_a_linha!$D:$D,$A13,Base_linha_a_linha!$E:$E,VALUE(RIGHT(C$1,1)))/1000/SUMIFS(Base_linha_a_linha!$F:$F,Base_linha_a_linha!$D:$D,$A13,Base_linha_a_linha!$E:$E,VALUE(RIGHT(C$1,1))),0) -> 12.619551 | D13: =IFERROR(SUMIFS(Base_linha_a_linha!$H:$H,Base_linha_a_linha!$D:$D,$A13,Base_linha_a_linha!$E:$E,VALUE(RIGHT(D$1,1)))/1000/SUMIFS(Base_linha_a_linha!$F:$F,Base_linha_a_linha!$D:$D,$A13,Base_linha_a_linha!$E:$E,VALUE(RIGHT(D$1,1))),0) -> 11.676782 | E13: =IFERROR(SUMIFS(Base_linha_a_linha!$H:$H,Base_linha_a_linha!$D:$D,$A13,Base_linha_a_linha!$E:$E,VALUE(RIGHT(E$1,1)))/1000/SUMIFS(Base_linha_a_linha!$F:$F,Base_linha_a_linha!$D:$D,$A13,Base_linha_a_linha!$E:$E,VALUE(RIGHT(E$1,1))),0) -> 8.6046932 | F13: =IFERROR(SUMIFS(Base_linha_a_linha!$H:$H,Base_linha_a_linha!$D:$D,$A13,Base_linha_a_linha!$E:$E,VALUE(RIGHT(F$1,1)))/1000/SUMIFS(Base_linha_a_linha!$F:$F,Base_linha_a_linha!$D:$D,$A13,Base_linha_a_linha!$E:$E,VALUE(RIGHT(F$1,1))),0) -> 0 | G13: =IFERROR(SUMIFS(Base_linha_a_linha!$H:$H,Base_linha_a_linha!$D:$D,$A13,Base_linha_a_linha!$E:$E,VALUE(RIGHT(G$1,1)))/1000/SUMIFS(Base_linha_a_linha!$F:$F,Base_linha_a_linha!$D:$D,$A13,Base_linha_a_linha!$E:$E,VALUE(RIGHT(G$1,1))),0) -> 0 | H13: =IFERROR(SUMIFS(Base_linha_a_linha!$H:$H,Base_linha_a_linha!$D:$D,$A13,Base_linha_a_linha!$E:$E,VALUE(RIGHT(H$1,1)))/1000/SUMIFS(Base_linha_a_linha!$F:$F,Base_linha_a_linha!$D:$D,$A13,Base_linha_a_linha!$E:$E,VALUE(RIGHT(H$1,1))),0) -> 0 | I13: =IFERROR(AVERAGEIF(B13:H13,">0"),0) -> 11.947727 | J13: =COUNTIF(B13:H13,">0") -> 4 | K13: =SUMIFS(Base_linha_a_linha!$F:$F,Base_linha_a_linha!$D:$D,$A13) -> 674.12 | L13: =IFERROR(SUMIFS(Base_linha_a_linha!$H:$H,Base_linha_a_linha!$D:$D,$A13)/1000/SUMIFS(Base_linha_a_linha!$F:$F,Base_linha_a_linha!$D:$D,$A13),0) -> 12.697885
... A50: RB935744 | B50: =IFERROR(SUMIFS(Base_linha_a_linha!$H:$H,Base_linha_a_linha!$D:$D,$A50,Base_linha_a_linha!$E:$E,VALUE(RIGHT(B$1,1)))/1000/SUMIFS(Base_linha_a_linha!$F:$F,Base_linha_a_linha!$D:$D,$A50,Base_linha_a_linha!$E:$E,VALUE(RIGHT(B$1,1))),0) -> 0 | C50: =IFERROR(SUMIFS(Base_linha_a_linha!$H:$H,Base_linha_a_linha!$D:$D,$A50,Base_linha_a_linha!$E:$E,VALUE(RIGHT(C$1,1)))/1000/SUMIFS(Base_linha_a_linha!$F:$F,Base_linha_a_linha!$D:$D,$A50,Base_linha_a_linha!$E:$E,VALUE(RIGHT(C$1,1))),0) -> 0 | D50: =IFERROR(SUMIFS(Base_linha_a_linha!$H:$H,Base_linha_a_linha!$D:$D,$A50,Base_linha_a_linha!$E:$E,VALUE(RIGHT(D$1,1)))/1000/SUMIFS(Base_linha_a_linha!$F:$F,Base_linha_a_linha!$D:$D,$A50,Base_linha_a_linha!$E:$E,VALUE(RIGHT(D$1,1))),0) -> 0 | E50: =IFERROR(SUMIFS(Base_linha_a_linha!$H:$H,Base_linha_a_linha!$D:$D,$A50,Base_linha_a_linha!$E:$E,VALUE(RIGHT(E$1,1)))/1000/SUMIFS(Base_linha_a_linha!$F:$F,Base_linha_a_linha!$D:$D,$A50,Base_linha_a_linha!$E:$E,VALUE(RIGHT(E$1,1))),0) -> 0 | F50: =IFERROR(SUMIFS(Base_linha_a_linha!$H:$H,Base_linha_a_linha!$D:$D,$A50,Base_linha_a_linha!$E:$E,VALUE(RIGHT(F$1,1)))/1000/SUMIFS(Base_linha_a_linha!$F:$F,Base_linha_a_linha!$D:$D,$A50,Base_linha_a_linha!$E:$E,VALUE(RIGHT(F$1,1))),0) -> 0 | G50: =IFERROR(SUMIFS(Base_linha_a_linha!$H:$H,Base_linha_a_linha!$D:$D,$A50,Base_linha_a_linha!$E:$E,VALUE(RIGHT(G$1,1)))/1000/SUMIFS(Base_linha_a_linha!$F:$F,Base_linha_a_linha!$D:$D,$A50,Base_linha_a_linha!$E:$E,VALUE(RIGHT(G$1,1))),0) -> 0 | H50: =IFERROR(SUMIFS(Base_linha_a_linha!$H:$H,Base_linha_a_linha!$D:$D,$A50,Base_linha_a_linha!$E:$E,VALUE(RIGHT(H$1,1)))/1000/SUMIFS(Base_linha_a_linha!$F:$F,Base_linha_a_linha!$D:$D,$A50,Base_linha_a_linha!$E:$E,VALUE(RIGHT(H$1,1))),0) -> 3.6437555 | I50: =IFERROR(AVERAGEIF(B50:H50,">0"),0) -> 3.6437555 | J50: =COUNTIF(B50:H50,">0") -> 1 | K50: =SUMIFS(Base_linha_a_linha!$F:$F,Base_linha_a_linha!$D:$D,$A50) -> 214.6 | L50: =IFERROR(SUMIFS(Base_linha_a_linha!$H:$H,Base_linha_a_linha!$D:$D,$A50)/1000/SUMIFS(Base_linha_a_linha!$F:$F,Base_linha_a_linha!$D:$D,$A50),0) -> 3.6437555

Sheet Fazenda_x_Corte
A1: FAZENDA | B1: C1 | C1: C2 | D1: C3 | E1: C4 | F1: C5 | G1: C6 | H1: C7 | I1: MEDIA | J1: CORTES_COM_DADO | K1: AREA_TOTAL_HA | L1: TAH_GERAL
A2: Sitio Boa Esperanca (Ricardo) | B2: =IFERROR(SUMIFS(Base_linha_a_linha!$H:$H,Base_linha_a_linha!$B:$B,$A2,Base_linha_a_linha!$E:$E,VALUE(RIGHT(B$1,1)))/1000/SUMIFS(Base_linha_a_linha!$F:$F,Base_linha_a_linha!$B:$B,$A2,Base_linha_a_linha!$E:$E,VALUE(RIGHT(B$1,1))),0) -> 17.407979 | C2: =IFERROR(SUMIFS(Base_linha_a_linha!$H:$H,Base_linha_a_linha!$B:$B,$A2,Base_linha_a_linha!$E:$E,VALUE(RIGHT(C$1,1)))/1000/SUMIFS(Base_linha_a_linha!$F:$F,Base_linha_a_linha!$B:$B,$A2,Base_linha_a_linha!$E:$E,VALUE(RIGHT(C$1,1))),0) -> 0 | D2: =IFERROR(SUMIFS(Base_linha_a_linha!$H:$H,Base_linha_a_linha!$B:$B,$A2,Base_linha_a_linha!$E:$E,VALUE(RIGHT(D$1,1)))/1000/SUMIFS(Base_linha_a_linha!$F:$F,Base_linha_a_linha!$B:$B,$A2,Base_linha_a_linha!$E:$E,VALUE(RIGHT(D$1,1))),0) -> 0 | E2: =IFERROR(SUMIFS(Base_linha_a_linha!$H:$H,Base_linha_a_linha!$B:$B,$A2,Base_linha_a_linha!$E:$E,VALUE(RIGHT(E$1,1)))/1000/SUMIFS(Base_linha_a_linha!$F:$F,Base_linha_a_linha!$B:$B,$A2,Base_linha_a_linha!$E:$E,VALUE(RIGHT(E$1,1))),0) -> 0 | F2: =IFERROR(SUMIFS(Base_linha_a_linha!$H:$H,Base_linha_a_linha!$B:$B,$A2,Base_linha_a_linha!$E:$E,VALUE(RIGHT(F$1,1)))/1000/SUMIFS(Base_linha_a_linha!$F:$F,Base_linha_a_linha!$B:$B,$A2,Base_linha_a_linha!$E:$E,VALUE(RIGHT(F$1,1))),0) -> 0 | G2: =IFERROR(SUMIFS(Base_linha_a_linha!$H:$H,Base_linha_a_linha!$B:$B,$A2,Base_linha_a_linha!$E:$E,VALUE(RIGHT(G$1,1)))/1000/SUMIFS(Base_linha_a_linha!$F:$F,Base_linha_a_linha!$B:$B,$A2,Base_linha_a_linha!$E:$E,VALUE(RIGHT(G$1,1))),0) -> 0 | H2: =IFERROR(SUMIFS(Base_linha_a_linha!$H:$H,Base_linha_a_linha!$B:$B,$A2,Base_linha_a_linha!$E:$E,VALUE(RIGHT(H$1,1)))/1000/SUMIFS(Base_linha_a_linha!$F:$F,Base_linha_a_linha!$B:$B,$A2,Base_linha_a_linha!$E:$E,VALUE(RIGHT(H$1,1))),0) -> 0 | I2: =IFERROR(AVERAGEIF(B2:H2,">0"),0) -> 17.407979 | J2: =COUNTIF(B2:H2,">0") -> 1 | K2: =SUMIFS(Base_linha_a_linha!$F:$F,Base_linha_a_linha!$B:$B,$A2) -> 12.55 | L2: =IFERROR(SUMIFS(Base_linha_a_linha!$H:$H,Base_linha_a_linha!$B:$B,$A2)/1000/SUMIFS(Base_linha_a_linha!$F:$F,Base_linha_a_linha!$B:$B,$A2),0) -> 17.407979
A3: Fazenda Isadora - Lerosa | B3: =IFERROR(SUMIFS(Base_linha_a_linha!$H:$H,Base_linha_a_linha!$B:$B,$A3,Base_linha_a_linha!$E:$E,VALUE(RIGHT(B$1,1)))/1000/SUMIFS(Base_linha_a_linha!$F:$F,Base_linha_a_linha!$B:$B,$A3,Base_linha_a_linha!$E:$E,VALUE(RIGHT(B$1,1))),0) -> 16.103127 | C3: =IFERROR(SUMIFS(Base_linha_a_linha!$H:$H,Base_linha_a_linha!$B:$B,$A3,Base_linha_a_linha!$E:$E,VALUE(RIGHT(C$1,1)))/1000/SUMIFS(Base_linha_a_linha!$F:$F,Base_linha_a_linha!$B:$B,$A3,Base_linha_a_linha!$E:$E,VALUE(RIGHT(C$1,1))),0) -> 0 | D3: =IFERROR(SUMIFS(Base_linha_a_linha!$H:$H,Base_linha_a_linha!$B:$B,$A3,Base_linha_a_linha!$E:$E,VALUE(RIGHT(D$1,1)))/1000/SUMIFS(Base_linha_a_linha!$F:$F,Base_linha_a_linha!$B:$B,$A3,Base_linha_a_linha!$E:$E,VALUE(RIGHT(D$1,1))),0) -> 0 | E3: =IFERROR(SUMIFS(Base_linha_a_linha!$H:$H,Base_linha_a_linha!$B:$B,$A3,Base_linha_a_linha!$E:$E,VALUE(RIGHT(E$1,1)))/1000/SUMIFS(Base_linha_a_linha!$F:$F,Base_linha_a_linha!$B:$B,$A3,Base_linha_a_linha!$E:$E,VALUE(RIGHT(E$1,1))),0) -> 0 | F3: =IFERROR(SUMIFS(Base_linha_a_linha!$H:$H,Base_linha_a_linha!$B:$B,$A3,Base_linha_a_linha!$E:$E,VALUE(RIGHT(F$1,1)))/1000/SUMIFS(Base_linha_a_linha!$F:$F,Base_linha_a_linha!$B:$B,$A3,Base_linha_a_linha!$E:$E,VALUE(RIGHT(F$1,1))),0) -> 0 | G3: =IFERROR(SUMIFS(Base_linha_a_linha!$H:$H,Base_linha_a_linha!$B:$B,$A3,Base_linha_a_linha!$E:$E,VALUE(RIGHT(G$1,1)))/1000/SUMIFS(Base_linha_a_linha!$F:$F,Base_linha_a_linha!$B:$B,$A3,Base_linha_a_linha!$E:$E,VALUE(RIGHT(G$1,1))),0) -> 0 | H3: =IFERROR(SUMIFS(Base_linha_a_linha!$H:$H,Base_linha_a_linha!$B:$B,$A3,Base_linha_a_linha!$E:$E,VALUE(RIGHT(H$1,1)))/1000/SUMIFS(Base_linha_a_linha!$F:$F,Base_linha_a_linha!$B:$B,$A3,Base_linha_a_linha!$E:$E,VALUE(RIGHT(H$1,1))),0) -> 0 | I3: =IFERROR(AVERAGEIF(B3:H3,">0"),0) -> 16.103127 | J3: =COUNTIF(B3:H3,">0") -> 1 | K3: =SUMIFS(Base_linha_a_linha!$F:$F,Base_linha_a_linha!$B:$B,$A3) -> 66.81 | L3: =IFERROR(SUMIFS(Base_linha_a_linha!$H:$H,Base_linha_a_linha!$B:$B,$A3)/1000/SUMIFS(Base_linha_a_linha!$F:$F,Base_linha_a_linha!$B:$B,$A3),0) -> 16.103127
A4: Fazenda Laranjeiras-Lote4QuadraA-Lerosa | B4: =IFERROR(SUMIFS(Base_linha_a_linha!$H:$H,Base_linha_a_linha!$B:$B,$A4,Base_linha_a_linha!$E:$E,VALUE(RIGHT(B$1,1)))/1000/SUMIFS(Base_linha_a_linha!$F:$F,Base_linha_a_linha!$B:$B,$A4,Base_linha_a_linha!$E:$E,VALUE(RIGHT(B$1,1))),0) -> 16.03612 | C4: =IFERROR(SUMIFS(Base_linha_a_linha!$H:$H,Base_linha_a_linha!$B:$B,$A4,Base_linha_a_linha!$E:$E,VALUE(RIGHT(C$1,1)))/1000/SUMIFS(Base_linha_a_linha!$F:$F,Base_linha_a_linha!$B:$B,$A4,Base_linha_a_linha!$E:$E,VALUE(RIGHT(C$1,1))),0) -> 0 | D4: =IFERROR(SUMIFS(Base_linha_a_linha!$H:$H,Base_linha_a_linha!$B:$B,$A4,Base_linha_a_linha!$E:$E,VALUE(RIGHT(D$1,1)))/1000/SUMIFS(Base_linha_a_linha!$F:$F,Base_linha_a_linha!$B:$B,$A4,Base_linha_a_linha!$E:$E,VALUE(RIGHT(D$1,1))),0) -> 0 | E4: =IFERROR(SUMIFS(Base_linha_a_linha!$H:$H,Base_linha_a_linha!$B:$B,$A4,Base_linha_a_linha!$E:$E,VALUE(RIGHT(E$1,1)))/1000/SUMIFS(Base_linha_a_linha!$F:$F,Base_linha_a_linha!$B:$B,$A4,Base_linha_a_linha!$E:$E,VALUE(RIGHT(E$1,1))),0) -> 0 | F4: =IFERROR(SUMIFS(Base_linha_a_linha!$H:$H,Base_linha_a_linha!$B:$B,$A4,Base_linha_a_linha!$E:$E,VALUE(RIGHT(F$1,1)))/1000/SUMIFS(Base_linha_a_linha!$F:$F,Base_linha_a_linha!$B:$B,$A4,Base_linha_a_linha!$E:$E,VALUE(RIGHT(F$1,1))),0) -> 0 | G4: =IFERROR(SUMIFS(Base_linha_a_linha!$H:$H,Base_linha_a_linha!$B:$B,$A4,Base_linha_a_linha!$E:$E,VALUE(RIGHT(G$1,1)))/1000/SUMIFS(Base_linha_a_linha!$F:$F,Base_linha_a_linha!$B:$B,$A4,Base_linha_a_linha!$E:$E,VALUE(RIGHT(G$1,1))),0) -> 0 | H4: =IFERROR(SUMIFS(Base_linha_a_linha!$H:$H,Base_linha_a_linha!$B:$B,$A4,Base_linha_a_linha!$E:$E,VALUE(RIGHT(H$1,1)))/1000/SUMIFS(Base_linha_a_linha!$F:$F,Base_linha_a_linha!$B:$B,$A4,Base_linha_a_linha!$E:$E,VALUE(RIGHT(H$1,1))),0) -> 0 | I4: =IFERROR(AVERAGEIF(B4:H4,">0"),0) -> 16.03612 | J4: =COUNTIF(B4:H4,">0") -> 1 | K4: =SUMIFS(Base_linha_a_linha!$F:$F,Base_linha_a_linha!$B:$B,$A4) -> 31.01 | L4: =IFERROR(SUMIFS(Base_linha_a_linha!$H:$H,Base_linha_a_linha!$B:$B,$A4)/1000/SUMIFS(Base_linha_a_linha!$F:$F,Base_linha_a_linha!$B:$B,$A4),0) -> 16.03612
A5: Fazenda Astorga | B5: =IFERROR(SUMIFS(Base_linha_a_linha!$H:$H,Base_linha_a_linha!$B:$B,$A5,Base_linha_a_linha!$E:$E,VALUE(RIGHT(B$1,1)))/1000/SUMIFS(Base_linha_a_linha!$F:$F,Base_linha_a_linha!$B:$B,$A5,Base_linha_a_linha!$E:$E,VALUE(RIGHT(B$1,1))),0) -> 23.159952 | C5: =IFERROR(SUMIFS(Base_linha_a_linha!$H:$H,Base_linha_a_linha!$B:$B,$A5,Base_linha_a_linha!$E:$E,VALUE(RIGHT(C$1,1)))/1000/SUMIFS(Base_linha_a_linha!$F:$F,Base_linha_a_linha!$B:$B,$A5,Base_linha_a_linha!$E:$E,VALUE(RIGHT(C$1,1))),0) -> 15.948044 | D5: =IFERROR(SUMIFS(Base_linha_a_linha!$H:$H,Base_linha_a_linha!$B:$B,$A5,Base_linha_a_linha!$E:$E,VALUE(RIGHT(D$1,1)))/1000/SUMIFS(Base_linha_a_linha!$F:$F,Base_linha_a_linha!$B:$B,$A5,Base_linha_a_linha!$E:$E,VALUE(RIGHT(D$1,1))),0) -> 7.76629 | E5: =IFERROR(SUMIFS(Base_linha_a_linha!$H:$H,Base_linha_a_linha!$B:$B,$A5,Base_linha_a_linha!$E:$E,VALUE(RIGHT(E$1,1)))/1000/SUMIFS(Base_linha_a_linha!$F:$F,Base_linha_a_linha!$B:$B,$A5,Base_linha_a_linha!$E:$E,VALUE(RIGHT(E$1,1))),0) -> 0 | F5: =IFERROR(SUMIFS(Base_linha_a_linha!$H:$H,Base_linha_a_linha!$B:$B,$A5,Base_linha_a_linha!$E:$E,VALUE(RIGHT(F$1,1)))/1000/SUMIFS(Base_linha_a_linha!$F:$F,Base_linha_a_linha!$B:$B,$A5,Base_linha_a_linha!$E:$E,VALUE(RIGHT(F$1,1))),0) -> 0 | G5: =IFERROR(SUMIFS(Base_linha_a_linha!$H:$H,Base_linha_a_linha!$B:$B,$A5,Base_linha_a_linha!$E:$E,VALUE(RIGHT(G$1,1)))/1000/SUMIFS(Base_linha_a_linha!$F:$F,Base_linha_a_linha!$B:$B,$A5,Base_linha_a_linha!$E:$E,VALUE(RIGHT(G$1,1))),0) -> 0 | H5: =IFERROR(SUMIFS(Base_linha_a_linha!$H:$H,Base_linha_a_linha!$B:$B,$A5,Base_linha_a_linha!$E:$E,VALUE(RIGHT(H$1,1)))/1000/SUMIFS(Base_linha_a_linha!$F:$F,Base_linha_a_linha!$B:$B,$A5,Base_linha_a_linha!$E:$E,VALUE(RIGHT(H$1,1))),0) -> 0 | I5: =IFERROR(AVERAGEIF(B5:H5,">0"),0) -> 15.624762 | J5: =COUNTIF(B5:H5,">0") -> 3 | K5: =SUMIFS(Base_linha_a_linha!$F:$F,Base_linha_a_linha!$B:$B,$A5) -> 268.98 | L5: =IFERROR(SUMIFS(Base_linha_a_linha!$H:$H,Base_linha_a_linha!$B:$B,$A5)/1000/SUMIFS(Base_linha_a_linha!$F:$F,Base_linha_a_linha!$B:$B,$A5),0) -> 15.624762
A6: Fazenda Água do Valão | B6: =IFERROR(SUMIFS(Base_linha_a_linha!$H:$H,Base_linha_a_linha!$B:$B,$A6,Base_linha_a_linha!$E:$E,VALUE(RIGHT(B$1,1)))/1000/SUMIFS(Base_linha_a_linha!$F:$F,Base_linha_a_linha!$B:$B,$A6,Base_linha_a_linha!$E:$E,VALUE(RIGHT(B$1,1))),0) -> 22.586666 | C6: =IFERROR(SUMIFS(Base_linha_a_linha!$H:$H,Base_linha_a_linha!$B:$B,$A6,Base_linha_a_linha!$E:$E,VALUE(RIGHT(C$1,1)))/1000/SUMIFS(Base_linha_a_linha!$F:$F,Base_linha_a_linha!$B:$B,$A6,Base_linha_a_linha!$E:$E,VALUE(RIGHT(C$1,1))),0) -> 14.184475 | D6: =IFERROR(SUMIFS(Base_linha_a_linha!$H:$H,Base_linha_a_linha!$B:$B,$A6,Base_linha_a_linha!$E:$E,VALUE(RIGHT(D$1,1)))/1000/SUMIFS(Base_linha_a_linha!$F:$F,Base_linha_a_linha!$B:$B,$A6,Base_linha_a_linha!$E:$E,VALUE(RIGHT(D$1,1))),0) -> 9.8728836 | E6: =IFERROR(SUMIFS(Base_linha_a_linha!$H:$H,Base_linha_a_linha!$B:$B,$A6,Base_linha_a_linha!$E:$E,VALUE(RIGHT(E$1,1)))/1000/SUMIFS(Base_linha_a_linha!$F:$F,Base_linha_a_linha!$B:$B,$A6,Base_linha_a_linha!$E:$E,VALUE(RIGHT(E$1,1))),0) -> 0 | F6: =IFERROR(SUMIFS(Base_linha_a_linha!$H:$H,Base_linha_a_linha!$B:$B,$A6,Base_linha_a_linha!$E:$E,VALUE(RIGHT(F$1,1)))/1000/SUMIFS(Base_linha_a_linha!$F:$F,Base_linha_a_linha!$B:$B,$A6,Base_linha_a_linha!$E:$E,VALUE(RIGHT(F$1,1))),0) -> 0 | G6: =IFERROR(SUMIFS(Base_linha_a_linha!$H:$H,Base_linha_a_linha!$B:$B,$A6,Base_linha_a_linha!$E:$E,VALUE(RIGHT(G$1,1)))/1000/SUMIFS(Base_linha_a_linha!$F:$F,Base_linha_a_linha!$B:$B,$A6,Base_linha_a_linha!$E:$E,VALUE(RIGHT(G$1,1))),0) -> 0 | H6: =IFERROR(SUMIFS(Base_linha_a_linha!$H:$H,Base_linha_a_linha!$B:$B,$A6,Base_linha_a_linha!$E:$E,VALUE(RIGHT(H$1,1)))/1000/SUMIFS(Base_linha_a_linha!$F:$F,Base_linha_a_linha!$B:$B,$A6,Base_linha_a_linha!$E:$E,VALUE(RIGHT(H$1,1))),0) -> 0 | I6: =IFERROR(AVERAGEIF(B6:H6,">0"),0) -> 15.548008 | J6: =COUNTIF(B6:H6,">0") -> 3 | K6: =SUMIFS(Base_linha_a_linha!$F:$F,Base_linha_a_linha!$B:$B,$A6) -> 462.82 | L6: =IFERROR(SUMIFS(Base_linha_a_linha!$H:$H,Base_linha_a_linha!$B:$B,$A6)/1000/SUMIFS(Base_linha_a_linha!$F:$F,Base_linha_a_linha!$B:$B,$A6),0) -> 15.582508
A7: Sitio Ebenezer | B7: =IFERROR(SUMIFS(Base_linha_a_linha!$H:$H,Base_linha_a_linha!$B:$B,$A7,Base_linha_a_linha!$E:$E,VALUE(RIGHT(B$1,1)))/1000/SUMIFS(Base_linha_a_linha!$F:$F,Base_linha_a_linha!$B:$B,$A7,Base_linha_a_linha!$E:$E,VALUE(RIGHT(B$1,1))),0) -> 19.152298 | C7: =IFERROR(SUMIFS(Base_linha_a_linha!$H:$H,Base_linha_a_linha!$B:$B,$A7,Base_linha_a_linha!$E:$E,VALUE(RIGHT(C$1,1)))/1000/SUMIFS(Base_linha_a_linha!$F:$F,Base_linha_a_linha!$B:$B,$A7,Base_linha_a_linha!$E:$E,VALUE(RIGHT(C$1,1))),0) -> 15.994618 | D7: =IFERROR(SUMIFS(Base_linha_a_linha!$H:$H,Base_linha_a_linha!$B:$B,$A7,Base_linha_a_linha!$E:$E,VALUE(RIGHT(D$1,1)))/1000/SUMIFS(Base_linha_a_linha!$F:$F,Base_linha_a_linha!$B:$B,$A7,Base_linha_a_linha!$E:$E,VALUE(RIGHT(D$1,1))),0) -> 11.095026 | E7: =IFERROR(SUMIFS(Base_linha_a_linha!$H:$H,Base_linha_a_linha!$B:$B,$A7,Base_linha_a_linha!$E:$E,VALUE(RIGHT(E$1,1)))/1000/SUMIFS(Base_linha_a_linha!$F:$F,Base_linha_a_linha!$B:$B,$A7,Base_linha_a_linha!$E:$E,VALUE(RIGHT(E$1,1))),0) -> 0 | F7: =IFERROR(SUMIFS(Base_linha_a_linha!$H:$H,Base_linha_a_linha!$B:$B,$A7,Base_linha_a_linha!$E:$E,VALUE(RIGHT(F$1,1)))/1000/SUMIFS(Base_linha_a_linha!$F:$F,Base_linha_a_linha!$B:$B,$A7,Base_linha_a_linha!$E:$E,VALUE(RIGHT(F$1,1))),0) -> 0 | G7: =IFERROR(SUMIFS(Base_linha_a_linha!$H:$H,Base_linha_a_linha!$B:$B,$A7,Base_linha_a_linha!$E:$E,VALUE(RIGHT(G$1,1)))/1000/SUMIFS(Base_linha_a_linha!$F:$F,Base_linha_a_linha!$B:$B,$A7,Base_linha_a_linha!$E:$E,VALUE(RIGHT(G$1,1))),0) -> 0 | H7: =IFERROR(SUMIFS(Base_linha_a_linha!$H:$H,Base_linha_a_linha!$B:$B,$A7,Base_linha_a_linha!$E:$E,VALUE(RIGHT(H$1,1)))/1000/SUMIFS(Base_linha_a_linha!$F:$F,Base_linha_a_linha!$B:$B,$A7,Base_linha_a_linha!$E:$E,VALUE(RIGHT(H$1,1))),0) -> 0 | I7: =IFERROR(AVERAGEIF(B7:H7,">0"),0) -> 15.413981 | J7: =COUNTIF(B7:H7,">0") -> 3 | K7: =SUMIFS(Base_linha_a_linha!$F:$F,Base_linha_a_linha!$B:$B,$A7) -> 110.71 | L7: =IFERROR(SUMIFS(Base_linha_a_linha!$H:$H,Base_linha_a_linha!$B:$B,$A7)/1000/SUMIFS(Base_linha_a_linha!$F:$F,Base_linha_a_linha!$B:$B,$A7),0) -> 15.435592
A8: Fazenda São Roque II | B8: =IFERROR(SUMIFS(Base_linha_a_linha!$H:$H,Base_linha_a_linha!$B:$B,$A8,Base_linha_a_linha!$E:$E,VALUE(RIGHT(B$1,1)))/1000/SUMIFS(Base_linha_a_linha!$F:$F,Base_linha_a_linha!$B:$B,$A8,Base_linha_a_linha!$E:$E,VALUE(RIGHT(B$1,1))),0) -> 21.692408 | C8: =IFERROR(SUMIFS(Base_linha_a_linha!$H:$H,Base_linha_a_linha!$B:$B,$A8,Base_linha_a_linha!$E:$E,VALUE(RIGHT(C$1,1)))/1000/SUMIFS(Base_linha_a_linha!$F:$F,Base_linha_a_linha!$B:$B,$A8,Base_linha_a_linha!$E:$E,VALUE(RIGHT(C$1,1))),0) -> 15.194274 | D8: =IFERROR(SUMIFS(Base_linha_a_linha!$H:$H,Base_linha_a_linha!$B:$B,$A8,Base_linha_a_linha!$E:$E,VALUE(RIGHT(D$1,1)))/1000/SUMIFS(Base_linha_a_linha!$F:$F,Base_linha_a_linha!$B:$B,$A8,Base_linha_a_linha!$E:$E,VALUE(RIGHT(D$1,1))),0) -> 9.1156728 | E8: =IFERROR(SUMIFS(Base_linha_a_linha!$H:$H,Base_linha_a_linha!$B:$B,$A8,Base_linha_a_linha!$E:$E,VALUE(RIGHT(E$1,1)))/1000/SUMIFS(Base_linha_a_linha!$F:$F,Base_linha_a_linha!$B:$B,$A8,Base_linha_a_linha!$E:$E,VALUE(RIGHT(E$1,1))),0) -> 0 | F8: =IFERROR(SUMIFS(Base_linha_a_linha!$H:$H,Base_linha_a_linha!$B:$B,$A8,Base_linha_a_linha!$E:$E,VALUE(RIGHT(F$1,1)))/1000/SUMIFS(Base_linha_a_linha!$F:$F,Base_linha_a_linha!$B:$B,$A8,Base_linha_a_linha!$E:$E,VALUE(RIGHT(F$1,1))),0) -> 0 | G8: =IFERROR(SUMIFS(Base_linha_a_linha!$H:$H,Base_linha_a_linha!$B:$B,$A8,Base_linha_a_linha!$E:$E,VALUE(RIGHT(G$1,1)))/1000/SUMIFS(Base_linha_a_linha!$F:$F,Base_linha_a_linha!$B:$B,$A8,Base_linha_a_linha!$E:$E,VALUE(RIGHT(G$1,1))),0) -> 0 | H8: =IFERROR(SUMIFS(Base_linha_a_linha!$H:$H,Base_linha_a_linha!$B:$B,$A8,Base_linha_a_linha!$E:$E,VALUE(RIGHT(H$1,1)))/1000/SUMIFS(Base_linha_a_linha!$F:$F,Base_linha_a_linha!$B:$B,$A8,Base_linha_a_linha!$E:$E,VALUE(RIGHT(H$1,1))),0) -> 0 | I8: =IFERROR(AVERAGEIF(B8:H8,">0"),0) -> 15.334118 | J8: =COUNTIF(B8:H8,">0") -> 3 | K8: =SUMIFS(Base_linha_a_linha!$F:$F,Base_linha_a_linha!$B:$B,$A8) -> 157.2 | L8: =IFERROR(SUMIFS(Base_linha_a_linha!$H:$H,Base_linha_a_linha!$B:$B,$A8)/1000/SUMIFS(Base_linha_a_linha!$F:$F,Base_linha_a_linha!$B:$B,$A8),0) -> 15.334118
A9: Fazenda Bandeirantes I | B9: =IFERROR(SUMIFS(Base_linha_a_linha!$H:$H,Base_linha_a_linha!$B:$B,$A9,Base_linha_a_linha!$E:$E,VALUE(RIGHT(B$1,1)))/1000/SUMIFS(Base_linha_a_linha!$F:$F,Base_linha_a_linha!$B:$B,$A9,Base_linha_a_linha!$E:$E,VALUE(RIGHT(B$1,1))),0) -> 13.522795 | C9: =IFERROR(SUMIFS(Base_linha_a_linha!$H:$H,Base_linha_a_linha!$B:$B,$A9,Base_linha_a_linha!$E:$E,VALUE(RIGHT(C$1,1)))/1000/SUMIFS(Base_linha_a_linha!$F:$F,Base_linha_a_linha!$B:$B,$A9,Base_linha_a_linha!$E:$E,VALUE(RIGHT(C$1,1))),0) -> 16.110581 | D9: =IFERROR(SUMIFS(Base_linha_a_linha!$H:$H,Base_linha_a_linha!$B:$B,$A9,Base_linha_a_linha!$E:$E,VALUE(RIGHT(D$1,1)))/1000/SUMIFS(Base_linha_a_linha!$F:$F,Base_linha_a_linha!$B:$B,$A9,Base_linha_a_linha!$E:$E,VALUE(RIGHT(D$1,1))),0) -> 0 | E9: =IFERROR(SUMIFS(Base_linha_a_linha!$H:$H,Base_linha_a_linha!$B:$B,$A9,Base_linha_a_linha!$E:$E,VALUE(RIGHT(E$1,1)))/1000/SUMIFS(Base_linha_a_linha!$F:$F,Base_linha_a_linha!$B:$B,$A9,Base_linha_a_linha!$E:$E,VALUE(RIGHT(E$1,1))),0) -> 0 | F9: =IFERROR(SUMIFS(Base_linha_a_linha!$H:$H,Base_linha_a_linha!$B:$B,$A9,Base_linha_a_linha!$E:$E,VALUE(RIGHT(F$1,1)))/1000/SUMIFS(Base_linha_a_linha!$F:$F,Base_linha_a_linha!$B:$B,$A9,Base_linha_a_linha!$E:$E,VALUE(RIGHT(F$1,1))),0) -> 0 | G9: =IFERROR(SUMIFS(Base_linha_a_linha!$H:$H,Base_linha_a_linha!$B:$B,$A9,Base_linha_a_linha!$E:$E,VALUE(RIGHT(G$1,1)))/1000/SUMIFS(Base_linha_a_linha!$F:$F,Base_linha_a_linha!$B:$B,$A9,Base_linha_a_linha!$E:$E,VALUE(RIGHT(G$1,1))),0) -> 0 | H9: =IFERROR(SUMIFS(Base_linha_a_linha!$H:$H,Base_linha_a_linha!$B:$B,$A9,Base_linha_a_linha!$E:$E,VALUE(RIGHT(H$1,1)))/1000/SUMIFS(Base_linha_a_linha!$F:$F,Base_linha_a_linha!$B:$B,$A9,Base_linha_a_linha!$E:$E,VALUE(RIGHT(H$1,1))),0) -> 0 | I9: =IFERROR(AVERAGEIF(B9:H9,">0"),0) -> 14.816688 | J9: =COUNTIF(B9:H9,">0") -> 2 | K9: =SUMIFS(Base_linha_a_linha!$F:$F,Base_linha_a_linha!$B:$B,$A9) -> 356.12 | L9: =IFERROR(SUMIFS(Base_linha_a_linha!$H:$H,Base_linha_a_linha!$B:$B,$A9)/1000/SUMIFS(Base_linha_a_linha!$F:$F,Base_linha_a_linha!$B:$B,$A9),0) -> 14.818504
A10: Sitio São Pedro | B10: =IFERROR(SUMIFS(Base_linha_a_linha!$H:$H,Base_linha_a_linha!$B:$B,$A10,Base_linha_a_linha!$E:$E,VALUE(RIGHT(B$1,1)))/1000/SUMIFS(Base_linha_a_linha!$F:$F,Base_linha_a_linha!$B:$B,$A10,Base_linha_a_linha!$E:$E,VALUE(RIGHT(B$1,1))),0) -> 18.209465 | C10: =IFERROR(SUMIFS(Base_linha_a_linha!$H:$H,Base_linha_a_linha!$B:$B,$A10,Base_linha_a_linha!$E:$E,VALUE(RIGHT(C$1,1)))/1000/SUMIFS(Base_linha_a_linha!$F:$F,Base_linha_a_linha!$B:$B,$A10,Base_linha_a_linha!$E:$E,VALUE(RIGHT(C$1,1))),0) -> 14.169026 | D10: =IFERROR(SUMIFS(Base_linha_a_linha!$H:$H,Base_linha_a_linha!$B:$B,$A10,Base_linha_a_linha!$E:$E,VALUE(RIGHT(D$1,1)))/1000/SUMIFS(Base_linha_a_linha!$F:$F,Base_linha_a_linha!$B:$B,$A10,Base_linha_a_linha!$E:$E,VALUE(RIGHT(D$1,1))),0) -> 11.767303 | E10: =IFERROR(SUMIFS(Base_linha_a_linha!$H:$H,Base_linha_a_linha!$B:$B,$A10,Base_linha_a_linha!$E:$E,VALUE(RIGHT(E$1,1)))/1000/SUMIFS(Base_linha_a_linha!$F:$F,Base_linha_a_linha!$B:$B,$A10,Base_linha_a_linha!$E:$E,VALUE(RIGHT(E$1,1))),0) -> 0 | F10: =IFERROR(SUMIFS(Base_linha_a_linha!$H:$H,Base_linha_a_linha!$B:$B,$A10,Base_linha_a_linha!$E:$E,VALUE(RIGHT(F$1,1)))/1000/SUMIFS(Base_linha_a_linha!$F:$F,Base_linha_a_linha!$B:$B,$A10,Base_linha_a_linha!$E:$E,VALUE(RIGHT(F$1,1))),0) -> 0 | G10: =IFERROR(SUMIFS(Base_linha_a_linha!$H:$H,Base_linha_a_linha!$B:$B,$A10,Base_linha_a_linha!$E:$E,VALUE(RIGHT(G$1,1)))/1000/SUMIFS(Base_linha_a_linha!$F:$F,Base_linha_a_linha!$B:$B,$A10,Base_linha_a_linha!$E:$E,VALUE(RIGHT(G$1,1))),0) -> 0 | H10: =IFERROR(SUMIFS(Base_linha_a_linha!$H:$H,Base_linha_a_linha!$B:$B,$A10,Base_linha_a_linha!$E:$E,VALUE(RIGHT(H$1,1)))/1000/SUMIFS(Base_linha_a_linha!$F:$F,Base_linha_a_linha!$B:$B,$A10,Base_linha_a_linha!$E:$E,VALUE(RIGHT(H$1,1))),0) -> 0 | I10: =IFERROR(AVERAGEIF(B10:H10,">0"),0) -> 14.715265 | J10: =COUNTIF(B10:H10,">0") -> 3 | K10: =SUMIFS(Base_linha_a_linha!$F:$F,Base_linha_a_linha!$B:$B,$A10) -> 48.55 | L10: =IFERROR(SUMIFS(Base_linha_a_linha!$H:$H,Base_linha_a_linha!$B:$B,$A10)/1000/SUMIFS(Base_linha_a_linha!$F:$F,Base_linha_a_linha!$B:$B,$A10),0) -> 14.674961
A11: Sitio Boa Esperanca | B11: =IFERROR(SUMIFS(Base_linha_a_linha!$H:$H,Base_linha_a_linha!$B:$B,$A11,Base_linha_a_linha!$E:$E,VALUE(RIGHT(B$1,1)))/1000/SUMIFS(Base_linha_a_linha!$F:$F,Base_linha_a_linha!$B:$B,$A11,Base_linha_a_linha!$E:$E,VALUE(RIGHT(B$1,1))),0) -> 0 | C11: =IFERROR(SUMIFS(Base_linha_a_linha!$H:$H,Base_linha_a_linha!$B:$B,$A11,Base_linha_a_linha!$E:$E,VALUE(RIGHT(C$1,1)))/1000/SUMIFS(Base_linha_a_linha!$F:$F,Base_linha_a_linha!$B:$B,$A11,Base_linha_a_linha!$E:$E,VALUE(RIGHT(C$1,1))),0) -> 22.492043 | D11: =IFERROR(SUMIFS(Base_linha_a_linha!$H:$H,Base_linha_a_linha!$B:$B,$A11,Base_linha_a_linha!$E:$E,VALUE(RIGHT(D$1,1)))/1000/SUMIFS(Base_linha_a_linha!$F:$F,Base_linha_a_linha!$B:$B,$A11,Base_linha_a_linha!$E:$E,VALUE(RIGHT(D$1,1))),0) -> 11.526461 | E11: =IFERROR(SUMIFS(Base_linha_a_linha!$H:$H,Base_linha_a_linha!$B:$B,$A11,Base_linha_a_linha!$E:$E,VALUE(RIGHT(E$1,1)))/1000/SUMIFS(Base_linha_a_linha!$F:$F,Base_linha_a_linha!$B:$B,$A11,Base_linha_a_linha!$E:$E,VALUE(RIGHT(E$1,1))),0) -> 9.8620132 | F11: =IFERROR(SUMIFS(Base_linha_a_linha!$H:$H,Base_linha_a_linha!$B:$B,$A11,Base_linha_a_linha!$E:$E,VALUE(RIGHT(F$1,1)))/1000/SUMIFS(Base_linha_a_linha!$F:$F,Base_linha_a_linha!$B:$B,$A11,Base_linha_a_linha!$E:$E,VALUE(RIGHT(F$1,1))),0) -> 0 | G11: =IFERROR(SUMIFS(Base_linha_a_linha!$H:$H,Base_linha_a_linha!$B:$B,$A11,Base_linha_a_linha!$E:$E,VALUE(RIGHT(G$1,1)))/1000/SUMIFS(Base_linha_a_linha!$F:$F,Base_linha_a_linha!$B:$B,$A11,Base_linha_a_linha!$E:$E,VALUE(RIGHT(G$1,1))),0) -> 0 | H11: =IFERROR(SUMIFS(Base_linha_a_linha!$H:$H,Base_linha_a_linha!$B:$B,$A11,Base_linha_a_linha!$E:$E,VALUE(RIGHT(H$1,1)))/1000/SUMIFS(Base_linha_a_linha!$F:$F,Base_linha_a_linha!$B:$B,$A11,Base_linha_a_linha!$E:$E,VALUE(RIGHT(H$1,1))),0) -> 0 | I11: =IFERROR(AVERAGEIF(B11:H11,">0"),0) -> 14.626839 | J11: =COUNTIF(B11:H11,">0") -> 3 | K11: =SUMIFS(Base_linha_a_linha!$F:$F,Base_linha_a_linha!$B:$B,$A11) -> 91.99 | L11: =IFERROR(SUMIFS(Base_linha_a_linha!$H:$H,Base_linha_a_linha!$B:$B,$A11)/1000/SUMIFS(Base_linha_a_linha!$F:$F,Base_linha_a_linha!$B:$B,$A11),0) -> 13.976784
A12: Fazenda Santa Terezinha - GbA e B | B12: =IFERROR(SUMIFS(Base_linha_a_linha!$H:$H,Base_linha_a_linha!$B:$B,$A12,Base_linha_a_linha!$E:$E,VALUE(RIGHT(B$1,1)))/1000/SUMIFS(Base_linha_a_linha!$F:$F,Base_linha_a_linha!$B:$B,$A12,Base_linha_a_linha!$E:$E,VALUE(RIGHT(B$1,1))),0) -> 14.477235 | C12: =IFERROR(SUMIFS(Base_linha_a_linha!$H:$H,Base_linha_a_linha!$B:$B,$A12,Base_linha_a_linha!$E:$E,VALUE(RIGHT(C$1,1)))/1000/SUMIFS(Base_linha_a_linha!$F:$F,Base_linha_a_linha!$B:$B,$A12,Base_linha_a_linha!$E:$E,VALUE(RIGHT(C$1,1))),0) -> 0 | D12: =IFERROR(SUMIFS(Base_linha_a_linha!$H:$H,Base_linha_a_linha!$B:$B,$A12,Base_linha_a_linha!$E:$E,VALUE(RIGHT(D$1,1)))/1000/SUMIFS(Base_linha_a_linha!$F:$F,Base_linha_a_linha!$B:$B,$A12,Base_linha_a_linha!$E:$E,VALUE(RIGHT(D$1,1))),0) -> 0 | E12: =IFERROR(SUMIFS(Base_linha_a_linha!$H:$H,Base_linha_a_linha!$B:$B,$A12,Base_linha_a_linha!$E:$E,VALUE(RIGHT(E$1,1)))/1000/SUMIFS(Base_linha_a_linha!$F:$F,Base_linha_a_linha!$B:$B,$A12,Base_linha_a_linha!$E:$E,VALUE(RIGHT(E$1,1))),0) -> 0 | F12: =IFERROR(SUMIFS(Base_linha_a_linha!$H:$H,Base_linha_a_linha!$B:$B,$A12,Base_linha_a_linha!$E:$E,VALUE(RIGHT(F$1,1)))/1000/SUMIFS(Base_linha_a_linha!$F:$F,Base_linha_a_linha!$B:$B,$A12,Base_linha_a_linha!$E:$E,VALUE(RIGHT(F$1,1))),0) -> 0 | G12: =IFERROR(SUMIFS(Base_linha_a_linha!$H:$H,Base_linha_a_linha!$B:$B,$A12,Base_linha_a_linha!$E:$E,VALUE(RIGHT(G$1,1)))/1000/SUMIFS(Base_linha_a_linha!$F:$F,Base_linha_a_linha!$B:$B,$A12,Base_linha_a_linha!$E:$E,VALUE(RIGHT(G$1,1))),0) -> 0 | H12: =IFERROR(SUMIFS(Base_linha_a_linha!$H:$H,Base_linha_a_linha!$B:$B,$A12,Base_linha_a_linha!$E:$E,VALUE(RIGHT(H$1,1)))/1000/SUMIFS(Base_linha_a_linha!$F:$F,Base_linha_a_linha!$B:$B,$A12,Base_linha_a_linha!$E:$E,VALUE(RIGHT(H$1,1))),0) -> 0 | I12: =IFERROR(AVERAGEIF(B12:H12,">0"),0) -> 14.477235 | J12: =COUNTIF(B12:H12,">0") -> 1 | K12: =SUMIFS(Base_linha_a_linha!$F:$F,Base_linha_a_linha!$B:$B,$A12) -> 147.61 | L12: =IFERROR(SUMIFS(Base_linha_a_linha!$H:$H,Base_linha_a_linha!$B:$B,$A12)/1000/SUMIFS(Base_linha_a_linha!$F:$F,Base_linha_a_linha!$B:$B,$A12),0) -> 14.477235
A13: Fazenda Laranjeiras 3 | B13: =IFERROR(SUMIFS(Base_linha_a_linha!$H:$H,Base_linha_a_linha!$B:$B,$A13,Base_linha_a_linha!$E:$E,VALUE(RIGHT(B$1,1)))/1000/SUMIFS(Base_linha_a_linha!$F:$F,Base_linha_a_linha!$B:$B,$A13,Base_linha_a_linha!$E:$E,VALUE(RIGHT(B$1,1))),0) -> 16.326018 | C13: =IFERROR(SUMIFS(Base_linha_a_linha!$H:$H,Base_linha_a_linha!$B:$B,$A13,Base_linha_a_linha!$E:$E,VALUE(RIGHT(C$1,1)))/1000/SUMIFS(Base_linha_a_linha!$F:$F,Base_linha_a_linha!$B:$B,$A13,Base_linha_a_linha!$E:$E,VALUE(RIGHT(C$1,1))),0) -> 12.307497 | D13: =IFERROR(SUMIFS(Base_linha_a_linha!$H:$H,Base_linha_a_linha!$B:$B,$A13,Base_linha_a_linha!$E:$E,VALUE(RIGHT(D$1,1)))/1000/SUMIFS(Base_linha_a_linha!$F:$F,Base_linha_a_linha!$B:$B,$A13,Base_linha_a_linha!$E:$E,VALUE(RIGHT(D$1,1))),0) -> 14.720279 | E13: =IFERROR(SUMIFS(Base_linha_a_linha!$H:$H,Base_linha_a_linha!$B:$B,$A13,Base_linha_a_linha!$E:$E,VALUE(RIGHT(E$1,1)))/1000/SUMIFS(Base_linha_a_linha!$F:$F,Base_linha_a_linha!$B:$B,$A13,Base_linha_a_linha!$E:$E,VALUE(RIGHT(E$1,1))),0) -> 0 | F13: =IFERROR(SUMIFS(Base_linha_a_linha!$H:$H,Base_linha_a_linha!$B:$B,$A13,Base_linha_a_linha!$E:$E,VALUE(RIGHT(F$1,1)))/1000/SUMIFS(Base_linha_a_linha!$F:$F,Base_linha_a_linha!$B:$B,$A13,Base_linha_a_linha!$E:$E,VALUE(RIGHT(F$1,1))),0) -> 0 | G13: =IFERROR(SUMIFS(Base_linha_a_linha!$H:$H,Base_linha_a_linha!$B:$B,$A13,Base_linha_a_linha!$E:$E,VALUE(RIGHT(G$1,1)))/1000/SUMIFS(Base_linha_a_linha!$F:$F,Base_linha_a_linha!$B:$B,$A13,Base_linha_a_linha!$E:$E,VALUE(RIGHT(G$1,1))),0) -> 0 | H13: =IFERROR(SUMIFS(Base_linha_a_linha!$H:$H,Base_linha_a_linha!$B:$B,$A13,Base_linha_a_linha!$E:$E,VALUE(RIGHT(H$1,1)))/1000/SUMIFS(Base_linha_a_linha!$F:$F,Base_linha_a_linha!$B:$B,$A13,Base_linha_a_linha!$E:$E,VALUE(RIGHT(H$1,1))),0) -> 0 | I13: =IFERROR(AVERAGEIF(B13:H13,">0"),0) -> 14.451265 | J13: =COUNTIF(B13:H13,">0") -> 3 | K13: =SUMIFS(Base_linha_a_linha!$F:$F,Base_linha_a_linha!$B:$B,$A13) -> 275.98 | L13: =IFERROR(SUMIFS(Base_linha_a_linha!$H:$H,Base_linha_a_linha!$B:$B,$A13)/1000/SUMIFS(Base_linha_a_linha!$F:$F,Base_linha_a_linha!$B:$B,$A13),0) -> 14.463356
... A205: Lote 2 - Quadra E | B205: =IFERROR(SUMIFS(Base_linha_a_linha!$H:$H,Base_linha_a_linha!$B:$B,$A205,Base_linha_a_linha!$E:$E,VALUE(RIGHT(B$1,1)))/1000/SUMIFS(Base_linha_a_linha!$F:$F,Base_linha_a_linha!$B:$B,$A205,Base_linha_a_linha!$E:$E,VALUE(RIGHT(B$1,1))),0) -> 0 | C205: =IFERROR(SUMIFS(Base_linha_a_linha!$H:$H,Base_linha_a_linha!$B:$B,$A205,Base_linha_a_linha!$E:$E,VALUE(RIGHT(C$1,1)))/1000/SUMIFS(Base_linha_a_linha!$F:$F,Base_linha_a_linha!$B:$B,$A205,Base_linha_a_linha!$E:$E,VALUE(RIGHT(C$1,1))),0) -> 0 | D205: =IFERROR(SUMIFS(Base_linha_a_linha!$H:$H,Base_linha_a_linha!$B:$B,$A205,Base_linha_a_linha!$E:$E,VALUE(RIGHT(D$1,1)))/1000/SUMIFS(Base_linha_a_linha!$F:$F,Base_linha_a_linha!$B:$B,$A205,Base_linha_a_linha!$E:$E,VALUE(RIGHT(D$1,1))),0) -> 0 | E205: =IFERROR(SUMIFS(Base_linha_a_linha!$H:$H,Base_linha_a_linha!$B:$B,$A205,Base_linha_a_linha!$E:$E,VALUE(RIGHT(E$1,1)))/1000/SUMIFS(Base_linha_a_linha!$F:$F,Base_linha_a_linha!$B:$B,$A205,Base_linha_a_linha!$E:$E,VALUE(RIGHT(E$1,1))),0) -> 1.4740545 | F205: =IFERROR(SUMIFS(Base_linha_a_linha!$H:$H,Base_linha_a_linha!$B:$B,$A205,Base_linha_a_linha!$E:$E,VALUE(RIGHT(F$1,1)))/1000/SUMIFS(Base_linha_a_linha!$F:$F,Base_linha_a_linha!$B:$B,$A205,Base_linha_a_linha!$E:$E,VALUE(RIGHT(F$1,1))),0) -> 0 | G205: =IFERROR(SUMIFS(Base_linha_a_linha!$H:$H,Base_linha_a_linha!$B:$B,$A205,Base_linha_a_linha!$E:$E,VALUE(RIGHT(G$1,1)))/1000/SUMIFS(Base_linha_a_linha!$F:$F,Base_linha_a_linha!$B:$B,$A205,Base_linha_a_linha!$E:$E,VALUE(RIGHT(G$1,1))),0) -> 0 | H205: =IFERROR(SUMIFS(Base_linha_a_linha!$H:$H,Base_linha_a_linha!$B:$B,$A205,Base_linha_a_linha!$E:$E,VALUE(RIGHT(H$1,1)))/1000/SUMIFS(Base_linha_a_linha!$F:$F,Base_linha_a_linha!$B:$B,$A205,Base_linha_a_linha!$E:$E,VALUE(RIGHT(H$1,1))),0) -> 0 | I205: =IFERROR(AVERAGEIF(B205:H205,">0"),0) -> 1.4740545 | J205: =COUNTIF(B205:H205,">0") -> 1 | K205: =SUMIFS(Base_linha_a_linha!$F:$F,Base_linha_a_linha!$B:$B,$A205) -> 16.04 | L205: =IFERROR(SUMIFS(Base_linha_a_linha!$H:$H,Base_linha_a_linha!$B:$B,$A205)/1000/SUMIFS(Base_linha_a_linha!$F:$F,Base_linha_a_linha!$B:$B,$A205),0) -> 1.4740545

Sheet Mapa_Varietal_Ideal
A1: AMBIENTE | B1: RANK | C1: VARIEDADE | D1: AREA_HA | E1: TCH | F1: ATR | G1: TAH | H1: CORTES_COM_DADO | I1: OBS
A2: A Definir | B2: 1 | C2: RB975201 | D2: 53.23 | E2: 110.69224 | F2: 132.92002 | G2: 14.713215 | H2: 2 | I2: Variedade vetada RB975242 excluída da recomendação
A3: A Definir | B3: 2 | C3: RB985476 | D3: 73.06 | E3: 94.997947 | F3: 142.15927 | G3: 13.504838 | H3: 2
A4: A Definir | B4: 3 | C4: CV0470 | D4: 138.58 | E4: 89.882884 | F4: 135.6397 | G4: 12.191687 | H4: 2
A5: A Definir | B5: 4 | C5: RB966928 | D5: 368.08 | E5: 86.178692 | F5: 139.23936 | G5: 11.999466 | H5: 5
A6: A Definir | B6: 5 | C6: IAC87-3396 | D6: 296.86 | E6: 82.323429 | F6: 143.77119 | G6: 11.835737 | H6: 6
A7: Ambiente A | B7: 1 | C7: RB975201 | D7: 96.41 | E7: 121.10519 | F7: 153.00144 | G7: 18.529268 | H7: 1 | I7: Variedade vetada RB975242 excluída da recomendação
A8: Ambiente A | B8: 2 | C8: RB988082 | D8: 50.74 | E8: 119.4435 | F8: 138.773 | G8: 16.575532 | H8: 1
A9: Ambiente A | B9: 3 | C9: CTC9007 | D9: 45.46 | E9: 129.69844 | F9: 122.72812 | G9: 15.917646 | H9: 2
A10: Ambiente A | B10: 4 | C10: CTC9001 | D10: 85.16 | E10: 104.0302 | F10: 144.94804 | G10: 15.078974 | H10: 4
A11: Ambiente A | B11: 5 | C11: CTC9001BT | D11: 106.96 | E11: 98.034873 | F11: 145.47079 | G11: 14.26121 | H11: 4
A12: Ambiente B | B12: 1 | C12: CTC2994 | D12: 13.47 | E12: 133.00846 | F12: 129.92456 | G12: 17.281066 | H12: 1 | I12: Variedade vetada RB975242 excluída da recomendação
A13: Ambiente B | B13: 2 | C13: RB988082 | D13: 43.34 | E13: 129.4509 | F13: 125.74383 | G13: 16.277652 | H13: 1
A14: Ambiente B | B14: 3 | C14: RB975201 | D14: 89.86 | E14: 118.77666 | F14: 127.51152 | G14: 15.145393 | H14: 1
A15: Ambiente B | B15: 4 | C15: RB975952 | D15: 90.82 | E15: 102.70762 | F15: 132.22251 | G15: 13.580259 | H15: 2
A16: Ambiente B | B16: 5 | C16: CTC9007 | D16: 537.48 | E16: 99.511156 | F16: 133.28717 | G16: 13.26356 | H16: 4
A17: Ambiente C | B17: 1 | C17: CTC9003BT | D17: 39.39 | E17: 152.45735 | F17: 121.80169 | G17: 18.569563 | H17: 1 | I17: Variedade vetada RB975242 excluída da recomendação
A18: Ambiente C | B18: 2 | C18: RB988082 | D18: 167.71 | E18: 114.3178 | F18: 131.83382 | G18: 15.070952 | H18: 3
A19: Ambiente C | B19: 3 | C19: IACSP04-6007 | D19: 40.2 | E19: 98.22893 | F19: 145.28194 | G19: 14.270889 | H19: 2
A20: Ambiente C | B20: 4 | C20: CTC9003 | D20: 334.69 | E20: 107.81289 | F20: 130.90537 | G20: 14.113285 | H20: 4
A21: Ambiente C | B21: 5 | C21: RB975952 | D21: 631.39 | E21: 106.78702 | F21: 128.8842 | G21: 13.76316 | H21: 4
A22: Ambiente D | B22: 1 | C22: RB127825 | D22: 215.3 | E22: 119.84268 | F22: 133.39592 | G22: 15.986525 | H22: 1 | I22: Variedade vetada RB975242 excluída da recomendação
A23: Ambiente D | B23: 2 | C23: RB975162 | D23: 55.9 | E23: 103.69501 | F23: 152.53997 | G23: 15.817634 | H23: 3
A24: Ambiente D | B24: 3 | C24: CTC9007 | D24: 466.19 | E24: 112.88977 | F24: 129.53717 | G24: 14.623421 | H24: 3
A25: Ambiente D | B25: 4 | C25: CTC9004 | D25: 91.08 | E25: 109.14723 | F25: 133.45393 | G25: 14.566127 | H25: 1
A26: Ambiente D | B26: 5 | C26: RB975952 | D26: 138.67 | E26: 101.71299 | F26: 140.31156 | G26: 14.271508 | H26: 1
A27: Ambiente E | B27: 1 | C27: RB975162 | D27: 2.95 | E27: 137.86814 | F27: 153.83556 | G27: 21.209022 | H27: 1 | I27: Variedade vetada RB975242 excluída da recomendação
A28: Ambiente E | B28: 2 | C28: CTC9006 | D28: 1104.01 | E28: 107.55671 | F28: 143.94772 | G28: 15.482543 | H28: 4
A29: Ambiente E | B29: 3 | C29: IACSP04-6007 | D29: 346.75 | E29: 101.92294 | F29: 143.85359 | G29: 14.661981 | H29: 1
A30: Ambiente E | B30: 4 | C30: CTC1007 | D30: 206.52 | E30: 87.288844 | F30: 143.53696 | G30: 12.529176 | H30: 1
A31: Ambiente E | B31: 5 | C31: IAC87-3396 | D31: 132.84 | E31: 85.217329 | F31: 145.90881 | G31: 12.433959 | H31: 4

Sheet Renovacao_Matematica
A1: CORTE | B1: AREA_HA | C1: TCH | D1: ATR | E1: TAH | F1: QUEDA_VS_C1_% | G1: INDICACAO
A2: 1 | B2: 30502.6 | C2: 103.47798 | D2: 137.56347 | E2: 14.234789 | F2: 0 | G2: Manter sob monitoramento
A3: 2 | B3: 31415.67 | C3: 86.454231 | D3: 138.14006 | E3: 11.942793 | F3: -0.16101372 | G3: Manter sob monitoramento
A4: 3 | B4: 29831.42 | C4: 66.832964 | D4: 136.94611 | E4: 9.1525146 | F4: -0.35703196 | G4: Atenção para renovação
A5: 4 | B5: 29545.11 | C5: 56.7637 | D5: 136.08477 | E5: 7.7246752 | F5: -0.45733829 | G5: Atenção para renovação
A6: 5 | B6: 24362.49 | C6: 50.440205 | D6: 134.7 | E6: 6.7942954 | F6: -0.52269786 | G6: Atenção para renovação
A7: 6 | B7: 14776.97 | C7: 50.444471 | D7: 134.24622 | E7: 6.7719795 | F7: -0.52426557 | G7: Atenção para renovação
A8: 7 | B8: 6018.36 | C8: 51.132011 | D8: 130.93916 | E8: 6.6951826 | F8: -0.52966058 | G8: Atenção para renovação

Sheet Simulacao_Lucro_Troca
A1: Preço ATR (R$/kg) - controle editável | B1: 1.2
A2: AMBIENTE | B2: VARIEDADE_ATUAL | C2: VARIEDADE_REFERENCIA | D2: AREA_HA | E2: TAH_ATUAL | F2: TAH_REFERENCIA | G2: GANHO_TAH | H2: GANHO_ATR_T | I2: GANHO_R$_FORMULA
A3: Ambiente D | B3: RB867515 | C3: RB127825 | D3: 19636.39 | E3: 7.0763826 | F3: 15.986525 | G3: 8.9101423 | H3: 174963.03 | I3: =H3*1000*$B$1 -> 2.0995564e+08
A4: Ambiente E | B4: RB867515 | C4: RB975162 | D4: 8690.03 | E4: 7.0488059 | F4: 21.209022 | G4: 14.160216 | H4: 123052.71 | I4: =H4*1000*$B$1 -> 1.4766325e+08
A5: Ambiente D | B5: SP83-5073 | C5: RB127825 | D5: 9619.45 | E5: 8.4245092 | F5: 15.986525 | G5: 7.5620157 | H5: 72742.432 | I5: =H5*1000*$B$1 -> 87290919
A6: Ambiente D | B6: SP83-2847 | C6: RB127825 | D6: 8993.66 | E6: 8.0769953 | F6: 15.986525 | G6: 7.9095296 | H6: 71135.62 | I6: =H6*1000*$B$1 -> 85362744
A7: Ambiente E | B7: SP83-2847 | C7: RB975162 | D7: 4208.84 | E7: 7.8292561 | F7: 21.209022 | G7: 13.379766 | H7: 56313.295 | I7: =H7*1000*$B$1 -> 67575954
A8: Ambiente C | B8: RB867515 | C8: CTC9003BT | D8: 5276.46 | E8: 8.962797 | F8: 18.569563 | G8: 9.6067664 | H8: 50689.718 | I8: =H8*1000*$B$1 -> 60827662
A9: Ambiente D | B9: RB966928 | C9: RB127825 | D9: 7678.93 | E9: 10.227877 | F9: 15.986525 | G9: 5.7586475 | H9: 44220.251 | I9: =H9*1000*$B$1 -> 53064301
A10: Ambiente E | B10: CTC9001 | C10: RB975162 | D10: 3716.91 | E10: 10.196246 | F10: 21.209022 | G10: 11.012777 | H10: 40933.5 | I10: =H10*1000*$B$1 -> 49120200
A11: Ambiente D | B11: RB92579 | C11: RB127825 | D11: 4521.04 | E11: 7.8316766 | F11: 15.986525 | G11: 8.1548484 | H11: 36868.396 | I11: =H11*1000*$B$1 -> 44242075
A12: Ambiente D | B12: CTC9001 | C12: RB127825 | D12: 7662.08 | E12: 11.419601 | F12: 15.986525 | G12: 4.5669243 | H12: 34992.139 | I12: =H12*1000*$B$1 -> 41990567
A13: Ambiente E | B13: SP83-5073 | C13: RB975162 | D13: 2144.18 | E13: 6.9303335 | F13: 21.209022 | G13: 14.278689 | H13: 30616.079 | I13: =H13*1000*$B$1 -> 36739295
A14: Ambiente E | B14: RB975242 | C14: RB975162 | D14: 3065.64 | E14: 11.500112 | F14: 21.209022 | G14: 9.70891 | H14: 29764.023 | I14: =H14*1000*$B$1 -> 35716827
... A145: Ambiente D | B145: RB975162 | C145: RB127825 | D145: 55.9 | E145: 15.817634 | F145: 15.986525 | G145: 0.16889094 | H145: 9.4410035 | I145: =H145*1000*$B$1 -> 11329.204

Sheet Ranking_Fazenda
A1: RANK | B1: FAZENDA | C1: AREA_HA | D1: TCH | E1: ATR | F1: TAH_GERAL | G1: CORTES_COM_DADO | H1: TALHOES
A2: 1 | B2: Sitio Boa Esperanca (Ricardo) | C2: 12.55 | D2: 111.41116 | E2: 156.24988 | F2: 17.407979 | G2: 1 | H2: 3
A3: 2 | B3: Fazenda Isadora - Lerosa | C3: 66.81 | D3: 113.53136 | E3: 141.83859 | F3: 16.103127 | G3: 1 | H3: 8
A4: 3 | B4: Fazenda Laranjeiras-Lote4QuadraA-Lerosa | C4: 31.01 | D4: 119.49016 | E4: 134.20452 | F4: 16.03612 | G4: 1 | H4: 5
A5: 4 | B5: Fazenda Astorga | C5: 268.98 | D5: 105.03491 | E5: 148.7578 | F5: 15.624762 | G5: 3 | H5: 12
A6: 5 | B6: Fazenda Água do Valão | C6: 462.82 | D6: 109.15699 | E6: 142.75318 | F6: 15.582508 | G6: 3 | H6: 31
A7: 6 | B7: Sitio Ebenezer | C7: 110.71 | D7: 113.18056 | E7: 136.38024 | F7: 15.435592 | G7: 3 | H7: 15
A8: 7 | B8: Fazenda São Roque II | C8: 157.2 | D8: 102.81018 | E8: 149.14981 | F8: 15.334118 | G8: 3 | H8: 15
A9: 8 | B9: Fazenda Bandeirantes I | C9: 356.12 | D9: 101.32144 | E9: 146.25241 | F9: 14.818504 | G9: 2 | H9: 14
A10: 9 | B10: Sitio São Pedro | C10: 48.55 | D10: 103.49186 | E10: 141.79821 | F10: 14.674961 | G10: 3 | H10: 5
A11: 10 | B11: Fazenda Santa Terezinha - GbA e B | C11: 147.61 | D11: 109.50586 | E11: 132.20511 | F11: 14.477235 | G11: 1 | H11: 8
A12: 11 | B12: Fazenda Laranjeiras 3 | C12: 275.98 | D12: 98.564896 | E12: 146.73943 | F12: 14.463356 | G12: 3 | H12: 40
A13: 12 | B13: Sitio Sao Joao | C13: 210.41 | D13: 99.078941 | E13: 145.22615 | F13: 14.388853 | G13: 4 | H13: 33
... A205: 204 | B205: Lote 2 - Quadra E | C205: 16.04 | D205: 12.859726 | E205: 114.62566 | F205: 1.4740545 | G205: 1 | H205: 2

Sheet Regras
A1: ITEM | B1: REGRA
A2: Base considerada | B2: Aba BASE do arquivo Ranking UMOE.xlsb
A3: Safras incluídas | B3: 22122, 22223, 22324, 22425, 22526
A4: Cortes incluídos | B4: 1, 2, 3, 4, 5, 6 e 7
A5: TAH | B5: Σ KG_ACUCAR / 1000 / Σ AREA_CTT
A6: TCH | B6: Σ TON_CANA / Σ AREA_CTT
A7: ATR | B7: Σ KG_ACUCAR / Σ TON_CANA
A8: Zeros na horizontal | B8: Mantidos quando não existe dado para a combinação
A9: Média | B9: AVERAGEIF, ignorando zeros
A10: Ordenação | B10: Maior para menor pela média
A11: Fazenda usada | B11: DE_UPNIVEL1
A12: Restrição agronômica do usuário | B12: RB975242 não recomendada no mapa ideal por estria vermelha em Sandovalina
