Workbook
Name SegmentaçãodeDados_DE_FORNEC: #N/A
Name SegmentaçãodeDados_DE_FORNEC1: #N/A
Name SegmentaçãodeDados_GEADA: #N/A
Name SegmentaçãodeDados_GEADA1: #N/A
Name SegmentaçãodeDados_IRRIG_DESCARTE: #N/A
Name SegmentaçãodeDados_TP_CANA: #N/A
Name SegmentaçãodeDados_TP_CANA1: #N/A

Sheet GEADA
A1: CHV | B1: COD | C1: FAZENDA | D1: TL | E1: NOTA
A2: =VALUE(B2&TEXT(D2,"0000")) -> 100050001 | B2: 10005 | C2: Fazenda Laranjeiras 2 | D2: 1 | E2: 1
A3: =VALUE(B3&TEXT(D3,"0000")) -> 100050002 | B3: 10005 | C3: Fazenda Laranjeiras 2 | D3: 2 | E3: 1
A4: =VALUE(B4&TEXT(D4,"0000")) -> 101000001 | B4: 10100 | C4: Sítio Jataí II | D4: 1 | E4: 1
A5: =VALUE(B5&TEXT(D5,"0000")) -> 101000002 | B5: 10100 | C5: Sítio Jataí II | D5: 2 | E5: 1
A6: =VALUE(B6&TEXT(D6,"0000")) -> 103100002 | B6: 10310 | C6: Fazenda Sao Jorge | D6: 2 | E6: 1
A7: =VALUE(B7&TEXT(D7,"0000")) -> 103100003 | B7: 10310 | C7: Fazenda Sao Jorge | D7: 3 | E7: 1
A8: =VALUE(B8&TEXT(D8,"0000")) -> 103100004 | B8: 10310 | C8: Fazenda Sao Jorge | D8: 4 | E8: 1
A9: =VALUE(B9&TEXT(D9,"0000")) -> 103100005 | B9: 10310 | C9: Fazenda Sao Jorge | D9: 5 | E9: 1
A10: =VALUE(B10&TEXT(D10,"0000")) -> 103100006 | B10: 10310 | C10: Fazenda Sao Jorge | D10: 6 | E10: 1
A11: =VALUE(B11&TEXT(D11,"0000")) -> 103100007 | B11: 10310 | C11: Fazenda Sao Jorge | D11: 7 | E11: 1
A12: =VALUE(B12&TEXT(D12,"0000")) -> 103110007 | B12: 10311 | C12: Fazenda Santo Antônio | D12: 7 | E12: 1
A13: =VALUE(B13&TEXT(D13,"0000")) -> 103110008 | B13: 10311 | C13: Fazenda Santo Antônio | D13: 8 | E13: 2
... A180: =VALUE(B180&TEXT(D180,"0000")) -> 206310021 | B180: 20631 | C180: Fazenda Renascer | D180: 21 | E180: 1

Sheet IRRIGADO
A1: Operação | B1: Operação | C1: Fazenda | D1: Fazenda | E1: Talhão | F1: Talhão | G1: Vazão (mm) | H1: Produção | I1: Unid | J1: Mês Aplicado | R1: CD_OPERACAO | S1: CD_UPNIVEL1 | T1: FIMMES | U1: CD_UPNIVEL3 | V1: HORAS | W1: M3 | X1: AREA | Y1: MM | AF1: CD_OPERACAO | AG1: FIMMES | AH1: CD_UPNIVEL1 | AI1: CD_UPNIVEL3 | AJ1: MM_TOTAL | AK1: AREA | AL1: MM
A2: 2805 | B2: IRRIGACAO ASPERCAO | C2: 20305 | D2: Fazenda Vista Bonita | F2: =382 -> 382 | H2: 25.17 | I2: HA | J2: =IF(MAX(_xlfn.MAXIFS(T:T,S:S,C2,U:U,E2),_xlfn.MAXIFS(AG:AG,AH:AH,C2,AI:AI,E2))=0,"",MAX(_xlfn.MAXIFS(T:T,S:S,C2,U:U,E2),_xlfn.MAXIFS(AG:AG,AH:AH,C2,AI:AI,E2))) | K2: =COUNTIFS(TABELA!A:A,C2,TABELA!C:C,E2) -> 0 | L2: =SUMIFS(TABELA!M:M,TABELA!A:A,C2,TABELA!C:C,E2) -> 0 | M2: =IF(L2>0,H2-L2,0) -> 0 | N2: =SUMIFS(X:X,S:S,C2,U:U,E2)+SUMIFS(AK:AK,AH:AH,C2,AI:AI,E2) -> 0 | O2: =SUMIFS(W:W,S:S,C2)/SUMIFS(X:X,S:S,C2)/10 -> #DIV/0! | R2: 2805 | S2: 20314 | T2: 45535 | U2: 135 | V2: 115 | W2: 23000 | X2: 41.34 | Y2: 55.64 | AF2: 2720 | AG2: 45626 | AH2: 20305 | AI2: 189 | AJ2: 301.6 | AK2: 15.08 | AL2: 20
A3: 2805 | B3: IRRIGACAO ASPERCAO | C3: 20305 | D3: Fazenda Vista Bonita | F3: =404 -> 404 | H3: 30 | I3: HA | J3: =IF(MAX(_xlfn.MAXIFS(T:T,S:S,C3,U:U,E3),_xlfn.MAXIFS(AG:AG,AH:AH,C3,AI:AI,E3))=0,"",MAX(_xlfn.MAXIFS(T:T,S:S,C3,U:U,E3),_xlfn.MAXIFS(AG:AG,AH:AH,C3,AI:AI,E3))) | K3: =COUNTIFS(TABELA!A:A,C3,TABELA!C:C,E3) -> 0 | L3: =SUMIFS(TABELA!M:M,TABELA!A:A,C3,TABELA!C:C,E3) -> 0 | M3: =IF(L3>0,H3-L3,0) -> 0 | N3: =SUMIFS(X:X,S:S,C3,U:U,E3)+SUMIFS(AK:AK,AH:AH,C3,AI:AI,E3) -> 0 | O3: =SUMIFS(W:W,S:S,C3)/SUMIFS(X:X,S:S,C3)/10 -> #DIV/0! | R3: 2805 | S3: 20314 | U3: 135 | AF3: 2720 | AG3: 45626 | AH3: 20305 | AI3: 190 | AJ3: 829 | AK3: 41.45 | AL3: 20
A4: 2805 | B4: IRRIGACAO ASPERCAO | C4: 20314 | D4: Fazenda Agua Mansa | E4: 135 | F4: 135 | G4: 34 | H4: 41.34 | I4: HA | J4: =IF(MAX(_xlfn.MAXIFS(T:T,S:S,C4,U:U,E4),_xlfn.MAXIFS(AG:AG,AH:AH,C4,AI:AI,E4))=0,"",MAX(_xlfn.MAXIFS(T:T,S:S,C4,U:U,E4),_xlfn.MAXIFS(AG:AG,AH:AH,C4,AI:AI,E4))) -> 45535 | K4: =COUNTIFS(TABELA!A:A,C4,TABELA!C:C,E4) -> 1 | L4: =SUMIFS(TABELA!M:M,TABELA!A:A,C4,TABELA!C:C,E4) -> 50.74 | M4: =IF(L4>0,H4-L4,0) -> -9.4 | N4: =SUMIFS(X:X,S:S,C4,U:U,E4)+SUMIFS(AK:AK,AH:AH,C4,AI:AI,E4) -> 41.34 | O4: =SUMIFS(W:W,S:S,C4)/SUMIFS(X:X,S:S,C4)/10 -> 33.402727 | R4: 2805 | S4: 20314 | T4: 45535 | U4: 136 | V4: 23 | W4: 4600 | X4: 59.17 | Y4: 7.77 | AF4: 2720 | AG4: 45626 | AH4: 20305 | AI4: 191 | AJ4: 952.6 | AK4: 47.63 | AL4: 20
A5: 2805 | B5: IRRIGACAO ASPERCAO | C5: 20314 | D5: Fazenda Agua Mansa | E5: 136 | F5: 136 | G5: 34 | H5: 59.17 | I5: HA | J5: =IF(MAX(_xlfn.MAXIFS(T:T,S:S,C5,U:U,E5),_xlfn.MAXIFS(AG:AG,AH:AH,C5,AI:AI,E5))=0,"",MAX(_xlfn.MAXIFS(T:T,S:S,C5,U:U,E5),_xlfn.MAXIFS(AG:AG,AH:AH,C5,AI:AI,E5))) -> 45535 | K5: =COUNTIFS(TABELA!A:A,C5,TABELA!C:C,E5) -> 1 | L5: =SUMIFS(TABELA!M:M,TABELA!A:A,C5,TABELA!C:C,E5) -> 68.88 | M5: =IF(L5>0,H5-L5,0) -> -9.71 | N5: =SUMIFS(X:X,S:S,C5,U:U,E5)+SUMIFS(AK:AK,AH:AH,C5,AI:AI,E5) -> 59.17 | O5: =SUMIFS(W:W,S:S,C5)/SUMIFS(X:X,S:S,C5)/10 -> 33.402727 | R5: 2805 | S5: 20314 | U5: 136 | AF5: 2720 | AG5: 45626 | AH5: 20305 | AI5: 192 | AJ5: 536.8 | AK5: 26.84 | AL5: 20
A6: 2805 | B6: IRRIGACAO ASPERCAO | C6: 20314 | D6: Fazenda Agua Mansa | E6: 138 | F6: 138 | G6: 34 | H6: 37.79 | I6: HA | J6: =IF(MAX(_xlfn.MAXIFS(T:T,S:S,C6,U:U,E6),_xlfn.MAXIFS(AG:AG,AH:AH,C6,AI:AI,E6))=0,"",MAX(_xlfn.MAXIFS(T:T,S:S,C6,U:U,E6),_xlfn.MAXIFS(AG:AG,AH:AH,C6,AI:AI,E6))) -> 45535 | K6: =COUNTIFS(TABELA!A:A,C6,TABELA!C:C,E6) -> 1 | L6: =SUMIFS(TABELA!M:M,TABELA!A:A,C6,TABELA!C:C,E6) -> 43.34 | M6: =IF(L6>0,H6-L6,0) -> -5.55 | N6: =SUMIFS(X:X,S:S,C6,U:U,E6)+SUMIFS(AK:AK,AH:AH,C6,AI:AI,E6) -> 37.79 | O6: =SUMIFS(W:W,S:S,C6)/SUMIFS(X:X,S:S,C6)/10 -> 33.402727 | R6: 2805 | S6: 20314 | U6: 137 | AF6: 2720 | AG6: 45596 | AH6: 20322 | AI6: 1 | AJ6: 142.74 | AK6: 5.49 | AL6: 26
A7: 2805 | B7: IRRIGACAO ASPERCAO | C7: 20314 | D7: Fazenda Agua Mansa | E7: 139 | F7: 139 | G7: 34 | H7: 32.33 | I7: HA | J7: =IF(MAX(_xlfn.MAXIFS(T:T,S:S,C7,U:U,E7),_xlfn.MAXIFS(AG:AG,AH:AH,C7,AI:AI,E7))=0,"",MAX(_xlfn.MAXIFS(T:T,S:S,C7,U:U,E7),_xlfn.MAXIFS(AG:AG,AH:AH,C7,AI:AI,E7))) -> 45535 | K7: =COUNTIFS(TABELA!A:A,C7,TABELA!C:C,E7) -> 1 | L7: =SUMIFS(TABELA!M:M,TABELA!A:A,C7,TABELA!C:C,E7) -> 39.66 | M7: =IF(L7>0,H7-L7,0) -> -7.33 | N7: =SUMIFS(X:X,S:S,C7,U:U,E7)+SUMIFS(AK:AK,AH:AH,C7,AI:AI,E7) -> 32.33 | O7: =SUMIFS(W:W,S:S,C7)/SUMIFS(X:X,S:S,C7)/10 -> 33.402727 | R7: 2805 | S7: 20314 | T7: 45535 | U7: 138 | V7: 12 | W7: 2400 | X7: 37.79 | Y7: 6.35 | AF7: 2720 | AG7: 45596 | AH7: 20322 | AI7: 2 | AJ7: 99.32 | AK7: 3.82 | AL7: 26
A8: 2805 | B8: IRRIGACAO ASPERCAO | C8: 20314 | D8: Fazenda Agua Mansa | E8: 388 | F8: 388 | G8: 34 | H8: 21.26 | I8: HA | J8: =IF(MAX(_xlfn.MAXIFS(T:T,S:S,C8,U:U,E8),_xlfn.MAXIFS(AG:AG,AH:AH,C8,AI:AI,E8))=0,"",MAX(_xlfn.MAXIFS(T:T,S:S,C8,U:U,E8),_xlfn.MAXIFS(AG:AG,AH:AH,C8,AI:AI,E8))) -> 45504 | K8: =COUNTIFS(TABELA!A:A,C8,TABELA!C:C,E8) -> 1 | L8: =SUMIFS(TABELA!M:M,TABELA!A:A,C8,TABELA!C:C,E8) -> 0 | M8: =IF(L8>0,H8-L8,0) -> 0 | N8: =SUMIFS(X:X,S:S,C8,U:U,E8)+SUMIFS(AK:AK,AH:AH,C8,AI:AI,E8) -> 21.26 | O8: =SUMIFS(W:W,S:S,C8)/SUMIFS(X:X,S:S,C8)/10 -> 33.402727 | R8: 2805 | S8: 20314 | U8: 138 | AF8: 2720 | AG8: 45596 | AH8: 20322 | AI8: 3 | AJ8: 96.72 | AK8: 3.72 | AL8: 26
A9: 2805 | B9: IRRIGACAO ASPERCAO | C9: 20314 | D9: Fazenda Agua Mansa | E9: 389 | F9: 389 | G9: 34 | H9: 29.82 | I9: HA | J9: =IF(MAX(_xlfn.MAXIFS(T:T,S:S,C9,U:U,E9),_xlfn.MAXIFS(AG:AG,AH:AH,C9,AI:AI,E9))=0,"",MAX(_xlfn.MAXIFS(T:T,S:S,C9,U:U,E9),_xlfn.MAXIFS(AG:AG,AH:AH,C9,AI:AI,E9))) -> 45504 | K9: =COUNTIFS(TABELA!A:A,C9,TABELA!C:C,E9) -> 1 | L9: =SUMIFS(TABELA!M:M,TABELA!A:A,C9,TABELA!C:C,E9) -> 0 | M9: =IF(L9>0,H9-L9,0) -> 0 | N9: =SUMIFS(X:X,S:S,C9,U:U,E9)+SUMIFS(AK:AK,AH:AH,C9,AI:AI,E9) -> 29.82 | O9: =SUMIFS(W:W,S:S,C9)/SUMIFS(X:X,S:S,C9)/10 -> 33.402727 | R9: 2805 | S9: 20314 | T9: 45535 | U9: 139 | V9: 45 | W9: 9000 | X9: 32.33 | Y9: 27.84 | AF9: 2720 | AG9: 45596 | AH9: 20322 | AI9: 4 | AJ9: 102.18 | AK9: 3.93 | AL9: 26
A10: 2805 | B10: IRRIGACAO ASPERCAO | C10: 20314 | D10: Fazenda Agua Mansa | E10: 392 | F10: 392 | G10: 34 | H10: 35.07 | I10: HA | J10: =IF(MAX(_xlfn.MAXIFS(T:T,S:S,C10,U:U,E10),_xlfn.MAXIFS(AG:AG,AH:AH,C10,AI:AI,E10))=0,"",MAX(_xlfn.MAXIFS(T:T,S:S,C10,U:U,E10),_xlfn.MAXIFS(AG:AG,AH:AH,C10,AI:AI,E10))) -> 45504 | K10: =COUNTIFS(TABELA!A:A,C10,TABELA!C:C,E10) -> 1 | L10: =SUMIFS(TABELA!M:M,TABELA!A:A,C10,TABELA!C:C,E10) -> 0 | M10: =IF(L10>0,H10-L10,0) -> 0 | N10: =SUMIFS(X:X,S:S,C10,U:U,E10)+SUMIFS(AK:AK,AH:AH,C10,AI:AI,E10) -> 35.07 | O10: =SUMIFS(W:W,S:S,C10)/SUMIFS(X:X,S:S,C10)/10 -> 33.402727 | R10: 2805 | S10: 20314 | U10: 139 | AF10: 2720 | AG10: 45596 | AH10: 20322 | AI10: 5 | AJ10: 114.66 | AK10: 4.41 | AL10: 26
A11: 2805 | B11: IRRIGACAO ASPERCAO | C11: 20314 | D11: Fazenda Agua Mansa | F11: =393 -> 393 | H11: 2.3 | I11: HA | J11: =IF(MAX(_xlfn.MAXIFS(T:T,S:S,C11,U:U,E11),_xlfn.MAXIFS(AG:AG,AH:AH,C11,AI:AI,E11))=0,"",MAX(_xlfn.MAXIFS(T:T,S:S,C11,U:U,E11),_xlfn.MAXIFS(AG:AG,AH:AH,C11,AI:AI,E11))) | K11: =COUNTIFS(TABELA!A:A,C11,TABELA!C:C,E11) -> 0 | L11: =SUMIFS(TABELA!M:M,TABELA!A:A,C11,TABELA!C:C,E11) -> 0 | M11: =IF(L11>0,H11-L11,0) -> 0 | N11: =SUMIFS(X:X,S:S,C11,U:U,E11)+SUMIFS(AK:AK,AH:AH,C11,AI:AI,E11) -> 0 | O11: =SUMIFS(W:W,S:S,C11)/SUMIFS(X:X,S:S,C11)/10 -> 33.402727 | R11: 2805 | S11: 20314 | U11: 385 | AF11: 2720 | AG11: 45596 | AH11: 20322 | AI11: 6 | AJ11: 90.48 | AK11: 3.48 | AL11: 26
A12: 2805 | B12: IRRIGACAO ASPERCAO | C12: 20314 | D12: Fazenda Agua Mansa | E12: 394 | F12: 394 | G12: 34 | H12: 19.93 | I12: HA | J12: =IF(MAX(_xlfn.MAXIFS(T:T,S:S,C12,U:U,E12),_xlfn.MAXIFS(AG:AG,AH:AH,C12,AI:AI,E12))=0,"",MAX(_xlfn.MAXIFS(T:T,S:S,C12,U:U,E12),_xlfn.MAXIFS(AG:AG,AH:AH,C12,AI:AI,E12))) -> 45504 | K12: =COUNTIFS(TABELA!A:A,C12,TABELA!C:C,E12) -> 1 | L12: =SUMIFS(TABELA!M:M,TABELA!A:A,C12,TABELA!C:C,E12) -> 0 | M12: =IF(L12>0,H12-L12,0) -> 0 | N12: =SUMIFS(X:X,S:S,C12,U:U,E12)+SUMIFS(AK:AK,AH:AH,C12,AI:AI,E12) -> 19.93 | O12: =SUMIFS(W:W,S:S,C12)/SUMIFS(X:X,S:S,C12)/10 -> 33.402727 | R12: 2805 | S12: 20314 | U12: 386 | AF12: 2720 | AG12: 45596 | AH12: 20322 | AI12: 7 | AJ12: 72.8 | AK12: 2.8 | AL12: 26
A13: 2805 | B13: IRRIGACAO ASPERCAO | C13: 20314 | D13: Fazenda Agua Mansa | F13: =395 -> 395 | H13: 7.1 | I13: HA | J13: =IF(MAX(_xlfn.MAXIFS(T:T,S:S,C13,U:U,E13),_xlfn.MAXIFS(AG:AG,AH:AH,C13,AI:AI,E13))=0,"",MAX(_xlfn.MAXIFS(T:T,S:S,C13,U:U,E13),_xlfn.MAXIFS(AG:AG,AH:AH,C13,AI:AI,E13))) | K13: =COUNTIFS(TABELA!A:A,C13,TABELA!C:C,E13) -> 0 | L13: =SUMIFS(TABELA!M:M,TABELA!A:A,C13,TABELA!C:C,E13) -> 0 | M13: =IF(L13>0,H13-L13,0) -> 0 | N13: =SUMIFS(X:X,S:S,C13,U:U,E13)+SUMIFS(AK:AK,AH:AH,C13,AI:AI,E13) -> 0 | O13: =SUMIFS(W:W,S:S,C13)/SUMIFS(X:X,S:S,C13)/10 -> 33.402727 | R13: 2805 | S13: 20314 | U13: 387 | AF13: 2720 | AG13: 45596 | AH13: 20322 | AI13: 8 | AJ13: 99.32 | AK13: 3.82 | AL13: 26
A14: 2805 | B14: IRRIGACAO ASPERCAO | C14: 20314 | D14: Fazenda Agua Mansa | F14: 396 | H14: 7.6 | I14: HA | J14: =IF(MAX(_xlfn.MAXIFS(T:T,S:S,C14,U:U,E14),_xlfn.MAXIFS(AG:AG,AH:AH,C14,AI:AI,E14))=0,"",MAX(_xlfn.MAXIFS(T:T,S:S,C14,U:U,E14),_xlfn.MAXIFS(AG:AG,AH:AH,C14,AI:AI,E14))) | K14: =COUNTIFS(TABELA!A:A,C14,TABELA!C:C,E14) -> 0 | L14: =SUMIFS(TABELA!M:M,TABELA!A:A,C14,TABELA!C:C,E14) -> 0 | M14: =IF(L14>0,H14-L14,0) -> 0 | N14: =SUMIFS(X:X,S:S,C14,U:U,E14)+SUMIFS(AK:AK,AH:AH,C14,AI:AI,E14) -> 0 | O14: =SUMIFS(W:W,S:S,C14)/SUMIFS(X:X,S:S,C14)/10 -> 33.402727 | R14: 2805 | S14: 20314 | T14: 45443 | U14: 388 | V14: 115 | W14: 23000 | X14: 6.9 | Y14: 333.33 | AF14: 2720 | AG14: 45626 | AH14: 20323 | AI14: 1 | AJ14: 50.2 | AK14: 2.51 | AL14: 20
A15: 2805 | B15: IRRIGACAO ASPERCAO | C15: 20314 | D15: Fazenda Agua Mansa | F15: 397 | H15: 7 | I15: HA | J15: =IF(MAX(_xlfn.MAXIFS(T:T,S:S,C15,U:U,E15),_xlfn.MAXIFS(AG:AG,AH:AH,C15,AI:AI,E15))=0,"",MAX(_xlfn.MAXIFS(T:T,S:S,C15,U:U,E15),_xlfn.MAXIFS(AG:AG,AH:AH,C15,AI:AI,E15))) | K15: =COUNTIFS(TABELA!A:A,C15,TABELA!C:C,E15) -> 0 | L15: =SUMIFS(TABELA!M:M,TABELA!A:A,C15,TABELA!C:C,E15) -> 0 | M15: =IF(L15>0,H15-L15,0) -> 0 | N15: =SUMIFS(X:X,S:S,C15,U:U,E15)+SUMIFS(AK:AK,AH:AH,C15,AI:AI,E15) -> 0 | O15: =SUMIFS(W:W,S:S,C15)/SUMIFS(X:X,S:S,C15)/10 -> 33.402727 | R15: 2805 | S15: 20314 | T15: 45504 | U15: 388 | X15: 14.36 | AF15: 2720 | AG15: 45626 | AH15: 20323 | AI15: 2 | AJ15: 251.6 | AK15: 12.58 | AL15: 20
A16: 2805 | B16: IRRIGACAO ASPERCAO | C16: 20314 | D16: Fazenda Agua Mansa | E16: 501 | F16: 501 | G16: 34 | H16: 26 | I16: HA | J16: =IF(MAX(_xlfn.MAXIFS(T:T,S:S,C16,U:U,E16),_xlfn.MAXIFS(AG:AG,AH:AH,C16,AI:AI,E16))=0,"",MAX(_xlfn.MAXIFS(T:T,S:S,C16,U:U,E16),_xlfn.MAXIFS(AG:AG,AH:AH,C16,AI:AI,E16))) -> 45565 | K16: =COUNTIFS(TABELA!A:A,C16,TABELA!C:C,E16) -> 1 | L16: =SUMIFS(TABELA!M:M,TABELA!A:A,C16,TABELA!C:C,E16) -> 0 | M16: =IF(L16>0,H16-L16,0) -> 0 | N16: =SUMIFS(X:X,S:S,C16,U:U,E16)+SUMIFS(AK:AK,AH:AH,C16,AI:AI,E16) -> 26 | O16: =SUMIFS(W:W,S:S,C16)/SUMIFS(X:X,S:S,C16)/10 -> 33.402727 | R16: 2805 | S16: 20314 | U16: 388 | AF16: 2720 | AG16: 45626 | AH16: 20323 | AI16: 3 | AJ16: 498.2 | AK16: 24.91 | AL16: 20
A17: 2805 | B17: IRRIGACAO ASPERCAO | C17: 20314 | D17: Fazenda Agua Mansa | E17: 502 | F17: 502 | G17: 34 | H17: 23.84 | I17: HA | J17: =IF(MAX(_xlfn.MAXIFS(T:T,S:S,C17,U:U,E17),_xlfn.MAXIFS(AG:AG,AH:AH,C17,AI:AI,E17))=0,"",MAX(_xlfn.MAXIFS(T:T,S:S,C17,U:U,E17),_xlfn.MAXIFS(AG:AG,AH:AH,C17,AI:AI,E17))) -> 45535 | K17: =COUNTIFS(TABELA!A:A,C17,TABELA!C:C,E17) -> 1 | L17: =SUMIFS(TABELA!M:M,TABELA!A:A,C17,TABELA!C:C,E17) -> 0 | M17: =IF(L17>0,H17-L17,0) -> 0 | N17: =SUMIFS(X:X,S:S,C17,U:U,E17)+SUMIFS(AK:AK,AH:AH,C17,AI:AI,E17) -> 23.84 | O17: =SUMIFS(W:W,S:S,C17)/SUMIFS(X:X,S:S,C17)/10 -> 33.402727 | R17: 2805 | S17: 20314 | T17: 45443 | U17: 389 | X17: 6.9 | AF17: 2720 | AG17: 45626 | AH17: 20323 | AI17: 4 | AJ17: 366 | AK17: 18.3 | AL17: 20
A18: 2805 | B18: IRRIGACAO ASPERCAO | C18: 20314 | D18: Fazenda Agua Mansa | E18: 503 | F18: 503 | G18: 34 | H18: 28.93 | I18: HA | J18: =IF(MAX(_xlfn.MAXIFS(T:T,S:S,C18,U:U,E18),_xlfn.MAXIFS(AG:AG,AH:AH,C18,AI:AI,E18))=0,"",MAX(_xlfn.MAXIFS(T:T,S:S,C18,U:U,E18),_xlfn.MAXIFS(AG:AG,AH:AH,C18,AI:AI,E18))) -> 45535 | K18: =COUNTIFS(TABELA!A:A,C18,TABELA!C:C,E18) -> 1 | L18: =SUMIFS(TABELA!M:M,TABELA!A:A,C18,TABELA!C:C,E18) -> 0 | M18: =IF(L18>0,H18-L18,0) -> 0 | N18: =SUMIFS(X:X,S:S,C18,U:U,E18)+SUMIFS(AK:AK,AH:AH,C18,AI:AI,E18) -> 28.93 | O18: =SUMIFS(W:W,S:S,C18)/SUMIFS(X:X,S:S,C18)/10 -> 33.402727 | R18: 2805 | S18: 20314 | T18: 45504 | U18: 389 | X18: 22.92 | AF18: 2720 | AG18: 45626 | AH18: 20323 | AI18: 5 | AJ18: 137.4 | AK18: 6.87 | AL18: 20
A19: 2805 | B19: IRRIGACAO ASPERCAO | C19: 20314 | D19: Fazenda Agua Mansa | E19: 507 | F19: 507 | G19: 34 | H19: 29.75 | I19: HA | J19: =IF(MAX(_xlfn.MAXIFS(T:T,S:S,C19,U:U,E19),_xlfn.MAXIFS(AG:AG,AH:AH,C19,AI:AI,E19))=0,"",MAX(_xlfn.MAXIFS(T:T,S:S,C19,U:U,E19),_xlfn.MAXIFS(AG:AG,AH:AH,C19,AI:AI,E19))) -> 45535 | K19: =COUNTIFS(TABELA!A:A,C19,TABELA!C:C,E19) -> 1 | L19: =SUMIFS(TABELA!M:M,TABELA!A:A,C19,TABELA!C:C,E19) -> 0 | M19: =IF(L19>0,H19-L19,0) -> 0 | N19: =SUMIFS(X:X,S:S,C19,U:U,E19)+SUMIFS(AK:AK,AH:AH,C19,AI:AI,E19) -> 29.75 | O19: =SUMIFS(W:W,S:S,C19)/SUMIFS(X:X,S:S,C19)/10 -> 33.402727 | R19: 2805 | S19: 20314 | U19: 389 | AF19: 2720 | AG19: 45626 | AH19: 20323 | AI19: 6 | AJ19: 226.2 | AK19: 11.31 | AL19: 20
A20: 2805 | B20: IRRIGACAO ASPERCAO | C20: 20314 | D20: Fazenda Agua Mansa | E20: 508 | F20: 508 | G20: 34 | H20: 18.28 | I20: HA | J20: =IF(MAX(_xlfn.MAXIFS(T:T,S:S,C20,U:U,E20),_xlfn.MAXIFS(AG:AG,AH:AH,C20,AI:AI,E20))=0,"",MAX(_xlfn.MAXIFS(T:T,S:S,C20,U:U,E20),_xlfn.MAXIFS(AG:AG,AH:AH,C20,AI:AI,E20))) -> 45565 | K20: =COUNTIFS(TABELA!A:A,C20,TABELA!C:C,E20) -> 1 | L20: =SUMIFS(TABELA!M:M,TABELA!A:A,C20,TABELA!C:C,E20) -> 0 | M20: =IF(L20>0,H20-L20,0) -> 0 | N20: =SUMIFS(X:X,S:S,C20,U:U,E20)+SUMIFS(AK:AK,AH:AH,C20,AI:AI,E20) -> 18.28 | O20: =SUMIFS(W:W,S:S,C20)/SUMIFS(X:X,S:S,C20)/10 -> 33.402727 | R20: 2805 | S20: 20314 | U20: 391 | AF20: 2720 | AG20: 45626 | AH20: 20325 | AI20: 1 | AJ20: 718.4 | AK20: 35.92 | AL20: 20
A21: 2805 | B21: IRRIGACAO ASPERCAO | C21: 20315 | D21: Fazenda Taquarussu | F21: 7 | H21: 57.84 | I21: HA | J21: =IF(MAX(_xlfn.MAXIFS(T:T,S:S,C21,U:U,E21),_xlfn.MAXIFS(AG:AG,AH:AH,C21,AI:AI,E21))=0,"",MAX(_xlfn.MAXIFS(T:T,S:S,C21,U:U,E21),_xlfn.MAXIFS(AG:AG,AH:AH,C21,AI:AI,E21))) | K21: =COUNTIFS(TABELA!A:A,C21,TABELA!C:C,E21) -> 0 | L21: =SUMIFS(TABELA!M:M,TABELA!A:A,C21,TABELA!C:C,E21) -> 0 | M21: =IF(L21>0,H21-L21,0) -> 0 | N21: =SUMIFS(X:X,S:S,C21,U:U,E21)+SUMIFS(AK:AK,AH:AH,C21,AI:AI,E21) -> 0 | O21: =SUMIFS(W:W,S:S,C21)/SUMIFS(X:X,S:S,C21)/10 -> #DIV/0! | R21: 2805 | S21: 20314 | T21: 45443 | U21: 392 | X21: 25.07 | AF21: 2720 | AG21: 45626 | AH21: 20325 | AI21: 2 | AJ21: 615.2 | AK21: 30.76 | AL21: 20
A22: 2805 | B22: IRRIGACAO ASPERCAO | C22: 20315 | D22: Fazenda Taquarussu | F22: 8 | H22: 35.27 | I22: HA | J22: =IF(MAX(_xlfn.MAXIFS(T:T,S:S,C22,U:U,E22),_xlfn.MAXIFS(AG:AG,AH:AH,C22,AI:AI,E22))=0,"",MAX(_xlfn.MAXIFS(T:T,S:S,C22,U:U,E22),_xlfn.MAXIFS(AG:AG,AH:AH,C22,AI:AI,E22))) | K22: =COUNTIFS(TABELA!A:A,C22,TABELA!C:C,E22) -> 0 | L22: =SUMIFS(TABELA!M:M,TABELA!A:A,C22,TABELA!C:C,E22) -> 0 | M22: =IF(L22>0,H22-L22,0) -> 0 | N22: =SUMIFS(X:X,S:S,C22,U:U,E22)+SUMIFS(AK:AK,AH:AH,C22,AI:AI,E22) -> 0 | O22: =SUMIFS(W:W,S:S,C22)/SUMIFS(X:X,S:S,C22)/10 -> #DIV/0! | R22: 2805 | S22: 20314 | T22: 45504 | U22: 392 | X22: 10 | AF22: 2720 | AG22: 45626 | AH22: 20325 | AI22: 3 | AJ22: 462.2 | AK22: 23.11 | AL22: 20
A23: 2805 | B23: IRRIGACAO ASPERCAO | C23: 20431 | D23: Fazenda Estância Fernanda | E23: 3 | F23: 3 | G23: 20 | H23: 10.08 | I23: HA | J23: =IF(MAX(_xlfn.MAXIFS(T:T,S:S,C23,U:U,E23),_xlfn.MAXIFS(AG:AG,AH:AH,C23,AI:AI,E23))=0,"",MAX(_xlfn.MAXIFS(T:T,S:S,C23,U:U,E23),_xlfn.MAXIFS(AG:AG,AH:AH,C23,AI:AI,E23))) -> 45443 | K23: =COUNTIFS(TABELA!A:A,C23,TABELA!C:C,E23) -> 1 | L23: =SUMIFS(TABELA!M:M,TABELA!A:A,C23,TABELA!C:C,E23) -> 0 | M23: =IF(L23>0,H23-L23,0) -> 0 | N23: =SUMIFS(X:X,S:S,C23,U:U,E23)+SUMIFS(AK:AK,AH:AH,C23,AI:AI,E23) -> 10.08 | O23: =SUMIFS(W:W,S:S,C23)/SUMIFS(X:X,S:S,C23)/10 -> 20.833333 | R23: 2805 | S23: 20314 | U23: 392 | AF23: 2720 | AG23: 45626 | AH23: 20325 | AI23: 4 | AJ23: 104.4 | AK23: 5.22 | AL23: 20
A24: 2805 | B24: IRRIGACAO ASPERCAO | C24: 20431 | D24: Fazenda Estância Fernanda | E24: 4 | F24: 4 | G24: 20 | H24: 10.08 | I24: HA | J24: =IF(MAX(_xlfn.MAXIFS(T:T,S:S,C24,U:U,E24),_xlfn.MAXIFS(AG:AG,AH:AH,C24,AI:AI,E24))=0,"",MAX(_xlfn.MAXIFS(T:T,S:S,C24,U:U,E24),_xlfn.MAXIFS(AG:AG,AH:AH,C24,AI:AI,E24))) -> 45443 | K24: =COUNTIFS(TABELA!A:A,C24,TABELA!C:C,E24) -> 1 | L24: =SUMIFS(TABELA!M:M,TABELA!A:A,C24,TABELA!C:C,E24) -> 0 | M24: =IF(L24>0,H24-L24,0) -> 0 | N24: =SUMIFS(X:X,S:S,C24,U:U,E24)+SUMIFS(AK:AK,AH:AH,C24,AI:AI,E24) -> 10.08 | O24: =SUMIFS(W:W,S:S,C24)/SUMIFS(X:X,S:S,C24)/10 -> 20.833333 | R24: 2805 | S24: 20314 | T24: 45443 | U24: 393 | X24: 2.3 | AF24: 2720 | AG24: 45626 | AH24: 20325 | AI24: 5 | AJ24: 989.4 | AK24: 49.47 | AL24: 20
A25: 2805 | B25: IRRIGACAO ASPERCAO | C25: 20431 | D25: Fazenda Estância Fernanda | E25: 15 | F25: 15 | G25: 20 | H25: 10.08 | I25: HA | J25: =IF(MAX(_xlfn.MAXIFS(T:T,S:S,C25,U:U,E25),_xlfn.MAXIFS(AG:AG,AH:AH,C25,AI:AI,E25))=0,"",MAX(_xlfn.MAXIFS(T:T,S:S,C25,U:U,E25),_xlfn.MAXIFS(AG:AG,AH:AH,C25,AI:AI,E25))) -> 45443 | K25: =COUNTIFS(TABELA!A:A,C25,TABELA!C:C,E25) -> 1 | L25: =SUMIFS(TABELA!M:M,TABELA!A:A,C25,TABELA!C:C,E25) -> 0 | M25: =IF(L25>0,H25-L25,0) -> 0 | N25: =SUMIFS(X:X,S:S,C25,U:U,E25)+SUMIFS(AK:AK,AH:AH,C25,AI:AI,E25) -> 10.08 | O25: =SUMIFS(W:W,S:S,C25)/SUMIFS(X:X,S:S,C25)/10 -> 20.833333 | R25: 2805 | S25: 20314 | U25: 393 | AF25: 2720 | AG25: 45596 | AH25: 20340 | AI25: 1 | AJ25: 640.12 | AK25: 24.62 | AL25: 26
A26: 2805 | B26: IRRIGACAO ASPERCAO | C26: 20431 | D26: Fazenda Estância Fernanda | E26: 16 | F26: 16 | G26: 20 | H26: 10.08 | I26: HA | J26: =IF(MAX(_xlfn.MAXIFS(T:T,S:S,C26,U:U,E26),_xlfn.MAXIFS(AG:AG,AH:AH,C26,AI:AI,E26))=0,"",MAX(_xlfn.MAXIFS(T:T,S:S,C26,U:U,E26),_xlfn.MAXIFS(AG:AG,AH:AH,C26,AI:AI,E26))) -> 45443 | K26: =COUNTIFS(TABELA!A:A,C26,TABELA!C:C,E26) -> 1 | L26: =SUMIFS(TABELA!M:M,TABELA!A:A,C26,TABELA!C:C,E26) -> 0 | M26: =IF(L26>0,H26-L26,0) -> 0 | N26: =SUMIFS(X:X,S:S,C26,U:U,E26)+SUMIFS(AK:AK,AH:AH,C26,AI:AI,E26) -> 10.08 | O26: =SUMIFS(W:W,S:S,C26)/SUMIFS(X:X,S:S,C26)/10 -> 20.833333 | R26: 2805 | S26: 20314 | T26: 45443 | U26: 394 | X26: 12.32 | AF26: 2720 | AG26: 45596 | AH26: 20340 | AI26: 2 | AJ26: 264.42 | AK26: 10.17 | AL26: 26
A27: 2805 | B27: IRRIGACAO ASPERCAO | C27: 20432 | D27: Fazenda Vista Bonita | E27: 190 | F27: 190 | G27: 28 | H27: 5.11 | I27: HA | J27: =IF(MAX(_xlfn.MAXIFS(T:T,S:S,C27,U:U,E27),_xlfn.MAXIFS(AG:AG,AH:AH,C27,AI:AI,E27))=0,"",MAX(_xlfn.MAXIFS(T:T,S:S,C27,U:U,E27),_xlfn.MAXIFS(AG:AG,AH:AH,C27,AI:AI,E27))) -> 45504 | K27: =COUNTIFS(TABELA!A:A,C27,TABELA!C:C,E27) -> 1 | L27: =SUMIFS(TABELA!M:M,TABELA!A:A,C27,TABELA!C:C,E27) -> 0 | M27: =IF(L27>0,H27-L27,0) -> 0 | N27: =SUMIFS(X:X,S:S,C27,U:U,E27)+SUMIFS(AK:AK,AH:AH,C27,AI:AI,E27) -> 5.11 | O27: =SUMIFS(W:W,S:S,C27)/SUMIFS(X:X,S:S,C27)/10 -> 28.158577 | R27: 2805 | S27: 20314 | T27: 45504 | U27: 394 | X27: 7.61 | AF27: 2720 | AG27: 45596 | AH27: 20340 | AI27: 3 | AJ27: 175.76 | AK27: 6.76 | AL27: 26
A28: 2805 | B28: IRRIGACAO ASPERCAO | C28: 20432 | D28: Fazenda Vista Bonita | E28: 191 | F28: 191 | G28: 28 | H28: 8.21 | I28: HA | J28: =IF(MAX(_xlfn.MAXIFS(T:T,S:S,C28,U:U,E28),_xlfn.MAXIFS(AG:AG,AH:AH,C28,AI:AI,E28))=0,"",MAX(_xlfn.MAXIFS(T:T,S:S,C28,U:U,E28),_xlfn.MAXIFS(AG:AG,AH:AH,C28,AI:AI,E28))) -> 45504 | K28: =COUNTIFS(TABELA!A:A,C28,TABELA!C:C,E28) -> 1 | L28: =SUMIFS(TABELA!M:M,TABELA!A:A,C28,TABELA!C:C,E28) -> 0 | M28: =IF(L28>0,H28-L28,0) -> 0 | N28: =SUMIFS(X:X,S:S,C28,U:U,E28)+SUMIFS(AK:AK,AH:AH,C28,AI:AI,E28) -> 8.21 | O28: =SUMIFS(W:W,S:S,C28)/SUMIFS(X:X,S:S,C28)/10 -> 28.158577 | R28: 2805 | S28: 20314 | U28: 394 | AF28: 2720 | AG28: 45596 | AH28: 20345 | AI28: 1 | AJ28: 638.82 | AK28: 24.57 | AL28: 26
A29: 2805 | B29: IRRIGACAO ASPERCAO | C29: 20432 | D29: Fazenda Vista Bonita | E29: 194 | F29: 194 | G29: 28 | H29: 13.67 | I29: HA | J29: =IF(MAX(_xlfn.MAXIFS(T:T,S:S,C29,U:U,E29),_xlfn.MAXIFS(AG:AG,AH:AH,C29,AI:AI,E29))=0,"",MAX(_xlfn.MAXIFS(T:T,S:S,C29,U:U,E29),_xlfn.MAXIFS(AG:AG,AH:AH,C29,AI:AI,E29))) -> 45504 | K29: =COUNTIFS(TABELA!A:A,C29,TABELA!C:C,E29) -> 1 | L29: =SUMIFS(TABELA!M:M,TABELA!A:A,C29,TABELA!C:C,E29) -> 0 | M29: =IF(L29>0,H29-L29,0) -> 0 | N29: =SUMIFS(X:X,S:S,C29,U:U,E29)+SUMIFS(AK:AK,AH:AH,C29,AI:AI,E29) -> 13.67 | O29: =SUMIFS(W:W,S:S,C29)/SUMIFS(X:X,S:S,C29)/10 -> 28.158577 | R29: 2805 | S29: 20314 | T29: 45443 | U29: 395 | X29: 7.1 | AF29: 2720 | AG29: 45596 | AH29: 20345 | AI29: 2 | AJ29: 605.8 | AK29: 23.3 | AL29: 26
A30: 2805 | B30: IRRIGACAO ASPERCAO | C30: 20439 | D30: Fazenda Ipezal | E30: 3 | F30: 3 | G30: 60 | H30: 43.01 | I30: HA | J30: =IF(MAX(_xlfn.MAXIFS(T:T,S:S,C30,U:U,E30),_xlfn.MAXIFS(AG:AG,AH:AH,C30,AI:AI,E30))=0,"",MAX(_xlfn.MAXIFS(T:T,S:S,C30,U:U,E30),_xlfn.MAXIFS(AG:AG,AH:AH,C30,AI:AI,E30))) -> 45565 | K30: =COUNTIFS(TABELA!A:A,C30,TABELA!C:C,E30) -> 1 | L30: =SUMIFS(TABELA!M:M,TABELA!A:A,C30,TABELA!C:C,E30) -> 43.01 | M30: =IF(L30>0,H30-L30,0) -> 0 | N30: =SUMIFS(X:X,S:S,C30,U:U,E30)+SUMIFS(AK:AK,AH:AH,C30,AI:AI,E30) -> 43.01 | O30: =SUMIFS(W:W,S:S,C30)/SUMIFS(X:X,S:S,C30)/10 -> 59.521522 | R30: 2805 | S30: 20314 | U30: 395 | AF30: 2720 | AG30: 45596 | AH30: 20345 | AI30: 3 | AJ30: 654.42 | AK30: 25.17 | AL30: 26
A31: 2805 | B31: IRRIGACAO ASPERCAO | C31: 20439 | D31: Fazenda Ipezal | E31: 5 | F31: 5 | G31: 60 | H31: 37.72 | I31: HA | J31: =IF(MAX(_xlfn.MAXIFS(T:T,S:S,C31,U:U,E31),_xlfn.MAXIFS(AG:AG,AH:AH,C31,AI:AI,E31))=0,"",MAX(_xlfn.MAXIFS(T:T,S:S,C31,U:U,E31),_xlfn.MAXIFS(AG:AG,AH:AH,C31,AI:AI,E31))) -> 45565 | K31: =COUNTIFS(TABELA!A:A,C31,TABELA!C:C,E31) -> 1 | L31: =SUMIFS(TABELA!M:M,TABELA!A:A,C31,TABELA!C:C,E31) -> 37.72 | M31: =IF(L31>0,H31-L31,0) -> 0 | N31: =SUMIFS(X:X,S:S,C31,U:U,E31)+SUMIFS(AK:AK,AH:AH,C31,AI:AI,E31) -> 37.72 | O31: =SUMIFS(W:W,S:S,C31)/SUMIFS(X:X,S:S,C31)/10 -> 59.521522 | R31: 2805 | S31: 20314 | T31: 45443 | U31: 396 | X31: 7.6 | AF31: 2720 | AG31: 45596 | AH31: 20345 | AI31: 4 | AJ31: 551.46 | AK31: 21.21 | AL31: 26
A32: 2805 | B32: IRRIGACAO ASPERCAO | C32: 20439 | D32: Fazenda Ipezal | E32: 7 | F32: 7 | G32: 60 | H32: 23.35 | I32: HA | J32: =IF(MAX(_xlfn.MAXIFS(T:T,S:S,C32,U:U,E32),_xlfn.MAXIFS(AG:AG,AH:AH,C32,AI:AI,E32))=0,"",MAX(_xlfn.MAXIFS(T:T,S:S,C32,U:U,E32),_xlfn.MAXIFS(AG:AG,AH:AH,C32,AI:AI,E32))) -> 45626 | K32: =COUNTIFS(TABELA!A:A,C32,TABELA!C:C,E32) -> 1 | L32: =SUMIFS(TABELA!M:M,TABELA!A:A,C32,TABELA!C:C,E32) -> 23.35 | M32: =IF(L32>0,H32-L32,0) -> 0 | N32: =SUMIFS(X:X,S:S,C32,U:U,E32)+SUMIFS(AK:AK,AH:AH,C32,AI:AI,E32) -> 46.7 | O32: =SUMIFS(W:W,S:S,C32)/SUMIFS(X:X,S:S,C32)/10 -> 59.521522 | R32: 2805 | S32: 20314 | U32: 396 | AF32: 2720 | AG32: 45596 | AH32: 20345 | AI32: 5 | AJ32: 331.76 | AK32: 12.76 | AL32: 26
A33: 2805 | B33: IRRIGACAO ASPERCAO | C33: 20450 | D33: Fazenda Ouro Branco | E33: 2 | F33: 2 | G33: 60 | H33: 11.92 | I33: HA | J33: =IF(MAX(_xlfn.MAXIFS(T:T,S:S,C33,U:U,E33),_xlfn.MAXIFS(AG:AG,AH:AH,C33,AI:AI,E33))=0,"",MAX(_xlfn.MAXIFS(T:T,S:S,C33,U:U,E33),_xlfn.MAXIFS(AG:AG,AH:AH,C33,AI:AI,E33))) -> 45565 | K33: =COUNTIFS(TABELA!A:A,C33,TABELA!C:C,E33) -> 1 | L33: =SUMIFS(TABELA!M:M,TABELA!A:A,C33,TABELA!C:C,E33) -> 0.92 | M33: =IF(L33>0,H33-L33,0) -> 11 | N33: =SUMIFS(X:X,S:S,C33,U:U,E33)+SUMIFS(AK:AK,AH:AH,C33,AI:AI,E33) -> 11.92 | O33: =SUMIFS(W:W,S:S,C33)/SUMIFS(X:X,S:S,C33)/10 -> 157.61543 | R33: 2805 | S33: 20314 | T33: 45443 | U33: 397 | X33: 7 | AF33: 2720 | AG33: 45596 | AH33: 20346 | AI33: 1 | AJ33: 330.46 | AK33: 12.71 | AL33: 26
A34: 2805 | B34: IRRIGACAO ASPERCAO | C34: 20450 | D34: Fazenda Ouro Branco | E34: 3 | F34: 3 | G34: 60 | H34: 14.76 | I34: HA | J34: =IF(MAX(_xlfn.MAXIFS(T:T,S:S,C34,U:U,E34),_xlfn.MAXIFS(AG:AG,AH:AH,C34,AI:AI,E34))=0,"",MAX(_xlfn.MAXIFS(T:T,S:S,C34,U:U,E34),_xlfn.MAXIFS(AG:AG,AH:AH,C34,AI:AI,E34))) -> 45565 | K34: =COUNTIFS(TABELA!A:A,C34,TABELA!C:C,E34) -> 1 | L34: =SUMIFS(TABELA!M:M,TABELA!A:A,C34,TABELA!C:C,E34) -> 4.64 | M34: =IF(L34>0,H34-L34,0) -> 10.12 | N34: =SUMIFS(X:X,S:S,C34,U:U,E34)+SUMIFS(AK:AK,AH:AH,C34,AI:AI,E34) -> 14.76 | O34: =SUMIFS(W:W,S:S,C34)/SUMIFS(X:X,S:S,C34)/10 -> 157.61543 | R34: 2805 | S34: 20314 | U34: 397 | AF34: 2720 | AG34: 45596 | AH34: 20346 | AI34: 2 | AJ34: 289.9 | AK34: 11.15 | AL34: 26
A35: 2805 | B35: IRRIGACAO ASPERCAO | C35: 20450 | D35: Fazenda Ouro Branco | E35: 4 | F35: 4 | G35: 60 | H35: 11.37 | I35: HA | J35: =IF(MAX(_xlfn.MAXIFS(T:T,S:S,C35,U:U,E35),_xlfn.MAXIFS(AG:AG,AH:AH,C35,AI:AI,E35))=0,"",MAX(_xlfn.MAXIFS(T:T,S:S,C35,U:U,E35),_xlfn.MAXIFS(AG:AG,AH:AH,C35,AI:AI,E35))) -> 45565 | K35: =COUNTIFS(TABELA!A:A,C35,TABELA!C:C,E35) -> 1 | L35: =SUMIFS(TABELA!M:M,TABELA!A:A,C35,TABELA!C:C,E35) -> 7.87 | M35: =IF(L35>0,H35-L35,0) -> 3.5 | N35: =SUMIFS(X:X,S:S,C35,U:U,E35)+SUMIFS(AK:AK,AH:AH,C35,AI:AI,E35) -> 11.37 | O35: =SUMIFS(W:W,S:S,C35)/SUMIFS(X:X,S:S,C35)/10 -> 157.61543 | R35: 2805 | S35: 20314 | U35: 500 | AF35: 2720 | AG35: 45596 | AH35: 20346 | AI35: 3 | AJ35: 359.84 | AK35: 13.84 | AL35: 26
A36: 2805 | B36: IRRIGACAO ASPERCAO | C36: 20450 | D36: Fazenda Ouro Branco | E36: 5 | F36: 5 | G36: 60 | H36: 13.88 | I36: HA | J36: =IF(MAX(_xlfn.MAXIFS(T:T,S:S,C36,U:U,E36),_xlfn.MAXIFS(AG:AG,AH:AH,C36,AI:AI,E36))=0,"",MAX(_xlfn.MAXIFS(T:T,S:S,C36,U:U,E36),_xlfn.MAXIFS(AG:AG,AH:AH,C36,AI:AI,E36))) -> 45565 | K36: =COUNTIFS(TABELA!A:A,C36,TABELA!C:C,E36) -> 1 | L36: =SUMIFS(TABELA!M:M,TABELA!A:A,C36,TABELA!C:C,E36) -> 13.88 | M36: =IF(L36>0,H36-L36,0) -> 0 | N36: =SUMIFS(X:X,S:S,C36,U:U,E36)+SUMIFS(AK:AK,AH:AH,C36,AI:AI,E36) -> 13.88 | O36: =SUMIFS(W:W,S:S,C36)/SUMIFS(X:X,S:S,C36)/10 -> 157.61543 | R36: 2805 | S36: 20314 | T36: 45535 | U36: 501 | X36: 26 | AF36: 2720 | AG36: 45626 | AH36: 20439 | AI36: 7 | AJ36: 467 | AK36: 23.35 | AL36: 20
A37: 2805 | B37: IRRIGACAO ASPERCAO | C37: 20450 | D37: Fazenda Ouro Branco | E37: 6 | F37: 6 | G37: 60 | H37: 33.62 | I37: HA | J37: =IF(MAX(_xlfn.MAXIFS(T:T,S:S,C37,U:U,E37),_xlfn.MAXIFS(AG:AG,AH:AH,C37,AI:AI,E37))=0,"",MAX(_xlfn.MAXIFS(T:T,S:S,C37,U:U,E37),_xlfn.MAXIFS(AG:AG,AH:AH,C37,AI:AI,E37))) -> 45565 | K37: =COUNTIFS(TABELA!A:A,C37,TABELA!C:C,E37) -> 1 | L37: =SUMIFS(TABELA!M:M,TABELA!A:A,C37,TABELA!C:C,E37) -> 31.62 | M37: =IF(L37>0,H37-L37,0) -> 2 | N37: =SUMIFS(X:X,S:S,C37,U:U,E37)+SUMIFS(AK:AK,AH:AH,C37,AI:AI,E37) -> 33.62 | O37: =SUMIFS(W:W,S:S,C37)/SUMIFS(X:X,S:S,C37)/10 -> 157.61543 | R37: 2805 | S37: 20314 | T37: 45565 | U37: 501 | V37: 9 | W37: 3600 | AF37: 2720 | AG37: 45626 | AH37: 20465 | AI37: 1 | AJ37: 475.8 | AK37: 23.79 | AL37: 20
A38: 2805 | B38: IRRIGACAO ASPERCAO | C38: 20463 | D38: Fazenda Ouro Branco I | E38: 3 | F38: 3 | G38: 60 | H38: 39.58 | I38: HA | J38: =IF(MAX(_xlfn.MAXIFS(T:T,S:S,C38,U:U,E38),_xlfn.MAXIFS(AG:AG,AH:AH,C38,AI:AI,E38))=0,"",MAX(_xlfn.MAXIFS(T:T,S:S,C38,U:U,E38),_xlfn.MAXIFS(AG:AG,AH:AH,C38,AI:AI,E38))) -> 45565 | K38: =COUNTIFS(TABELA!A:A,C38,TABELA!C:C,E38) -> 1 | L38: =SUMIFS(TABELA!M:M,TABELA!A:A,C38,TABELA!C:C,E38) -> 39.58 | M38: =IF(L38>0,H38-L38,0) -> 0 | N38: =SUMIFS(X:X,S:S,C38,U:U,E38)+SUMIFS(AK:AK,AH:AH,C38,AI:AI,E38) -> 39.58 | O38: =SUMIFS(W:W,S:S,C38)/SUMIFS(X:X,S:S,C38)/10 -> 93.048359 | R38: 2805 | S38: 20314 | U38: 501 | AF38: 2720 | AG38: 45626 | AH38: 20465 | AI38: 2 | AJ38: 140.4 | AK38: 7.02 | AL38: 20
A39: 2805 | B39: IRRIGACAO ASPERCAO | C39: 20463 | D39: Fazenda Ouro Branco I | E39: 4 | F39: 4 | G39: 60 | H39: 29.9 | I39: HA | J39: =IF(MAX(_xlfn.MAXIFS(T:T,S:S,C39,U:U,E39),_xlfn.MAXIFS(AG:AG,AH:AH,C39,AI:AI,E39))=0,"",MAX(_xlfn.MAXIFS(T:T,S:S,C39,U:U,E39),_xlfn.MAXIFS(AG:AG,AH:AH,C39,AI:AI,E39))) -> 45565 | K39: =COUNTIFS(TABELA!A:A,C39,TABELA!C:C,E39) -> 1 | L39: =SUMIFS(TABELA!M:M,TABELA!A:A,C39,TABELA!C:C,E39) -> 29.9 | M39: =IF(L39>0,H39-L39,0) -> 0 | N39: =SUMIFS(X:X,S:S,C39,U:U,E39)+SUMIFS(AK:AK,AH:AH,C39,AI:AI,E39) -> 29.9 | O39: =SUMIFS(W:W,S:S,C39)/SUMIFS(X:X,S:S,C39)/10 -> 93.048359 | R39: 2805 | S39: 20314 | T39: 45535 | U39: 502 | X39: 23.84 | AF39: 2720 | AG39: 45626 | AH39: 20465 | AI39: 3 | AJ39: 801 | AK39: 40.05 | AL39: 20
A40: 2805 | B40: IRRIGACAO ASPERCAO | C40: 20592 | D40: Fazenda Morada do Sol | E40: 3 | F40: 3 | G40: 16 | H40: 12.39 | I40: HA | J40: =IF(MAX(_xlfn.MAXIFS(T:T,S:S,C40,U:U,E40),_xlfn.MAXIFS(AG:AG,AH:AH,C40,AI:AI,E40))=0,"",MAX(_xlfn.MAXIFS(T:T,S:S,C40,U:U,E40),_xlfn.MAXIFS(AG:AG,AH:AH,C40,AI:AI,E40))) -> 45626 | K40: =COUNTIFS(TABELA!A:A,C40,TABELA!C:C,E40) -> 1 | L40: =SUMIFS(TABELA!M:M,TABELA!A:A,C40,TABELA!C:C,E40) -> 16.49 | M40: =IF(L40>0,H40-L40,0) -> -4.1 | N40: =SUMIFS(X:X,S:S,C40,U:U,E40)+SUMIFS(AK:AK,AH:AH,C40,AI:AI,E40) -> 12.39 | O40: =SUMIFS(W:W,S:S,C40)/SUMIFS(X:X,S:S,C40)/10 -> 16.14205 | R40: 2805 | S40: 20314 | U40: 502 | AF40: 2720 | AG40: 45626 | AH40: 20465 | AI40: 4 | AJ40: 854.8 | AK40: 42.74 | AL40: 20
A41: 2805 | B41: IRRIGACAO ASPERCAO | C41: 20592 | D41: Fazenda Morada do Sol | E41: 4 | F41: 4 | G41: 16 | H41: 12.39 | I41: HA | J41: =IF(MAX(_xlfn.MAXIFS(T:T,S:S,C41,U:U,E41),_xlfn.MAXIFS(AG:AG,AH:AH,C41,AI:AI,E41))=0,"",MAX(_xlfn.MAXIFS(T:T,S:S,C41,U:U,E41),_xlfn.MAXIFS(AG:AG,AH:AH,C41,AI:AI,E41))) -> 45626 | K41: =COUNTIFS(TABELA!A:A,C41,TABELA!C:C,E41) -> 1 | L41: =SUMIFS(TABELA!M:M,TABELA!A:A,C41,TABELA!C:C,E41) -> 12.39 | M41: =IF(L41>0,H41-L41,0) -> 0 | N41: =SUMIFS(X:X,S:S,C41,U:U,E41)+SUMIFS(AK:AK,AH:AH,C41,AI:AI,E41) -> 12.39 | O41: =SUMIFS(W:W,S:S,C41)/SUMIFS(X:X,S:S,C41)/10 -> 16.14205 | R41: 2805 | S41: 20314 | T41: 45535 | U41: 503 | X41: 28.93 | AF41: 2720 | AG41: 45626 | AH41: 20465 | AI41: 5 | AJ41: 362.8 | AK41: 18.14 | AL41: 20
A42: 2805 | B42: IRRIGACAO ASPERCAO | C42: 20619 | D42: Fazenda Amélia | E42: 1 | F42: 1 | G42: 55 | H42: 39.65 | I42: HA | J42: =IF(MAX(_xlfn.MAXIFS(T:T,S:S,C42,U:U,E42),_xlfn.MAXIFS(AG:AG,AH:AH,C42,AI:AI,E42))=0,"",MAX(_xlfn.MAXIFS(T:T,S:S,C42,U:U,E42),_xlfn.MAXIFS(AG:AG,AH:AH,C42,AI:AI,E42))) -> 45596 | K42: =COUNTIFS(TABELA!A:A,C42,TABELA!C:C,E42) -> 1 | L42: =SUMIFS(TABELA!M:M,TABELA!A:A,C42,TABELA!C:C,E42) -> 0 | M42: =IF(L42>0,H42-L42,0) -> 0 | N42: =SUMIFS(X:X,S:S,C42,U:U,E42)+SUMIFS(AK:AK,AH:AH,C42,AI:AI,E42) -> 39.65 | O42: =SUMIFS(W:W,S:S,C42)/SUMIFS(X:X,S:S,C42)/10 -> 55.976451 | R42: 2805 | S42: 20314 | U42: 503 | AF42: 2720 | AG42: 45626 | AH42: 20465 | AI42: 6 | AJ42: 537 | AK42: 26.85 | AL42: 20
A43: 2805 | B43: IRRIGACAO ASPERCAO | C43: 20619 | D43: Fazenda Amélia | E43: 2 | F43: 2 | G43: 55 | H43: 34.18 | I43: HA | J43: =IF(MAX(_xlfn.MAXIFS(T:T,S:S,C43,U:U,E43),_xlfn.MAXIFS(AG:AG,AH:AH,C43,AI:AI,E43))=0,"",MAX(_xlfn.MAXIFS(T:T,S:S,C43,U:U,E43),_xlfn.MAXIFS(AG:AG,AH:AH,C43,AI:AI,E43))) -> 45596 | K43: =COUNTIFS(TABELA!A:A,C43,TABELA!C:C,E43) -> 1 | L43: =SUMIFS(TABELA!M:M,TABELA!A:A,C43,TABELA!C:C,E43) -> 0 | M43: =IF(L43>0,H43-L43,0) -> 0 | N43: =SUMIFS(X:X,S:S,C43,U:U,E43)+SUMIFS(AK:AK,AH:AH,C43,AI:AI,E43) -> 34.18 | O43: =SUMIFS(W:W,S:S,C43)/SUMIFS(X:X,S:S,C43)/10 -> 55.976451 | R43: 2805 | S43: 20314 | U43: 504 | AF43: 2720 | AG43: 45596 | AH43: 20500 | AI43: 1 | AJ43: 55.12 | AK43: 2.12 | AL43: 26
A44: 2805 | B44: IRRIGACAO ASPERCAO | C44: 20619 | D44: Fazenda Amélia | E44: 5 | F44: 5 | G44: 55 | H44: 45.98 | I44: HA | J44: =IF(MAX(_xlfn.MAXIFS(T:T,S:S,C44,U:U,E44),_xlfn.MAXIFS(AG:AG,AH:AH,C44,AI:AI,E44))=0,"",MAX(_xlfn.MAXIFS(T:T,S:S,C44,U:U,E44),_xlfn.MAXIFS(AG:AG,AH:AH,C44,AI:AI,E44))) -> 45626 | K44: =COUNTIFS(TABELA!A:A,C44,TABELA!C:C,E44) -> 1 | L44: =SUMIFS(TABELA!M:M,TABELA!A:A,C44,TABELA!C:C,E44) -> 0 | M44: =IF(L44>0,H44-L44,0) -> 0 | N44: =SUMIFS(X:X,S:S,C44,U:U,E44)+SUMIFS(AK:AK,AH:AH,C44,AI:AI,E44) -> 45.98 | O44: =SUMIFS(W:W,S:S,C44)/SUMIFS(X:X,S:S,C44)/10 -> 55.976451 | R44: 2805 | S44: 20314 | U44: 505 | AF44: 2720 | AG44: 45596 | AH44: 20500 | AI44: 2 | AJ44: 309.4 | AK44: 11.9 | AL44: 26
A45: 2805 | B45: IRRIGACAO ASPERCAO | C45: 20619 | D45: Fazenda Amélia | E45: 6 | F45: 6 | G45: 55 | H45: 10.08 | I45: HA | J45: =IF(MAX(_xlfn.MAXIFS(T:T,S:S,C45,U:U,E45),_xlfn.MAXIFS(AG:AG,AH:AH,C45,AI:AI,E45))=0,"",MAX(_xlfn.MAXIFS(T:T,S:S,C45,U:U,E45),_xlfn.MAXIFS(AG:AG,AH:AH,C45,AI:AI,E45))) -> 45626 | K45: =COUNTIFS(TABELA!A:A,C45,TABELA!C:C,E45) -> 1 | L45: =SUMIFS(TABELA!M:M,TABELA!A:A,C45,TABELA!C:C,E45) -> 0 | M45: =IF(L45>0,H45-L45,0) -> 0 | N45: =SUMIFS(X:X,S:S,C45,U:U,E45)+SUMIFS(AK:AK,AH:AH,C45,AI:AI,E45) -> 10.08 | O45: =SUMIFS(W:W,S:S,C45)/SUMIFS(X:X,S:S,C45)/10 -> 55.976451 | R45: 2805 | S45: 20314 | U45: 506 | AF45: 2720 | AG45: 45626 | AH45: 20553 | AI45: 1 | AJ45: 349.6 | AK45: 17.48 | AL45: 20
A46: 2805 | B46: IRRIGACAO ASPERCAO | C46: 20619 | D46: Fazenda Amélia | E46: 7 | F46: 7 | G46: 55 | H46: 44.87 | I46: HA | J46: =IF(MAX(_xlfn.MAXIFS(T:T,S:S,C46,U:U,E46),_xlfn.MAXIFS(AG:AG,AH:AH,C46,AI:AI,E46))=0,"",MAX(_xlfn.MAXIFS(T:T,S:S,C46,U:U,E46),_xlfn.MAXIFS(AG:AG,AH:AH,C46,AI:AI,E46))) -> 45596 | K46: =COUNTIFS(TABELA!A:A,C46,TABELA!C:C,E46) -> 1 | L46: =SUMIFS(TABELA!M:M,TABELA!A:A,C46,TABELA!C:C,E46) -> 0 | M46: =IF(L46>0,H46-L46,0) -> 0 | N46: =SUMIFS(X:X,S:S,C46,U:U,E46)+SUMIFS(AK:AK,AH:AH,C46,AI:AI,E46) -> 44.87 | O46: =SUMIFS(W:W,S:S,C46)/SUMIFS(X:X,S:S,C46)/10 -> 55.976451 | R46: 2805 | S46: 20314 | T46: 45535 | U46: 507 | V46: 128 | W46: 49600 | X46: 29.75 | Y46: 166.72 | AF46: 2720 | AG46: 45626 | AH46: 20553 | AI46: 2 | AJ46: 521.6 | AK46: 26.08 | AL46: 20
A47: 2805 | B47: IRRIGACAO ASPERCAO | C47: 20619 | D47: Fazenda Amélia | E47: 8 | F47: 8 | G47: 55 | H47: 32.47 | I47: HA | J47: =IF(MAX(_xlfn.MAXIFS(T:T,S:S,C47,U:U,E47),_xlfn.MAXIFS(AG:AG,AH:AH,C47,AI:AI,E47))=0,"",MAX(_xlfn.MAXIFS(T:T,S:S,C47,U:U,E47),_xlfn.MAXIFS(AG:AG,AH:AH,C47,AI:AI,E47))) -> 45596 | K47: =COUNTIFS(TABELA!A:A,C47,TABELA!C:C,E47) -> 1 | L47: =SUMIFS(TABELA!M:M,TABELA!A:A,C47,TABELA!C:C,E47) -> 0 | M47: =IF(L47>0,H47-L47,0) -> 0 | N47: =SUMIFS(X:X,S:S,C47,U:U,E47)+SUMIFS(AK:AK,AH:AH,C47,AI:AI,E47) -> 32.47 | O47: =SUMIFS(W:W,S:S,C47)/SUMIFS(X:X,S:S,C47)/10 -> 55.976451 | R47: 2805 | S47: 20314 | U47: 507 | AF47: 2720 | AG47: 45626 | AH47: 20553 | AI47: 3 | AJ47: 619.6 | AK47: 30.98 | AL47: 20
R48: 2805 | S48: 20314 | T48: 45565 | U48: 508 | V48: 69 | W48: 27600 | X48: 18.28 | Y48: 150.98 | AF48: 2720 | AG48: 45626 | AH48: 20553 | AI48: 4 | AJ48: 790.4 | AK48: 39.52 | AL48: 20
R49: 2805 | S49: 20314 | U49: 508 | AF49: 2720 | AG49: 45626 | AH49: 20553 | AI49: 5 | AJ49: 738.6 | AK49: 36.93 | AL49: 20
R50: 2805 | S50: 20431 | T50: 45443 | U50: 3 | V50: 18 | W50: 3600 | X50: 10.08 | Y50: 35.71 | AF50: 2720 | AG50: 45596 | AH50: 20573 | AI50: 1 | AJ50: 190.06 | AK50: 7.31 | AL50: 26
A51: 2820 | B51: 1 IRRIGACAO ASPERSAO BLEND | C51: 20305 | D51: Fazenda Vista Bonita | E51: 189 | F51: 189 | G51: 20 | H51: 15.08 | I51: HA | J51: =IF(MAX(_xlfn.MAXIFS(T:T,S:S,C51,U:U,E51),_xlfn.MAXIFS(AG:AG,AH:AH,C51,AI:AI,E51))=0,"",MAX(_xlfn.MAXIFS(T:T,S:S,C51,U:U,E51),_xlfn.MAXIFS(AG:AG,AH:AH,C51,AI:AI,E51))) -> 45626 | K51: =COUNTIFS(TABELA!A:A,C51,TABELA!C:C,E51) -> 1 | L51: =SUMIFS(TABELA!M:M,TABELA!A:A,C51,TABELA!C:C,E51) -> 15.08 | M51: =IF(L51>0,H51-L51,0) -> 0 | N51: =SUMIFS(X:X,S:S,C51,U:U,E51)+SUMIFS(AK:AK,AH:AH,C51,AI:AI,E51) -> 15.08 | O51: =SUMIFS(AJ:AJ,AH:AH,C51)/SUMIFS(AK:AK,AH:AH,C51) -> 20 | R51: 2805 | S51: 20431 | U51: 3 | AF51: 2720 | AG51: 45596 | AH51: 20573 | AI51: 2 | AJ51: 425.88 | AK51: 16.38 | AL51: 26
A52: 2820 | B52: 1 IRRIGACAO ASPERSAO BLEND | C52: 20305 | D52: Fazenda Vista Bonita | E52: 190 | F52: 190 | G52: 20 | H52: 41.45 | I52: HA | J52: =IF(MAX(_xlfn.MAXIFS(T:T,S:S,C52,U:U,E52),_xlfn.MAXIFS(AG:AG,AH:AH,C52,AI:AI,E52))=0,"",MAX(_xlfn.MAXIFS(T:T,S:S,C52,U:U,E52),_xlfn.MAXIFS(AG:AG,AH:AH,C52,AI:AI,E52))) -> 45626 | K52: =COUNTIFS(TABELA!A:A,C52,TABELA!C:C,E52) -> 1 | L52: =SUMIFS(TABELA!M:M,TABELA!A:A,C52,TABELA!C:C,E52) -> 41.45 | M52: =IF(L52>0,H52-L52,0) -> 0 | N52: =SUMIFS(X:X,S:S,C52,U:U,E52)+SUMIFS(AK:AK,AH:AH,C52,AI:AI,E52) -> 41.45 | O52: =SUMIFS(AJ:AJ,AH:AH,C52)/SUMIFS(AK:AK,AH:AH,C52) -> 20 | R52: 2805 | S52: 20431 | T52: 45443 | U52: 4 | X52: 10.08 | AF52: 2720 | AG52: 45596 | AH52: 20573 | AI52: 3 | AJ52: 254.8 | AK52: 9.8 | AL52: 26
A53: 2820 | B53: 1 IRRIGACAO ASPERSAO BLEND | C53: 20305 | D53: Fazenda Vista Bonita | E53: 191 | F53: 191 | G53: 20 | H53: 47.63 | I53: HA | J53: =IF(MAX(_xlfn.MAXIFS(T:T,S:S,C53,U:U,E53),_xlfn.MAXIFS(AG:AG,AH:AH,C53,AI:AI,E53))=0,"",MAX(_xlfn.MAXIFS(T:T,S:S,C53,U:U,E53),_xlfn.MAXIFS(AG:AG,AH:AH,C53,AI:AI,E53))) -> 45626 | K53: =COUNTIFS(TABELA!A:A,C53,TABELA!C:C,E53) -> 1 | L53: =SUMIFS(TABELA!M:M,TABELA!A:A,C53,TABELA!C:C,E53) -> 47.63 | M53: =IF(L53>0,H53-L53,0) -> 0 | N53: =SUMIFS(X:X,S:S,C53,U:U,E53)+SUMIFS(AK:AK,AH:AH,C53,AI:AI,E53) -> 47.63 | O53: =SUMIFS(AJ:AJ,AH:AH,C53)/SUMIFS(AK:AK,AH:AH,C53) -> 20 | R53: 2805 | S53: 20431 | U53: 4
A54: 2820 | B54: 1 IRRIGACAO ASPERSAO BLEND | C54: 20305 | D54: Fazenda Vista Bonita | E54: 192 | F54: 192 | G54: 20 | H54: 26.84 | I54: HA | J54: =IF(MAX(_xlfn.MAXIFS(T:T,S:S,C54,U:U,E54),_xlfn.MAXIFS(AG:AG,AH:AH,C54,AI:AI,E54))=0,"",MAX(_xlfn.MAXIFS(T:T,S:S,C54,U:U,E54),_xlfn.MAXIFS(AG:AG,AH:AH,C54,AI:AI,E54))) -> 45626 | K54: =COUNTIFS(TABELA!A:A,C54,TABELA!C:C,E54) -> 1 | L54: =SUMIFS(TABELA!M:M,TABELA!A:A,C54,TABELA!C:C,E54) -> 26.84 | M54: =IF(L54>0,H54-L54,0) -> 0 | N54: =SUMIFS(X:X,S:S,C54,U:U,E54)+SUMIFS(AK:AK,AH:AH,C54,AI:AI,E54) -> 26.84 | O54: =SUMIFS(AJ:AJ,AH:AH,C54)/SUMIFS(AK:AK,AH:AH,C54) -> 20 | R54: 2805 | S54: 20431 | U54: 5
A55: 2820 | B55: 1 IRRIGACAO ASPERSAO BLEND | C55: 20322 | D55: Fazenda Sao Luiz | E55: 1 | F55: 1 | G55: 26 | H55: 5.49 | I55: HA | J55: =IF(MAX(_xlfn.MAXIFS(T:T,S:S,C55,U:U,E55),_xlfn.MAXIFS(AG:AG,AH:AH,C55,AI:AI,E55))=0,"",MAX(_xlfn.MAXIFS(T:T,S:S,C55,U:U,E55),_xlfn.MAXIFS(AG:AG,AH:AH,C55,AI:AI,E55))) -> 45596 | K55: =COUNTIFS(TABELA!A:A,C55,TABELA!C:C,E55) -> 1 | L55: =SUMIFS(TABELA!M:M,TABELA!A:A,C55,TABELA!C:C,E55) -> 5.49 | M55: =IF(L55>0,H55-L55,0) -> 0 | N55: =SUMIFS(X:X,S:S,C55,U:U,E55)+SUMIFS(AK:AK,AH:AH,C55,AI:AI,E55) -> 5.49 | O55: =SUMIFS(AJ:AJ,AH:AH,C55)/SUMIFS(AK:AK,AH:AH,C55) -> 26 | R55: 2805 | S55: 20431 | U55: 9
A56: 2820 | B56: 1 IRRIGACAO ASPERSAO BLEND | C56: 20322 | D56: Fazenda Sao Luiz | E56: 2 | F56: 2 | G56: 26 | H56: 3.82 | I56: HA | J56: =IF(MAX(_xlfn.MAXIFS(T:T,S:S,C56,U:U,E56),_xlfn.MAXIFS(AG:AG,AH:AH,C56,AI:AI,E56))=0,"",MAX(_xlfn.MAXIFS(T:T,S:S,C56,U:U,E56),_xlfn.MAXIFS(AG:AG,AH:AH,C56,AI:AI,E56))) -> 45596 | K56: =COUNTIFS(TABELA!A:A,C56,TABELA!C:C,E56) -> 1 | L56: =SUMIFS(TABELA!M:M,TABELA!A:A,C56,TABELA!C:C,E56) -> 3.82 | M56: =IF(L56>0,H56-L56,0) -> 0 | N56: =SUMIFS(X:X,S:S,C56,U:U,E56)+SUMIFS(AK:AK,AH:AH,C56,AI:AI,E56) -> 3.82 | O56: =SUMIFS(AJ:AJ,AH:AH,C56)/SUMIFS(AK:AK,AH:AH,C56) -> 26 | R56: 2805 | S56: 20431 | T56: 45443 | U56: 15 | V56: 24 | W56: 4800 | X56: 10.08 | Y56: 47.62
A57: 2820 | B57: 1 IRRIGACAO ASPERSAO BLEND | C57: 20322 | D57: Fazenda Sao Luiz | E57: 3 | F57: 3 | G57: 26 | H57: 3.72 | I57: HA | J57: =IF(MAX(_xlfn.MAXIFS(T:T,S:S,C57,U:U,E57),_xlfn.MAXIFS(AG:AG,AH:AH,C57,AI:AI,E57))=0,"",MAX(_xlfn.MAXIFS(T:T,S:S,C57,U:U,E57),_xlfn.MAXIFS(AG:AG,AH:AH,C57,AI:AI,E57))) -> 45596 | K57: =COUNTIFS(TABELA!A:A,C57,TABELA!C:C,E57) -> 1 | L57: =SUMIFS(TABELA!M:M,TABELA!A:A,C57,TABELA!C:C,E57) -> 3.72 | M57: =IF(L57>0,H57-L57,0) -> 0 | N57: =SUMIFS(X:X,S:S,C57,U:U,E57)+SUMIFS(AK:AK,AH:AH,C57,AI:AI,E57) -> 3.72 | O57: =SUMIFS(AJ:AJ,AH:AH,C57)/SUMIFS(AK:AK,AH:AH,C57) -> 26 | R57: 2805 | S57: 20431 | U57: 15
A58: 2820 | B58: 1 IRRIGACAO ASPERSAO BLEND | C58: 20322 | D58: Fazenda Sao Luiz | E58: 4 | F58: 4 | G58: 26 | H58: 3.93 | I58: HA | J58: =IF(MAX(_xlfn.MAXIFS(T:T,S:S,C58,U:U,E58),_xlfn.MAXIFS(AG:AG,AH:AH,C58,AI:AI,E58))=0,"",MAX(_xlfn.MAXIFS(T:T,S:S,C58,U:U,E58),_xlfn.MAXIFS(AG:AG,AH:AH,C58,AI:AI,E58))) -> 45596 | K58: =COUNTIFS(TABELA!A:A,C58,TABELA!C:C,E58) -> 1 | L58: =SUMIFS(TABELA!M:M,TABELA!A:A,C58,TABELA!C:C,E58) -> 3.93 | M58: =IF(L58>0,H58-L58,0) -> 0 | N58: =SUMIFS(X:X,S:S,C58,U:U,E58)+SUMIFS(AK:AK,AH:AH,C58,AI:AI,E58) -> 3.93 | O58: =SUMIFS(AJ:AJ,AH:AH,C58)/SUMIFS(AK:AK,AH:AH,C58) -> 26 | R58: 2805 | S58: 20431 | T58: 45443 | U58: 16 | X58: 10.08
A59: 2820 | B59: 1 IRRIGACAO ASPERSAO BLEND | C59: 20322 | D59: Fazenda Sao Luiz | E59: 5 | F59: 5 | G59: 26 | H59: 4.41 | I59: HA | J59: =IF(MAX(_xlfn.MAXIFS(T:T,S:S,C59,U:U,E59),_xlfn.MAXIFS(AG:AG,AH:AH,C59,AI:AI,E59))=0,"",MAX(_xlfn.MAXIFS(T:T,S:S,C59,U:U,E59),_xlfn.MAXIFS(AG:AG,AH:AH,C59,AI:AI,E59))) -> 45596 | K59: =COUNTIFS(TABELA!A:A,C59,TABELA!C:C,E59) -> 1 | L59: =SUMIFS(TABELA!M:M,TABELA!A:A,C59,TABELA!C:C,E59) -> 4.41 | M59: =IF(L59>0,H59-L59,0) -> 0 | N59: =SUMIFS(X:X,S:S,C59,U:U,E59)+SUMIFS(AK:AK,AH:AH,C59,AI:AI,E59) -> 4.41 | O59: =SUMIFS(AJ:AJ,AH:AH,C59)/SUMIFS(AK:AK,AH:AH,C59) -> 26 | R59: 2805 | S59: 20431 | U59: 16
A60: 2820 | B60: 1 IRRIGACAO ASPERSAO BLEND | C60: 20322 | D60: Fazenda Sao Luiz | E60: 6 | F60: 6 | G60: 26 | H60: 3.48 | I60: HA | J60: =IF(MAX(_xlfn.MAXIFS(T:T,S:S,C60,U:U,E60),_xlfn.MAXIFS(AG:AG,AH:AH,C60,AI:AI,E60))=0,"",MAX(_xlfn.MAXIFS(T:T,S:S,C60,U:U,E60),_xlfn.MAXIFS(AG:AG,AH:AH,C60,AI:AI,E60))) -> 45596 | K60: =COUNTIFS(TABELA!A:A,C60,TABELA!C:C,E60) -> 1 | L60: =SUMIFS(TABELA!M:M,TABELA!A:A,C60,TABELA!C:C,E60) -> 3.48 | M60: =IF(L60>0,H60-L60,0) -> 0 | N60: =SUMIFS(X:X,S:S,C60,U:U,E60)+SUMIFS(AK:AK,AH:AH,C60,AI:AI,E60) -> 3.48 | O60: =SUMIFS(AJ:AJ,AH:AH,C60)/SUMIFS(AK:AK,AH:AH,C60) -> 26 | R60: 2805 | S60: 20432 | T60: 45504 | U60: 190 | V60: 38 | W60: 7600 | X60: 5.11 | Y60: 148.73
A61: 2820 | B61: 1 IRRIGACAO ASPERSAO BLEND | C61: 20322 | D61: Fazenda Sao Luiz | E61: 7 | F61: 7 | G61: 26 | H61: 2.8 | I61: HA | J61: =IF(MAX(_xlfn.MAXIFS(T:T,S:S,C61,U:U,E61),_xlfn.MAXIFS(AG:AG,AH:AH,C61,AI:AI,E61))=0,"",MAX(_xlfn.MAXIFS(T:T,S:S,C61,U:U,E61),_xlfn.MAXIFS(AG:AG,AH:AH,C61,AI:AI,E61))) -> 45596 | K61: =COUNTIFS(TABELA!A:A,C61,TABELA!C:C,E61) -> 1 | L61: =SUMIFS(TABELA!M:M,TABELA!A:A,C61,TABELA!C:C,E61) -> 2.8 | M61: =IF(L61>0,H61-L61,0) -> 0 | N61: =SUMIFS(X:X,S:S,C61,U:U,E61)+SUMIFS(AK:AK,AH:AH,C61,AI:AI,E61) -> 2.8 | O61: =SUMIFS(AJ:AJ,AH:AH,C61)/SUMIFS(AK:AK,AH:AH,C61) -> 26 | R61: 2805 | S61: 20432 | U61: 190
A62: 2820 | B62: 1 IRRIGACAO ASPERSAO BLEND | C62: 20322 | D62: Fazenda Sao Luiz | E62: 8 | F62: 8 | G62: 26 | H62: 3.82 | I62: HA | J62: =IF(MAX(_xlfn.MAXIFS(T:T,S:S,C62,U:U,E62),_xlfn.MAXIFS(AG:AG,AH:AH,C62,AI:AI,E62))=0,"",MAX(_xlfn.MAXIFS(T:T,S:S,C62,U:U,E62),_xlfn.MAXIFS(AG:AG,AH:AH,C62,AI:AI,E62))) -> 45596 | K62: =COUNTIFS(TABELA!A:A,C62,TABELA!C:C,E62) -> 1 | L62: =SUMIFS(TABELA!M:M,TABELA!A:A,C62,TABELA!C:C,E62) -> 3.82 | M62: =IF(L62>0,H62-L62,0) -> 0 | N62: =SUMIFS(X:X,S:S,C62,U:U,E62)+SUMIFS(AK:AK,AH:AH,C62,AI:AI,E62) -> 3.82 | O62: =SUMIFS(AJ:AJ,AH:AH,C62)/SUMIFS(AK:AK,AH:AH,C62) -> 26 | R62: 2805 | S62: 20432 | T62: 45504 | U62: 191 | X62: 8.21
A63: 2820 | B63: 1 IRRIGACAO ASPERSAO BLEND | C63: 20323 | D63: Fazenda Sao Manoel | E63: 1 | F63: 1 | G63: 20 | H63: 2.51 | I63: HA | J63: =IF(MAX(_xlfn.MAXIFS(T:T,S:S,C63,U:U,E63),_xlfn.MAXIFS(AG:AG,AH:AH,C63,AI:AI,E63))=0,"",MAX(_xlfn.MAXIFS(T:T,S:S,C63,U:U,E63),_xlfn.MAXIFS(AG:AG,AH:AH,C63,AI:AI,E63))) -> 45626 | K63: =COUNTIFS(TABELA!A:A,C63,TABELA!C:C,E63) -> 1 | L63: =SUMIFS(TABELA!M:M,TABELA!A:A,C63,TABELA!C:C,E63) -> 2.51 | M63: =IF(L63>0,H63-L63,0) -> 0 | N63: =SUMIFS(X:X,S:S,C63,U:U,E63)+SUMIFS(AK:AK,AH:AH,C63,AI:AI,E63) -> 2.51 | O63: =SUMIFS(AJ:AJ,AH:AH,C63)/SUMIFS(AK:AK,AH:AH,C63) -> 20 | R63: 2805 | S63: 20432 | U63: 191
A64: 2820 | B64: 1 IRRIGACAO ASPERSAO BLEND | C64: 20323 | D64: Fazenda Sao Manoel | E64: 2 | F64: 2 | G64: 20 | H64: 12.58 | I64: HA | J64: =IF(MAX(_xlfn.MAXIFS(T:T,S:S,C64,U:U,E64),_xlfn.MAXIFS(AG:AG,AH:AH,C64,AI:AI,E64))=0,"",MAX(_xlfn.MAXIFS(T:T,S:S,C64,U:U,E64),_xlfn.MAXIFS(AG:AG,AH:AH,C64,AI:AI,E64))) -> 45626 | K64: =COUNTIFS(TABELA!A:A,C64,TABELA!C:C,E64) -> 1 | L64: =SUMIFS(TABELA!M:M,TABELA!A:A,C64,TABELA!C:C,E64) -> 12.58 | M64: =IF(L64>0,H64-L64,0) -> 0 | N64: =SUMIFS(X:X,S:S,C64,U:U,E64)+SUMIFS(AK:AK,AH:AH,C64,AI:AI,E64) -> 12.58 | O64: =SUMIFS(AJ:AJ,AH:AH,C64)/SUMIFS(AK:AK,AH:AH,C64) -> 20 | R64: 2805 | S64: 20432 | T64: 45504 | U64: 194 | X64: 13.67
A65: 2820 | B65: 1 IRRIGACAO ASPERSAO BLEND | C65: 20323 | D65: Fazenda Sao Manoel | E65: 3 | F65: 3 | G65: 20 | H65: 24.91 | I65: HA | J65: =IF(MAX(_xlfn.MAXIFS(T:T,S:S,C65,U:U,E65),_xlfn.MAXIFS(AG:AG,AH:AH,C65,AI:AI,E65))=0,"",MAX(_xlfn.MAXIFS(T:T,S:S,C65,U:U,E65),_xlfn.MAXIFS(AG:AG,AH:AH,C65,AI:AI,E65))) -> 45626 | K65: =COUNTIFS(TABELA!A:A,C65,TABELA!C:C,E65) -> 1 | L65: =SUMIFS(TABELA!M:M,TABELA!A:A,C65,TABELA!C:C,E65) -> 24.91 | M65: =IF(L65>0,H65-L65,0) -> 0 | N65: =SUMIFS(X:X,S:S,C65,U:U,E65)+SUMIFS(AK:AK,AH:AH,C65,AI:AI,E65) -> 24.91 | O65: =SUMIFS(AJ:AJ,AH:AH,C65)/SUMIFS(AK:AK,AH:AH,C65) -> 20 | R65: 2805 | S65: 20432 | U65: 194
A66: 2820 | B66: 1 IRRIGACAO ASPERSAO BLEND | C66: 20323 | D66: Fazenda Sao Manoel | E66: 4 | F66: 4 | G66: 20 | H66: 18.3 | I66: HA | J66: =IF(MAX(_xlfn.MAXIFS(T:T,S:S,C66,U:U,E66),_xlfn.MAXIFS(AG:AG,AH:AH,C66,AI:AI,E66))=0,"",MAX(_xlfn.MAXIFS(T:T,S:S,C66,U:U,E66),_xlfn.MAXIFS(AG:AG,AH:AH,C66,AI:AI,E66))) -> 45626 | K66: =COUNTIFS(TABELA!A:A,C66,TABELA!C:C,E66) -> 1 | L66: =SUMIFS(TABELA!M:M,TABELA!A:A,C66,TABELA!C:C,E66) -> 18.3 | M66: =IF(L66>0,H66-L66,0) -> 0 | N66: =SUMIFS(X:X,S:S,C66,U:U,E66)+SUMIFS(AK:AK,AH:AH,C66,AI:AI,E66) -> 18.3 | O66: =SUMIFS(AJ:AJ,AH:AH,C66)/SUMIFS(AK:AK,AH:AH,C66) -> 20 | R66: 2805 | S66: 20439 | U66: 1
A67: 2820 | B67: 1 IRRIGACAO ASPERSAO BLEND | C67: 20323 | D67: Fazenda Sao Manoel | E67: 5 | F67: 5 | G67: 20 | H67: 6.87 | I67: HA | J67: =IF(MAX(_xlfn.MAXIFS(T:T,S:S,C67,U:U,E67),_xlfn.MAXIFS(AG:AG,AH:AH,C67,AI:AI,E67))=0,"",MAX(_xlfn.MAXIFS(T:T,S:S,C67,U:U,E67),_xlfn.MAXIFS(AG:AG,AH:AH,C67,AI:AI,E67))) -> 45626 | K67: =COUNTIFS(TABELA!A:A,C67,TABELA!C:C,E67) -> 1 | L67: =SUMIFS(TABELA!M:M,TABELA!A:A,C67,TABELA!C:C,E67) -> 6.87 | M67: =IF(L67>0,H67-L67,0) -> 0 | N67: =SUMIFS(X:X,S:S,C67,U:U,E67)+SUMIFS(AK:AK,AH:AH,C67,AI:AI,E67) -> 6.87 | O67: =SUMIFS(AJ:AJ,AH:AH,C67)/SUMIFS(AK:AK,AH:AH,C67) -> 20 | R67: 2805 | S67: 20439 | U67: 2
A68: 2820 | B68: 1 IRRIGACAO ASPERSAO BLEND | C68: 20323 | D68: Fazenda Sao Manoel | E68: 6 | F68: 6 | G68: 20 | H68: 11.31 | I68: HA | J68: =IF(MAX(_xlfn.MAXIFS(T:T,S:S,C68,U:U,E68),_xlfn.MAXIFS(AG:AG,AH:AH,C68,AI:AI,E68))=0,"",MAX(_xlfn.MAXIFS(T:T,S:S,C68,U:U,E68),_xlfn.MAXIFS(AG:AG,AH:AH,C68,AI:AI,E68))) -> 45626 | K68: =COUNTIFS(TABELA!A:A,C68,TABELA!C:C,E68) -> 1 | L68: =SUMIFS(TABELA!M:M,TABELA!A:A,C68,TABELA!C:C,E68) -> 11.31 | M68: =IF(L68>0,H68-L68,0) -> 0 | N68: =SUMIFS(X:X,S:S,C68,U:U,E68)+SUMIFS(AK:AK,AH:AH,C68,AI:AI,E68) -> 11.31 | O68: =SUMIFS(AJ:AJ,AH:AH,C68)/SUMIFS(AK:AK,AH:AH,C68) -> 20 | R68: 2805 | S68: 20439 | T68: 45565 | U68: 3 | V68: 149 | W68: 61950 | X68: 43.01 | Y68: 144.04
A69: 2820 | B69: 1 IRRIGACAO ASPERSAO BLEND | C69: 20325 | D69: Fazenda Daniela | E69: 1 | F69: 1 | G69: 20 | H69: 35.92 | I69: HA | J69: =IF(MAX(_xlfn.MAXIFS(T:T,S:S,C69,U:U,E69),_xlfn.MAXIFS(AG:AG,AH:AH,C69,AI:AI,E69))=0,"",MAX(_xlfn.MAXIFS(T:T,S:S,C69,U:U,E69),_xlfn.MAXIFS(AG:AG,AH:AH,C69,AI:AI,E69))) -> 45626 | K69: =COUNTIFS(TABELA!A:A,C69,TABELA!C:C,E69) -> 1 | L69: =SUMIFS(TABELA!M:M,TABELA!A:A,C69,TABELA!C:C,E69) -> 35.92 | M69: =IF(L69>0,H69-L69,0) -> 0 | N69: =SUMIFS(X:X,S:S,C69,U:U,E69)+SUMIFS(AK:AK,AH:AH,C69,AI:AI,E69) -> 35.92 | O69: =SUMIFS(AJ:AJ,AH:AH,C69)/SUMIFS(AK:AK,AH:AH,C69) -> 20 | R69: 2805 | S69: 20439 | U69: 3
A70: 2820 | B70: 1 IRRIGACAO ASPERSAO BLEND | C70: 20325 | D70: Fazenda Daniela | E70: 2 | F70: 2 | G70: 20 | H70: 30.76 | I70: HA | J70: =IF(MAX(_xlfn.MAXIFS(T:T,S:S,C70,U:U,E70),_xlfn.MAXIFS(AG:AG,AH:AH,C70,AI:AI,E70))=0,"",MAX(_xlfn.MAXIFS(T:T,S:S,C70,U:U,E70),_xlfn.MAXIFS(AG:AG,AH:AH,C70,AI:AI,E70))) -> 45626 | K70: =COUNTIFS(TABELA!A:A,C70,TABELA!C:C,E70) -> 1 | L70: =SUMIFS(TABELA!M:M,TABELA!A:A,C70,TABELA!C:C,E70) -> 30.76 | M70: =IF(L70>0,H70-L70,0) -> 0 | N70: =SUMIFS(X:X,S:S,C70,U:U,E70)+SUMIFS(AK:AK,AH:AH,C70,AI:AI,E70) -> 30.76 | O70: =SUMIFS(AJ:AJ,AH:AH,C70)/SUMIFS(AK:AK,AH:AH,C70) -> 20 | R70: 2805 | S70: 20439 | U70: 4
A71: 2820 | B71: 1 IRRIGACAO ASPERSAO BLEND | C71: 20325 | D71: Fazenda Daniela | E71: 3 | F71: 3 | G71: 20 | H71: 23.11 | I71: HA | J71: =IF(MAX(_xlfn.MAXIFS(T:T,S:S,C71,U:U,E71),_xlfn.MAXIFS(AG:AG,AH:AH,C71,AI:AI,E71))=0,"",MAX(_xlfn.MAXIFS(T:T,S:S,C71,U:U,E71),_xlfn.MAXIFS(AG:AG,AH:AH,C71,AI:AI,E71))) -> 45626 | K71: =COUNTIFS(TABELA!A:A,C71,TABELA!C:C,E71) -> 1 | L71: =SUMIFS(TABELA!M:M,TABELA!A:A,C71,TABELA!C:C,E71) -> 23.11 | M71: =IF(L71>0,H71-L71,0) -> 0 | N71: =SUMIFS(X:X,S:S,C71,U:U,E71)+SUMIFS(AK:AK,AH:AH,C71,AI:AI,E71) -> 23.11 | O71: =SUMIFS(AJ:AJ,AH:AH,C71)/SUMIFS(AK:AK,AH:AH,C71) -> 20 | R71: 2805 | S71: 20439 | T71: 45565 | U71: 5 | X71: 37.72
A72: 2820 | B72: 1 IRRIGACAO ASPERSAO BLEND | C72: 20325 | D72: Fazenda Daniela | E72: 4 | F72: 4 | G72: 20 | H72: 5.22 | I72: HA | J72: =IF(MAX(_xlfn.MAXIFS(T:T,S:S,C72,U:U,E72),_xlfn.MAXIFS(AG:AG,AH:AH,C72,AI:AI,E72))=0,"",MAX(_xlfn.MAXIFS(T:T,S:S,C72,U:U,E72),_xlfn.MAXIFS(AG:AG,AH:AH,C72,AI:AI,E72))) -> 45626 | K72: =COUNTIFS(TABELA!A:A,C72,TABELA!C:C,E72) -> 1 | L72: =SUMIFS(TABELA!M:M,TABELA!A:A,C72,TABELA!C:C,E72) -> 5.22 | M72: =IF(L72>0,H72-L72,0) -> 0 | N72: =SUMIFS(X:X,S:S,C72,U:U,E72)+SUMIFS(AK:AK,AH:AH,C72,AI:AI,E72) -> 5.22 | O72: =SUMIFS(AJ:AJ,AH:AH,C72)/SUMIFS(AK:AK,AH:AH,C72) -> 20 | R72: 2805 | S72: 20439 | U72: 5
A73: 2820 | B73: 1 IRRIGACAO ASPERSAO BLEND | C73: 20325 | D73: Fazenda Daniela | E73: 5 | F73: 5 | G73: 20 | H73: 49.47 | I73: HA | J73: =IF(MAX(_xlfn.MAXIFS(T:T,S:S,C73,U:U,E73),_xlfn.MAXIFS(AG:AG,AH:AH,C73,AI:AI,E73))=0,"",MAX(_xlfn.MAXIFS(T:T,S:S,C73,U:U,E73),_xlfn.MAXIFS(AG:AG,AH:AH,C73,AI:AI,E73))) -> 45626 | K73: =COUNTIFS(TABELA!A:A,C73,TABELA!C:C,E73) -> 1 | L73: =SUMIFS(TABELA!M:M,TABELA!A:A,C73,TABELA!C:C,E73) -> 49.47 | M73: =IF(L73>0,H73-L73,0) -> 0 | N73: =SUMIFS(X:X,S:S,C73,U:U,E73)+SUMIFS(AK:AK,AH:AH,C73,AI:AI,E73) -> 49.47 | O73: =SUMIFS(AJ:AJ,AH:AH,C73)/SUMIFS(AK:AK,AH:AH,C73) -> 20 | R73: 2805 | S73: 20439 | T73: 45565 | U73: 7 | X73: 23.35
A74: 2820 | B74: 1 IRRIGACAO ASPERSAO BLEND | C74: 20340 | D74: Estancia Izaura | E74: 1 | F74: 1 | G74: 26 | H74: 24.62 | I74: HA | J74: =IF(MAX(_xlfn.MAXIFS(T:T,S:S,C74,U:U,E74),_xlfn.MAXIFS(AG:AG,AH:AH,C74,AI:AI,E74))=0,"",MAX(_xlfn.MAXIFS(T:T,S:S,C74,U:U,E74),_xlfn.MAXIFS(AG:AG,AH:AH,C74,AI:AI,E74))) -> 45596 | K74: =COUNTIFS(TABELA!A:A,C74,TABELA!C:C,E74) -> 1 | L74: =SUMIFS(TABELA!M:M,TABELA!A:A,C74,TABELA!C:C,E74) -> 24.62 | M74: =IF(L74>0,H74-L74,0) -> 0 | N74: =SUMIFS(X:X,S:S,C74,U:U,E74)+SUMIFS(AK:AK,AH:AH,C74,AI:AI,E74) -> 24.62 | O74: =SUMIFS(AJ:AJ,AH:AH,C74)/SUMIFS(AK:AK,AH:AH,C74) -> 26 | R74: 2805 | S74: 20439 | U74: 7
A75: 2820 | B75: 1 IRRIGACAO ASPERSAO BLEND | C75: 20340 | D75: Estancia Izaura | E75: 2 | F75: 2 | G75: 26 | H75: 10.17 | I75: HA | J75: =IF(MAX(_xlfn.MAXIFS(T:T,S:S,C75,U:U,E75),_xlfn.MAXIFS(AG:AG,AH:AH,C75,AI:AI,E75))=0,"",MAX(_xlfn.MAXIFS(T:T,S:S,C75,U:U,E75),_xlfn.MAXIFS(AG:AG,AH:AH,C75,AI:AI,E75))) -> 45596 | K75: =COUNTIFS(TABELA!A:A,C75,TABELA!C:C,E75) -> 1 | L75: =SUMIFS(TABELA!M:M,TABELA!A:A,C75,TABELA!C:C,E75) -> 10.17 | M75: =IF(L75>0,H75-L75,0) -> 0 | N75: =SUMIFS(X:X,S:S,C75,U:U,E75)+SUMIFS(AK:AK,AH:AH,C75,AI:AI,E75) -> 10.17 | O75: =SUMIFS(AJ:AJ,AH:AH,C75)/SUMIFS(AK:AK,AH:AH,C75) -> 26 | R75: 2805 | S75: 20450 | U75: 1
A76: 2820 | B76: 1 IRRIGACAO ASPERSAO BLEND | C76: 20340 | D76: Estancia Izaura | E76: 3 | F76: 3 | G76: 26 | H76: 6.76 | I76: HA | J76: =IF(MAX(_xlfn.MAXIFS(T:T,S:S,C76,U:U,E76),_xlfn.MAXIFS(AG:AG,AH:AH,C76,AI:AI,E76))=0,"",MAX(_xlfn.MAXIFS(T:T,S:S,C76,U:U,E76),_xlfn.MAXIFS(AG:AG,AH:AH,C76,AI:AI,E76))) -> 45596 | K76: =COUNTIFS(TABELA!A:A,C76,TABELA!C:C,E76) -> 1 | L76: =SUMIFS(TABELA!M:M,TABELA!A:A,C76,TABELA!C:C,E76) -> 6.76 | M76: =IF(L76>0,H76-L76,0) -> 0 | N76: =SUMIFS(X:X,S:S,C76,U:U,E76)+SUMIFS(AK:AK,AH:AH,C76,AI:AI,E76) -> 6.76 | O76: =SUMIFS(AJ:AJ,AH:AH,C76)/SUMIFS(AK:AK,AH:AH,C76) -> 26 | R76: 2805 | S76: 20450 | T76: 45565 | U76: 2 | X76: 11.92
A77: 2820 | B77: 1 IRRIGACAO ASPERSAO BLEND | C77: 20345 | D77: Sitio Rancho Alegre | E77: 1 | F77: 1 | G77: 26 | H77: 24.57 | I77: HA | J77: =IF(MAX(_xlfn.MAXIFS(T:T,S:S,C77,U:U,E77),_xlfn.MAXIFS(AG:AG,AH:AH,C77,AI:AI,E77))=0,"",MAX(_xlfn.MAXIFS(T:T,S:S,C77,U:U,E77),_xlfn.MAXIFS(AG:AG,AH:AH,C77,AI:AI,E77))) -> 45596 | K77: =COUNTIFS(TABELA!A:A,C77,TABELA!C:C,E77) -> 1 | L77: =SUMIFS(TABELA!M:M,TABELA!A:A,C77,TABELA!C:C,E77) -> 24.57 | M77: =IF(L77>0,H77-L77,0) -> 0 | N77: =SUMIFS(X:X,S:S,C77,U:U,E77)+SUMIFS(AK:AK,AH:AH,C77,AI:AI,E77) -> 24.57 | O77: =SUMIFS(AJ:AJ,AH:AH,C77)/SUMIFS(AK:AK,AH:AH,C77) -> 26 | R77: 2805 | S77: 20450 | U77: 2
A78: 2820 | B78: 1 IRRIGACAO ASPERSAO BLEND | C78: 20345 | D78: Sitio Rancho Alegre | E78: 2 | F78: 2 | G78: 26 | H78: 23.3 | I78: HA | J78: =IF(MAX(_xlfn.MAXIFS(T:T,S:S,C78,U:U,E78),_xlfn.MAXIFS(AG:AG,AH:AH,C78,AI:AI,E78))=0,"",MAX(_xlfn.MAXIFS(T:T,S:S,C78,U:U,E78),_xlfn.MAXIFS(AG:AG,AH:AH,C78,AI:AI,E78))) -> 45596 | K78: =COUNTIFS(TABELA!A:A,C78,TABELA!C:C,E78) -> 1 | L78: =SUMIFS(TABELA!M:M,TABELA!A:A,C78,TABELA!C:C,E78) -> 23.3 | M78: =IF(L78>0,H78-L78,0) -> 0 | N78: =SUMIFS(X:X,S:S,C78,U:U,E78)+SUMIFS(AK:AK,AH:AH,C78,AI:AI,E78) -> 23.3 | O78: =SUMIFS(AJ:AJ,AH:AH,C78)/SUMIFS(AK:AK,AH:AH,C78) -> 26 | R78: 2805 | S78: 20450 | T78: 45565 | U78: 3 | V78: 197.6 | W78: 102340 | X78: 14.76 | Y78: 693.36
A79: 2820 | B79: 1 IRRIGACAO ASPERSAO BLEND | C79: 20345 | D79: Sitio Rancho Alegre | E79: 3 | F79: 3 | G79: 26 | H79: 25.17 | I79: HA | J79: =IF(MAX(_xlfn.MAXIFS(T:T,S:S,C79,U:U,E79),_xlfn.MAXIFS(AG:AG,AH:AH,C79,AI:AI,E79))=0,"",MAX(_xlfn.MAXIFS(T:T,S:S,C79,U:U,E79),_xlfn.MAXIFS(AG:AG,AH:AH,C79,AI:AI,E79))) -> 45596 | K79: =COUNTIFS(TABELA!A:A,C79,TABELA!C:C,E79) -> 1 | L79: =SUMIFS(TABELA!M:M,TABELA!A:A,C79,TABELA!C:C,E79) -> 25.17 | M79: =IF(L79>0,H79-L79,0) -> 0 | N79: =SUMIFS(X:X,S:S,C79,U:U,E79)+SUMIFS(AK:AK,AH:AH,C79,AI:AI,E79) -> 25.17 | O79: =SUMIFS(AJ:AJ,AH:AH,C79)/SUMIFS(AK:AK,AH:AH,C79) -> 26 | R79: 2805 | S79: 20450 | U79: 3
A80: 2820 | B80: 1 IRRIGACAO ASPERSAO BLEND | C80: 20345 | D80: Sitio Rancho Alegre | E80: 4 | F80: 4 | G80: 26 | H80: 21.21 | I80: HA | J80: =IF(MAX(_xlfn.MAXIFS(T:T,S:S,C80,U:U,E80),_xlfn.MAXIFS(AG:AG,AH:AH,C80,AI:AI,E80))=0,"",MAX(_xlfn.MAXIFS(T:T,S:S,C80,U:U,E80),_xlfn.MAXIFS(AG:AG,AH:AH,C80,AI:AI,E80))) -> 45596 | K80: =COUNTIFS(TABELA!A:A,C80,TABELA!C:C,E80) -> 1 | L80: =SUMIFS(TABELA!M:M,TABELA!A:A,C80,TABELA!C:C,E80) -> 21.21 | M80: =IF(L80>0,H80-L80,0) -> 0 | N80: =SUMIFS(X:X,S:S,C80,U:U,E80)+SUMIFS(AK:AK,AH:AH,C80,AI:AI,E80) -> 21.21 | O80: =SUMIFS(AJ:AJ,AH:AH,C80)/SUMIFS(AK:AK,AH:AH,C80) -> 26 | R80: 2805 | S80: 20450 | T80: 45565 | U80: 4 | V80: 115 | W80: 32500 | X80: 11.37 | Y80: 285.84
A81: 2820 | B81: 1 IRRIGACAO ASPERSAO BLEND | C81: 20345 | D81: Sitio Rancho Alegre | E81: 5 | F81: 5 | G81: 26 | H81: 12.76 | I81: HA | J81: =IF(MAX(_xlfn.MAXIFS(T:T,S:S,C81,U:U,E81),_xlfn.MAXIFS(AG:AG,AH:AH,C81,AI:AI,E81))=0,"",MAX(_xlfn.MAXIFS(T:T,S:S,C81,U:U,E81),_xlfn.MAXIFS(AG:AG,AH:AH,C81,AI:AI,E81))) -> 45596 | K81: =COUNTIFS(TABELA!A:A,C81,TABELA!C:C,E81) -> 1 | L81: =SUMIFS(TABELA!M:M,TABELA!A:A,C81,TABELA!C:C,E81) -> 12.76 | M81: =IF(L81>0,H81-L81,0) -> 0 | N81: =SUMIFS(X:X,S:S,C81,U:U,E81)+SUMIFS(AK:AK,AH:AH,C81,AI:AI,E81) -> 12.76 | O81: =SUMIFS(AJ:AJ,AH:AH,C81)/SUMIFS(AK:AK,AH:AH,C81) -> 26 | R81: 2805 | S81: 20450 | U81: 4
A82: 2820 | B82: 1 IRRIGACAO ASPERSAO BLEND | C82: 20346 | D82: Estancia Sao Francisco | E82: 1 | F82: 1 | G82: 26 | H82: 12.71 | I82: HA | J82: =IF(MAX(_xlfn.MAXIFS(T:T,S:S,C82,U:U,E82),_xlfn.MAXIFS(AG:AG,AH:AH,C82,AI:AI,E82))=0,"",MAX(_xlfn.MAXIFS(T:T,S:S,C82,U:U,E82),_xlfn.MAXIFS(AG:AG,AH:AH,C82,AI:AI,E82))) -> 45596 | K82: =COUNTIFS(TABELA!A:A,C82,TABELA!C:C,E82) -> 1 | L82: =SUMIFS(TABELA!M:M,TABELA!A:A,C82,TABELA!C:C,E82) -> 12.71 | M82: =IF(L82>0,H82-L82,0) -> 0 | N82: =SUMIFS(X:X,S:S,C82,U:U,E82)+SUMIFS(AK:AK,AH:AH,C82,AI:AI,E82) -> 12.71 | O82: =SUMIFS(AJ:AJ,AH:AH,C82)/SUMIFS(AK:AK,AH:AH,C82) -> 26 | R82: 2805 | S82: 20450 | T82: 45565 | U82: 5 | X82: 13.88
A83: 2820 | B83: 1 IRRIGACAO ASPERSAO BLEND | C83: 20346 | D83: Estancia Sao Francisco | E83: 2 | F83: 2 | G83: 26 | H83: 11.15 | I83: HA | J83: =IF(MAX(_xlfn.MAXIFS(T:T,S:S,C83,U:U,E83),_xlfn.MAXIFS(AG:AG,AH:AH,C83,AI:AI,E83))=0,"",MAX(_xlfn.MAXIFS(T:T,S:S,C83,U:U,E83),_xlfn.MAXIFS(AG:AG,AH:AH,C83,AI:AI,E83))) -> 45596 | K83: =COUNTIFS(TABELA!A:A,C83,TABELA!C:C,E83) -> 1 | L83: =SUMIFS(TABELA!M:M,TABELA!A:A,C83,TABELA!C:C,E83) -> 11.15 | M83: =IF(L83>0,H83-L83,0) -> 0 | N83: =SUMIFS(X:X,S:S,C83,U:U,E83)+SUMIFS(AK:AK,AH:AH,C83,AI:AI,E83) -> 11.15 | O83: =SUMIFS(AJ:AJ,AH:AH,C83)/SUMIFS(AK:AK,AH:AH,C83) -> 26 | R83: 2805 | S83: 20450 | U83: 5
A84: 2820 | B84: 1 IRRIGACAO ASPERSAO BLEND | C84: 20346 | D84: Estancia Sao Francisco | E84: 3 | F84: 3 | G84: 26 | H84: 13.84 | I84: HA | J84: =IF(MAX(_xlfn.MAXIFS(T:T,S:S,C84,U:U,E84),_xlfn.MAXIFS(AG:AG,AH:AH,C84,AI:AI,E84))=0,"",MAX(_xlfn.MAXIFS(T:T,S:S,C84,U:U,E84),_xlfn.MAXIFS(AG:AG,AH:AH,C84,AI:AI,E84))) -> 45596 | K84: =COUNTIFS(TABELA!A:A,C84,TABELA!C:C,E84) -> 1 | L84: =SUMIFS(TABELA!M:M,TABELA!A:A,C84,TABELA!C:C,E84) -> 13.84 | M84: =IF(L84>0,H84-L84,0) -> 0 | N84: =SUMIFS(X:X,S:S,C84,U:U,E84)+SUMIFS(AK:AK,AH:AH,C84,AI:AI,E84) -> 13.84 | O84: =SUMIFS(AJ:AJ,AH:AH,C84)/SUMIFS(AK:AK,AH:AH,C84) -> 26 | R84: 2805 | S84: 20450 | T84: 45565 | U84: 6 | X84: 33.62
A85: 2820 | B85: 1 IRRIGACAO ASPERSAO BLEND | C85: 20439 | D85: Fazenda Ipezal | E85: 7 | F85: 7 | G85: 20 | H85: 23.35 | I85: HA | J85: =IF(MAX(_xlfn.MAXIFS(T:T,S:S,C85,U:U,E85),_xlfn.MAXIFS(AG:AG,AH:AH,C85,AI:AI,E85))=0,"",MAX(_xlfn.MAXIFS(T:T,S:S,C85,U:U,E85),_xlfn.MAXIFS(AG:AG,AH:AH,C85,AI:AI,E85))) -> 45626 | K85: =COUNTIFS(TABELA!A:A,C85,TABELA!C:C,E85) -> 1 | L85: =SUMIFS(TABELA!M:M,TABELA!A:A,C85,TABELA!C:C,E85) -> 23.35 | M85: =IF(L85>0,H85-L85,0) -> 0 | N85: =SUMIFS(X:X,S:S,C85,U:U,E85)+SUMIFS(AK:AK,AH:AH,C85,AI:AI,E85) -> 46.7 | O85: =SUMIFS(AJ:AJ,AH:AH,C85)/SUMIFS(AK:AK,AH:AH,C85) -> 20 | R85: 2805 | S85: 20450 | U85: 6
A86: 2820 | B86: 1 IRRIGACAO ASPERSAO BLEND | C86: 20465 | D86: Fazenda Santa Irene IV | E86: 1 | F86: 1 | G86: 20 | H86: 23.79 | I86: HA | J86: =IF(MAX(_xlfn.MAXIFS(T:T,S:S,C86,U:U,E86),_xlfn.MAXIFS(AG:AG,AH:AH,C86,AI:AI,E86))=0,"",MAX(_xlfn.MAXIFS(T:T,S:S,C86,U:U,E86),_xlfn.MAXIFS(AG:AG,AH:AH,C86,AI:AI,E86))) -> 45626 | K86: =COUNTIFS(TABELA!A:A,C86,TABELA!C:C,E86) -> 1 | L86: =SUMIFS(TABELA!M:M,TABELA!A:A,C86,TABELA!C:C,E86) -> 23.79 | M86: =IF(L86>0,H86-L86,0) -> 0 | N86: =SUMIFS(X:X,S:S,C86,U:U,E86)+SUMIFS(AK:AK,AH:AH,C86,AI:AI,E86) -> 23.79 | O86: =SUMIFS(AJ:AJ,AH:AH,C86)/SUMIFS(AK:AK,AH:AH,C86) -> 20 | R86: 2805 | S86: 20463 | U86: 1
A87: 2820 | B87: 1 IRRIGACAO ASPERSAO BLEND | C87: 20465 | D87: Fazenda Santa Irene IV | E87: 2 | F87: 2 | G87: 20 | H87: 7.02 | I87: HA | J87: =IF(MAX(_xlfn.MAXIFS(T:T,S:S,C87,U:U,E87),_xlfn.MAXIFS(AG:AG,AH:AH,C87,AI:AI,E87))=0,"",MAX(_xlfn.MAXIFS(T:T,S:S,C87,U:U,E87),_xlfn.MAXIFS(AG:AG,AH:AH,C87,AI:AI,E87))) -> 45626 | K87: =COUNTIFS(TABELA!A:A,C87,TABELA!C:C,E87) -> 1 | L87: =SUMIFS(TABELA!M:M,TABELA!A:A,C87,TABELA!C:C,E87) -> 7.02 | M87: =IF(L87>0,H87-L87,0) -> 0 | N87: =SUMIFS(X:X,S:S,C87,U:U,E87)+SUMIFS(AK:AK,AH:AH,C87,AI:AI,E87) -> 7.02 | O87: =SUMIFS(AJ:AJ,AH:AH,C87)/SUMIFS(AK:AK,AH:AH,C87) -> 20 | R87: 2805 | S87: 20463 | U87: 2
A88: 2820 | B88: 1 IRRIGACAO ASPERSAO BLEND | C88: 20465 | D88: Fazenda Santa Irene IV | E88: 3 | F88: 3 | G88: 20 | H88: 40.05 | I88: HA | J88: =IF(MAX(_xlfn.MAXIFS(T:T,S:S,C88,U:U,E88),_xlfn.MAXIFS(AG:AG,AH:AH,C88,AI:AI,E88))=0,"",MAX(_xlfn.MAXIFS(T:T,S:S,C88,U:U,E88),_xlfn.MAXIFS(AG:AG,AH:AH,C88,AI:AI,E88))) -> 45626 | K88: =COUNTIFS(TABELA!A:A,C88,TABELA!C:C,E88) -> 1 | L88: =SUMIFS(TABELA!M:M,TABELA!A:A,C88,TABELA!C:C,E88) -> 40.05 | M88: =IF(L88>0,H88-L88,0) -> 0 | N88: =SUMIFS(X:X,S:S,C88,U:U,E88)+SUMIFS(AK:AK,AH:AH,C88,AI:AI,E88) -> 40.05 | O88: =SUMIFS(AJ:AJ,AH:AH,C88)/SUMIFS(AK:AK,AH:AH,C88) -> 20 | R88: 2805 | S88: 20463 | T88: 45565 | U88: 3 | V88: 182 | W88: 64650 | X88: 39.58 | Y88: 163.34
A89: 2820 | B89: 1 IRRIGACAO ASPERSAO BLEND | C89: 20465 | D89: Fazenda Santa Irene IV | E89: 4 | F89: 4 | G89: 20 | H89: 42.74 | I89: HA | J89: =IF(MAX(_xlfn.MAXIFS(T:T,S:S,C89,U:U,E89),_xlfn.MAXIFS(AG:AG,AH:AH,C89,AI:AI,E89))=0,"",MAX(_xlfn.MAXIFS(T:T,S:S,C89,U:U,E89),_xlfn.MAXIFS(AG:AG,AH:AH,C89,AI:AI,E89))) -> 45626 | K89: =COUNTIFS(TABELA!A:A,C89,TABELA!C:C,E89) -> 1 | L89: =SUMIFS(TABELA!M:M,TABELA!A:A,C89,TABELA!C:C,E89) -> 42.74 | M89: =IF(L89>0,H89-L89,0) -> 0 | N89: =SUMIFS(X:X,S:S,C89,U:U,E89)+SUMIFS(AK:AK,AH:AH,C89,AI:AI,E89) -> 42.74 | O89: =SUMIFS(AJ:AJ,AH:AH,C89)/SUMIFS(AK:AK,AH:AH,C89) -> 20 | R89: 2805 | S89: 20463 | U89: 3
A90: 2820 | B90: 1 IRRIGACAO ASPERSAO BLEND | C90: 20465 | D90: Fazenda Santa Irene IV | E90: 5 | F90: 5 | G90: 20 | H90: 18.14 | I90: HA | J90: =IF(MAX(_xlfn.MAXIFS(T:T,S:S,C90,U:U,E90),_xlfn.MAXIFS(AG:AG,AH:AH,C90,AI:AI,E90))=0,"",MAX(_xlfn.MAXIFS(T:T,S:S,C90,U:U,E90),_xlfn.MAXIFS(AG:AG,AH:AH,C90,AI:AI,E90))) -> 45626 | K90: =COUNTIFS(TABELA!A:A,C90,TABELA!C:C,E90) -> 1 | L90: =SUMIFS(TABELA!M:M,TABELA!A:A,C90,TABELA!C:C,E90) -> 18.14 | M90: =IF(L90>0,H90-L90,0) -> 0 | N90: =SUMIFS(X:X,S:S,C90,U:U,E90)+SUMIFS(AK:AK,AH:AH,C90,AI:AI,E90) -> 18.14 | O90: =SUMIFS(AJ:AJ,AH:AH,C90)/SUMIFS(AK:AK,AH:AH,C90) -> 20 | R90: 2805 | S90: 20463 | T90: 45565 | U90: 4 | X90: 29.9
A91: 2820 | B91: 1 IRRIGACAO ASPERSAO BLEND | C91: 20465 | D91: Fazenda Santa Irene IV | E91: 6 | F91: 6 | G91: 20 | H91: 26.85 | I91: HA | J91: =IF(MAX(_xlfn.MAXIFS(T:T,S:S,C91,U:U,E91),_xlfn.MAXIFS(AG:AG,AH:AH,C91,AI:AI,E91))=0,"",MAX(_xlfn.MAXIFS(T:T,S:S,C91,U:U,E91),_xlfn.MAXIFS(AG:AG,AH:AH,C91,AI:AI,E91))) -> 45626 | K91: =COUNTIFS(TABELA!A:A,C91,TABELA!C:C,E91) -> 1 | L91: =SUMIFS(TABELA!M:M,TABELA!A:A,C91,TABELA!C:C,E91) -> 36.85 | M91: =IF(L91>0,H91-L91,0) -> -10 | N91: =SUMIFS(X:X,S:S,C91,U:U,E91)+SUMIFS(AK:AK,AH:AH,C91,AI:AI,E91) -> 26.85 | O91: =SUMIFS(AJ:AJ,AH:AH,C91)/SUMIFS(AK:AK,AH:AH,C91) -> 20 | R91: 2805 | S91: 20463 | U91: 4
A92: 2820 | B92: 1 IRRIGACAO ASPERSAO BLEND | C92: 20500 | D92: Estância Duas Marias | E92: 1 | F92: 1 | G92: 26 | H92: 2.12 | I92: HA | J92: =IF(MAX(_xlfn.MAXIFS(T:T,S:S,C92,U:U,E92),_xlfn.MAXIFS(AG:AG,AH:AH,C92,AI:AI,E92))=0,"",MAX(_xlfn.MAXIFS(T:T,S:S,C92,U:U,E92),_xlfn.MAXIFS(AG:AG,AH:AH,C92,AI:AI,E92))) -> 45596 | K92: =COUNTIFS(TABELA!A:A,C92,TABELA!C:C,E92) -> 1 | L92: =SUMIFS(TABELA!M:M,TABELA!A:A,C92,TABELA!C:C,E92) -> 2.12 | M92: =IF(L92>0,H92-L92,0) -> 0 | N92: =SUMIFS(X:X,S:S,C92,U:U,E92)+SUMIFS(AK:AK,AH:AH,C92,AI:AI,E92) -> 2.12 | O92: =SUMIFS(AJ:AJ,AH:AH,C92)/SUMIFS(AK:AK,AH:AH,C92) -> 26 | R92: 2805 | S92: 20592 | T92: 45596 | U92: 2 | V92: 7 | W92: 2800
A93: 2820 | B93: 1 IRRIGACAO ASPERSAO BLEND | C93: 20500 | D93: Estância Duas Marias | E93: 2 | F93: 2 | G93: 26 | H93: 11.9 | I93: HA | J93: =IF(MAX(_xlfn.MAXIFS(T:T,S:S,C93,U:U,E93),_xlfn.MAXIFS(AG:AG,AH:AH,C93,AI:AI,E93))=0,"",MAX(_xlfn.MAXIFS(T:T,S:S,C93,U:U,E93),_xlfn.MAXIFS(AG:AG,AH:AH,C93,AI:AI,E93))) -> 45596 | K93: =COUNTIFS(TABELA!A:A,C93,TABELA!C:C,E93) -> 1 | L93: =SUMIFS(TABELA!M:M,TABELA!A:A,C93,TABELA!C:C,E93) -> 11.9 | M93: =IF(L93>0,H93-L93,0) -> 0 | N93: =SUMIFS(X:X,S:S,C93,U:U,E93)+SUMIFS(AK:AK,AH:AH,C93,AI:AI,E93) -> 11.9 | O93: =SUMIFS(AJ:AJ,AH:AH,C93)/SUMIFS(AK:AK,AH:AH,C93) -> 26 | R93: 2805 | S93: 20592 | U93: 2
A94: 2820 | B94: 1 IRRIGACAO ASPERSAO BLEND | C94: 20553 | D94: Fazenda André Luiz | E94: 1 | F94: 1 | G94: 20 | H94: 17.48 | I94: HA | J94: =IF(MAX(_xlfn.MAXIFS(T:T,S:S,C94,U:U,E94),_xlfn.MAXIFS(AG:AG,AH:AH,C94,AI:AI,E94))=0,"",MAX(_xlfn.MAXIFS(T:T,S:S,C94,U:U,E94),_xlfn.MAXIFS(AG:AG,AH:AH,C94,AI:AI,E94))) -> 45626 | K94: =COUNTIFS(TABELA!A:A,C94,TABELA!C:C,E94) -> 1 | L94: =SUMIFS(TABELA!M:M,TABELA!A:A,C94,TABELA!C:C,E94) -> 17.48 | M94: =IF(L94>0,H94-L94,0) -> 0 | N94: =SUMIFS(X:X,S:S,C94,U:U,E94)+SUMIFS(AK:AK,AH:AH,C94,AI:AI,E94) -> 17.48 | O94: =SUMIFS(AJ:AJ,AH:AH,C94)/SUMIFS(AK:AK,AH:AH,C94) -> 20 | R94: 2805 | S94: 20592 | T94: 45626 | U94: 3 | V94: 2 | W94: 1200 | X94: 12.39 | Y94: 9.69
A95: 2820 | B95: 1 IRRIGACAO ASPERSAO BLEND | C95: 20553 | D95: Fazenda André Luiz | E95: 2 | F95: 2 | G95: 20 | H95: 26.08 | I95: HA | J95: =IF(MAX(_xlfn.MAXIFS(T:T,S:S,C95,U:U,E95),_xlfn.MAXIFS(AG:AG,AH:AH,C95,AI:AI,E95))=0,"",MAX(_xlfn.MAXIFS(T:T,S:S,C95,U:U,E95),_xlfn.MAXIFS(AG:AG,AH:AH,C95,AI:AI,E95))) -> 45626 | K95: =COUNTIFS(TABELA!A:A,C95,TABELA!C:C,E95) -> 1 | L95: =SUMIFS(TABELA!M:M,TABELA!A:A,C95,TABELA!C:C,E95) -> 26.08 | M95: =IF(L95>0,H95-L95,0) -> 0 | N95: =SUMIFS(X:X,S:S,C95,U:U,E95)+SUMIFS(AK:AK,AH:AH,C95,AI:AI,E95) -> 26.08 | O95: =SUMIFS(AJ:AJ,AH:AH,C95)/SUMIFS(AK:AK,AH:AH,C95) -> 20 | R95: 2805 | S95: 20592 | U95: 3
A96: 2820 | B96: 1 IRRIGACAO ASPERSAO BLEND | C96: 20553 | D96: Fazenda André Luiz | E96: 3 | F96: 3 | G96: 20 | H96: 30.98 | I96: HA | J96: =IF(MAX(_xlfn.MAXIFS(T:T,S:S,C96,U:U,E96),_xlfn.MAXIFS(AG:AG,AH:AH,C96,AI:AI,E96))=0,"",MAX(_xlfn.MAXIFS(T:T,S:S,C96,U:U,E96),_xlfn.MAXIFS(AG:AG,AH:AH,C96,AI:AI,E96))) -> 45626 | K96: =COUNTIFS(TABELA!A:A,C96,TABELA!C:C,E96) -> 1 | L96: =SUMIFS(TABELA!M:M,TABELA!A:A,C96,TABELA!C:C,E96) -> 30.98 | M96: =IF(L96>0,H96-L96,0) -> 0 | N96: =SUMIFS(X:X,S:S,C96,U:U,E96)+SUMIFS(AK:AK,AH:AH,C96,AI:AI,E96) -> 30.98 | O96: =SUMIFS(AJ:AJ,AH:AH,C96)/SUMIFS(AK:AK,AH:AH,C96) -> 20 | R96: 2805 | S96: 20592 | T96: 45626 | U96: 4 | X96: 12.39
A97: 2820 | B97: 1 IRRIGACAO ASPERSAO BLEND | C97: 20553 | D97: Fazenda André Luiz | E97: 4 | F97: 4 | G97: 20 | H97: 39.52 | I97: HA | J97: =IF(MAX(_xlfn.MAXIFS(T:T,S:S,C97,U:U,E97),_xlfn.MAXIFS(AG:AG,AH:AH,C97,AI:AI,E97))=0,"",MAX(_xlfn.MAXIFS(T:T,S:S,C97,U:U,E97),_xlfn.MAXIFS(AG:AG,AH:AH,C97,AI:AI,E97))) -> 45626 | K97: =COUNTIFS(TABELA!A:A,C97,TABELA!C:C,E97) -> 1 | L97: =SUMIFS(TABELA!M:M,TABELA!A:A,C97,TABELA!C:C,E97) -> 39.52 | M97: =IF(L97>0,H97-L97,0) -> 0 | N97: =SUMIFS(X:X,S:S,C97,U:U,E97)+SUMIFS(AK:AK,AH:AH,C97,AI:AI,E97) -> 39.52 | O97: =SUMIFS(AJ:AJ,AH:AH,C97)/SUMIFS(AK:AK,AH:AH,C97) -> 20 | R97: 2805 | S97: 20592 | U97: 4
A98: 2820 | B98: 1 IRRIGACAO ASPERSAO BLEND | C98: 20553 | D98: Fazenda André Luiz | E98: 5 | F98: 5 | G98: 20 | H98: 36.93 | I98: HA | J98: =IF(MAX(_xlfn.MAXIFS(T:T,S:S,C98,U:U,E98),_xlfn.MAXIFS(AG:AG,AH:AH,C98,AI:AI,E98))=0,"",MAX(_xlfn.MAXIFS(T:T,S:S,C98,U:U,E98),_xlfn.MAXIFS(AG:AG,AH:AH,C98,AI:AI,E98))) -> 45626 | K98: =COUNTIFS(TABELA!A:A,C98,TABELA!C:C,E98) -> 1 | L98: =SUMIFS(TABELA!M:M,TABELA!A:A,C98,TABELA!C:C,E98) -> 36.93 | M98: =IF(L98>0,H98-L98,0) -> 0 | N98: =SUMIFS(X:X,S:S,C98,U:U,E98)+SUMIFS(AK:AK,AH:AH,C98,AI:AI,E98) -> 36.93 | O98: =SUMIFS(AJ:AJ,AH:AH,C98)/SUMIFS(AK:AK,AH:AH,C98) -> 20 | R98: 2805 | S98: 20592 | U98: 8
A99: 2820 | B99: 1 IRRIGACAO ASPERSAO BLEND | C99: 20573 | D99: Estância Santa Rita de Ca | E99: 1 | F99: 1 | G99: 26 | H99: 7.31 | I99: HA | J99: =IF(MAX(_xlfn.MAXIFS(T:T,S:S,C99,U:U,E99),_xlfn.MAXIFS(AG:AG,AH:AH,C99,AI:AI,E99))=0,"",MAX(_xlfn.MAXIFS(T:T,S:S,C99,U:U,E99),_xlfn.MAXIFS(AG:AG,AH:AH,C99,AI:AI,E99))) -> 45596 | K99: =COUNTIFS(TABELA!A:A,C99,TABELA!C:C,E99) -> 1 | L99: =SUMIFS(TABELA!M:M,TABELA!A:A,C99,TABELA!C:C,E99) -> 7.31 | M99: =IF(L99>0,H99-L99,0) -> 0 | N99: =SUMIFS(X:X,S:S,C99,U:U,E99)+SUMIFS(AK:AK,AH:AH,C99,AI:AI,E99) -> 7.31 | O99: =SUMIFS(AJ:AJ,AH:AH,C99)/SUMIFS(AK:AK,AH:AH,C99) -> 26 | R99: 2805 | S99: 20592 | U99: 19
A100: 2820 | B100: 1 IRRIGACAO ASPERSAO BLEND | C100: 20573 | D100: Estância Santa Rita de Ca | E100: 2 | F100: 2 | G100: 26 | H100: 16.38 | I100: HA | J100: =IF(MAX(_xlfn.MAXIFS(T:T,S:S,C100,U:U,E100),_xlfn.MAXIFS(AG:AG,AH:AH,C100,AI:AI,E100))=0,"",MAX(_xlfn.MAXIFS(T:T,S:S,C100,U:U,E100),_xlfn.MAXIFS(AG:AG,AH:AH,C100,AI:AI,E100))) -> 45596 | K100: =COUNTIFS(TABELA!A:A,C100,TABELA!C:C,E100) -> 1 | L100: =SUMIFS(TABELA!M:M,TABELA!A:A,C100,TABELA!C:C,E100) -> 16.38 | M100: =IF(L100>0,H100-L100,0) -> 0 | N100: =SUMIFS(X:X,S:S,C100,U:U,E100)+SUMIFS(AK:AK,AH:AH,C100,AI:AI,E100) -> 16.38 | O100: =SUMIFS(AJ:AJ,AH:AH,C100)/SUMIFS(AK:AK,AH:AH,C100) -> 26 | R100: 2805 | S100: 20592 | U100: 20
...

Sheet TABELA
A1: CD_UPNIVEL1 | B1: DE_UPNIVEL1 | C1: CD_UPNIVEL3 | D1: NO_CORTE | E1: DA_ESTAGIO | F1: AMB_PRD | G1: TP_CANA | H1: DE_SIST_CULT | I1: DE_VARIED | J1: CD_TP_PROPR | K1: QT_AREA_EST | L1: QT_AREA_REST1 | M1: QT_AREA_REST2 | N1: QT_AREA_REAL | O1: QT_CANA_EST | P1: QT_CANA_REST1 | Q1: QT_CANA_REST2 | R1: QT_CANA_REAL | S1: DE_FORNEC | T1: DT_ENC_SEM | U1: STATUS | V1: TP_REST1 | W1: TP_REST2 | X1: AREA_EST | Y1: AREA_REST1 | Z1: AREA_REST2 | AA1: VOL_EST | AB1: VOL_REST1 | AC1: VOL_REST2 | AD1: PROJ_VOLEST | AE1: PROJ_VOLREST1 | AF1: PROJ_VOLREST2 | AG1: GEADA | AH1: TP_CULTIVO | AI1: MÊS_IRRIG | AJ1: MM_TOTAL | AK1: IRRIG_DESCARTE
A2: 10005 | B2: Fazenda Laranjeiras 2 | C2: 1 | D2: 6 | E2: 6ºC | F2: B | H2: Mineral | I2: RB92579 | J2: 1 - Própria | K2: 15.85 | L2: 15.85 | M2: 15.85 | N2: 15.85 | O2: 475.5 | P2: 317 | Q2: 396.25 | R2: 649.24 | S2: UMOE | T2: 45977 | U2: =IF(ESTIMATIVA[[#This Row],[QT_AREA_REAL]]>0,"1- Colhido","2- à Colher") -> 1- Colhido | V2: =IF(ESTIMATIVA[[#This Row],[QT_AREA_REST1]]>0,"Reestimativa 1",IF(ESTIMATIVA[[#This Row],[QT_AREA_REAL]]=0,"Reestimativa 1","Realizado")) -> Reestimativa 1 | W2: =IF(ESTIMATIVA[[#This Row],[QT_AREA_REST2]]>0,"Reestimativa 2",IF(ESTIMATIVA[[#This Row],[QT_AREA_REAL]]=0,"Reestimativa 2","Realizado")) -> Reestimativa 2 | X2: =ESTIMATIVA[[#This Row],[QT_AREA_EST]] -> 15.85 | Y2: =IF(ESTIMATIVA[[#This Row],[QT_AREA_REST1]]>0,ESTIMATIVA[[#This Row],[QT_AREA_REST1]], IF(ESTIMATIVA[[#This Row],[QT_AREA_REAL]]>0,ESTIMATIVA[[#This Row],[QT_AREA_REAL]],ESTIMATIVA[[#This Row],[QT_AREA_EST]])) -> 15.85 | Z2: =IF(ESTIMATIVA[[#This Row],[QT_AREA_REST2]]>0,ESTIMATIVA[[#This Row],[QT_AREA_REST2]], IF(ESTIMATIVA[[#This Row],[QT_AREA_REAL]]>0,ESTIMATIVA[[#This Row],[QT_AREA_REAL]], IF(ESTIMATIVA[[#This Row],[QT_AREA_REST1]]>0,ESTIMATIVA[[#This Row],[QT_AREA_REST1]],ESTIMATIVA[[#This Row],[QT_AREA_EST]]))) -> 15.85 | AA2: =ESTIMATIVA[[#This Row],[QT_CANA_EST]] -> 475.5 | AB2: =IF(ESTIMATIVA[[#This Row],[QT_CANA_REST1]]>0,ESTIMATIVA[[#This Row],[QT_CANA_REST1]], IF(ESTIMATIVA[[#This Row],[QT_CANA_REAL]]>0,ESTIMATIVA[[#This Row],[QT_CANA_REAL]],ESTIMATIVA[[#This Row],[QT_CANA_EST]])) -> 317 | AC2: =IF(ESTIMATIVA[[#This Row],[QT_CANA_REST2]]>0,ESTIMATIVA[[#This Row],[QT_CANA_REST2]], IF(ESTIMATIVA[[#This Row],[QT_CANA_REAL]]>0,ESTIMATIVA[[#This Row],[QT_CANA_REAL]], IF(ESTIMATIVA[[#This Row],[QT_CANA_REST1]]>0,ESTIMATIVA[[#This Row],[QT_CANA_REST1]],ESTIMATIVA[[#This Row],[QT_CANA_EST]]))) -> 396.25 | AD2: =IF(ESTIMATIVA[[#This Row],[QT_AREA_REAL]]>0,ESTIMATIVA[[#This Row],[QT_CANA_REAL]],ESTIMATIVA[[#This Row],[QT_CANA_EST]]) -> 649.24 | AE2: =IF(ESTIMATIVA[[#This Row],[QT_AREA_REAL]]>0,ESTIMATIVA[[#This Row],[QT_CANA_REAL]],ESTIMATIVA[[#This Row],[QT_CANA_REST1]]) -> 649.24 | AF2: =IF(ESTIMATIVA[[#This Row],[QT_AREA_REAL]]>0,ESTIMATIVA[[#This Row],[QT_CANA_REAL]],ESTIMATIVA[[#This Row],[QT_CANA_REST2]]) -> 649.24 | AG2: =IF(COUNTIFS(GEADA!A:A,VALUE(ESTIMATIVA[[#This Row],[CD_UPNIVEL1]]&TEXT(ESTIMATIVA[[#This Row],[CD_UPNIVEL3]],"0000")))>0,"S","N") -> S | AH2: =IF(COUNTIFS(IRRIGADO!C:C,ESTIMATIVA[[#This Row],[CD_UPNIVEL1]],IRRIGADO!E:E,ESTIMATIVA[[#This Row],[CD_UPNIVEL3]])>0,"Irrigado",IF(ESTIMATIVA[[#This Row],[DE_SIST_CULT]]="Mineral","Sequeiro",ESTIMATIVA[[#This Row],[DE_SIST_CULT]])) -> Sequeiro | AI2: =IF(ESTIMATIVA[[#This Row],[TP_CULTIVO]]="Irrigado",_xlfn.MAXIFS(IRRIGADO!J:J,IRRIGADO!C:C,ESTIMATIVA[[#This Row],[CD_UPNIVEL1]],IRRIGADO!E:E,ESTIMATIVA[[#This Row],[CD_UPNIVEL3]]),"") | AJ2: =IF(ESTIMATIVA[[#This Row],[TP_CULTIVO]]<>"Irrigado",0,AVERAGEIFS(IRRIGADO!G:G,IRRIGADO!C:C,ESTIMATIVA[[#This Row],[CD_UPNIVEL1]],IRRIGADO!E:E,ESTIMATIVA[[#This Row],[CD_UPNIVEL3]])*ESTIMATIVA[[#This Row],[QT_AREA_REAL]]) -> 0 | AK2: =COUNTIFS(Apresentação!$E$23:$E$29,ESTIMATIVA[[#This Row],[CD_UPNIVEL1]]) -> 0
A3: 10005 | B3: Fazenda Laranjeiras 2 | C3: 2 | D3: 6 | E3: 6ºC | F3: B | H3: Mineral | I3: RB92579 | J3: 1 - Própria | K3: 16.17 | L3: 16.17 | M3: 16.17 | N3: 16.17 | O3: 485.1 | P3: 485.1 | Q3: 501.27 | R3: 821.4 | S3: UMOE | T3: 45977 | U3: =IF(ESTIMATIVA[[#This Row],[QT_AREA_REAL]]>0,"1- Colhido","2- à Colher") -> 1- Colhido | V3: =IF(ESTIMATIVA[[#This Row],[QT_AREA_REST1]]>0,"Reestimativa 1",IF(ESTIMATIVA[[#This Row],[QT_AREA_REAL]]=0,"Reestimativa 1","Realizado")) -> Reestimativa 1 | W3: =IF(ESTIMATIVA[[#This Row],[QT_AREA_REST2]]>0,"Reestimativa 2",IF(ESTIMATIVA[[#This Row],[QT_AREA_REAL]]=0,"Reestimativa 2","Realizado")) -> Reestimativa 2 | X3: =ESTIMATIVA[[#This Row],[QT_AREA_EST]] -> 16.17 | Y3: =IF(ESTIMATIVA[[#This Row],[QT_AREA_REST1]]>0,ESTIMATIVA[[#This Row],[QT_AREA_REST1]], IF(ESTIMATIVA[[#This Row],[QT_AREA_REAL]]>0,ESTIMATIVA[[#This Row],[QT_AREA_REAL]],ESTIMATIVA[[#This Row],[QT_AREA_EST]])) -> 16.17 | Z3: =IF(ESTIMATIVA[[#This Row],[QT_AREA_REST2]]>0,ESTIMATIVA[[#This Row],[QT_AREA_REST2]], IF(ESTIMATIVA[[#This Row],[QT_AREA_REAL]]>0,ESTIMATIVA[[#This Row],[QT_AREA_REAL]], IF(ESTIMATIVA[[#This Row],[QT_AREA_REST1]]>0,ESTIMATIVA[[#This Row],[QT_AREA_REST1]],ESTIMATIVA[[#This Row],[QT_AREA_EST]]))) -> 16.17 | AA3: =ESTIMATIVA[[#This Row],[QT_CANA_EST]] -> 485.1 | AB3: =IF(ESTIMATIVA[[#This Row],[QT_CANA_REST1]]>0,ESTIMATIVA[[#This Row],[QT_CANA_REST1]], IF(ESTIMATIVA[[#This Row],[QT_CANA_REAL]]>0,ESTIMATIVA[[#This Row],[QT_CANA_REAL]],ESTIMATIVA[[#This Row],[QT_CANA_EST]])) -> 485.1 | AC3: =IF(ESTIMATIVA[[#This Row],[QT_CANA_REST2]]>0,ESTIMATIVA[[#This Row],[QT_CANA_REST2]], IF(ESTIMATIVA[[#This Row],[QT_CANA_REAL]]>0,ESTIMATIVA[[#This Row],[QT_CANA_REAL]], IF(ESTIMATIVA[[#This Row],[QT_CANA_REST1]]>0,ESTIMATIVA[[#This Row],[QT_CANA_REST1]],ESTIMATIVA[[#This Row],[QT_CANA_EST]]))) -> 501.27 | AD3: =IF(ESTIMATIVA[[#This Row],[QT_AREA_REAL]]>0,ESTIMATIVA[[#This Row],[QT_CANA_REAL]],ESTIMATIVA[[#This Row],[QT_CANA_EST]]) -> 821.4 | AE3: =IF(ESTIMATIVA[[#This Row],[QT_AREA_REAL]]>0,ESTIMATIVA[[#This Row],[QT_CANA_REAL]],ESTIMATIVA[[#This Row],[QT_CANA_REST1]]) -> 821.4 | AF3: =IF(ESTIMATIVA[[#This Row],[QT_AREA_REAL]]>0,ESTIMATIVA[[#This Row],[QT_CANA_REAL]],ESTIMATIVA[[#This Row],[QT_CANA_REST2]]) -> 821.4 | AG3: =IF(COUNTIFS(GEADA!A:A,VALUE(ESTIMATIVA[[#This Row],[CD_UPNIVEL1]]&TEXT(ESTIMATIVA[[#This Row],[CD_UPNIVEL3]],"0000")))>0,"S","N") -> S | AH3: =IF(COUNTIFS(IRRIGADO!C:C,ESTIMATIVA[[#This Row],[CD_UPNIVEL1]],IRRIGADO!E:E,ESTIMATIVA[[#This Row],[CD_UPNIVEL3]])>0,"Irrigado",IF(ESTIMATIVA[[#This Row],[DE_SIST_CULT]]="Mineral","Sequeiro",ESTIMATIVA[[#This Row],[DE_SIST_CULT]])) -> Sequeiro | AI3: =IF(ESTIMATIVA[[#This Row],[TP_CULTIVO]]="Irrigado",_xlfn.MAXIFS(IRRIGADO!J:J,IRRIGADO!C:C,ESTIMATIVA[[#This Row],[CD_UPNIVEL1]],IRRIGADO!E:E,ESTIMATIVA[[#This Row],[CD_UPNIVEL3]]),"") | AJ3: =IF(ESTIMATIVA[[#This Row],[TP_CULTIVO]]<>"Irrigado",0,AVERAGEIFS(IRRIGADO!G:G,IRRIGADO!C:C,ESTIMATIVA[[#This Row],[CD_UPNIVEL1]],IRRIGADO!E:E,ESTIMATIVA[[#This Row],[CD_UPNIVEL3]])*ESTIMATIVA[[#This Row],[QT_AREA_REAL]]) -> 0 | AK3: =COUNTIFS(Apresentação!$E$23:$E$29,ESTIMATIVA[[#This Row],[CD_UPNIVEL1]]) -> 0
A4: 10005 | B4: Fazenda Laranjeiras 2 | C4: 3 | D4: 6 | E4: 6ºC | F4: B | H4: Mineral | I4: RB92579 | J4: 1 - Própria | K4: 16.93 | L4: 16.93 | M4: 16.93 | N4: 16.93 | O4: 507.9 | P4: 507.9 | Q4: 524.83 | R4: 860.85 | S4: UMOE | T4: 45977 | U4: =IF(ESTIMATIVA[[#This Row],[QT_AREA_REAL]]>0,"1- Colhido","2- à Colher") -> 1- Colhido | V4: =IF(ESTIMATIVA[[#This Row],[QT_AREA_REST1]]>0,"Reestimativa 1",IF(ESTIMATIVA[[#This Row],[QT_AREA_REAL]]=0,"Reestimativa 1","Realizado")) -> Reestimativa 1 | W4: =IF(ESTIMATIVA[[#This Row],[QT_AREA_REST2]]>0,"Reestimativa 2",IF(ESTIMATIVA[[#This Row],[QT_AREA_REAL]]=0,"Reestimativa 2","Realizado")) -> Reestimativa 2 | X4: =ESTIMATIVA[[#This Row],[QT_AREA_EST]] -> 16.93 | Y4: =IF(ESTIMATIVA[[#This Row],[QT_AREA_REST1]]>0,ESTIMATIVA[[#This Row],[QT_AREA_REST1]], IF(ESTIMATIVA[[#This Row],[QT_AREA_REAL]]>0,ESTIMATIVA[[#This Row],[QT_AREA_REAL]],ESTIMATIVA[[#This Row],[QT_AREA_EST]])) -> 16.93 | Z4: =IF(ESTIMATIVA[[#This Row],[QT_AREA_REST2]]>0,ESTIMATIVA[[#This Row],[QT_AREA_REST2]], IF(ESTIMATIVA[[#This Row],[QT_AREA_REAL]]>0,ESTIMATIVA[[#This Row],[QT_AREA_REAL]], IF(ESTIMATIVA[[#This Row],[QT_AREA_REST1]]>0,ESTIMATIVA[[#This Row],[QT_AREA_REST1]],ESTIMATIVA[[#This Row],[QT_AREA_EST]]))) -> 16.93 | AA4: =ESTIMATIVA[[#This Row],[QT_CANA_EST]] -> 507.9 | AB4: =IF(ESTIMATIVA[[#This Row],[QT_CANA_REST1]]>0,ESTIMATIVA[[#This Row],[QT_CANA_REST1]], IF(ESTIMATIVA[[#This Row],[QT_CANA_REAL]]>0,ESTIMATIVA[[#This Row],[QT_CANA_REAL]],ESTIMATIVA[[#This Row],[QT_CANA_EST]])) -> 507.9 | AC4: =IF(ESTIMATIVA[[#This Row],[QT_CANA_REST2]]>0,ESTIMATIVA[[#This Row],[QT_CANA_REST2]], IF(ESTIMATIVA[[#This Row],[QT_CANA_REAL]]>0,ESTIMATIVA[[#This Row],[QT_CANA_REAL]], IF(ESTIMATIVA[[#This Row],[QT_CANA_REST1]]>0,ESTIMATIVA[[#This Row],[QT_CANA_REST1]],ESTIMATIVA[[#This Row],[QT_CANA_EST]]))) -> 524.83 | AD4: =IF(ESTIMATIVA[[#This Row],[QT_AREA_REAL]]>0,ESTIMATIVA[[#This Row],[QT_CANA_REAL]],ESTIMATIVA[[#This Row],[QT_CANA_EST]]) -> 860.85 | AE4: =IF(ESTIMATIVA[[#This Row],[QT_AREA_REAL]]>0,ESTIMATIVA[[#This Row],[QT_CANA_REAL]],ESTIMATIVA[[#This Row],[QT_CANA_REST1]]) -> 860.85 | AF4: =IF(ESTIMATIVA[[#This Row],[QT_AREA_REAL]]>0,ESTIMATIVA[[#This Row],[QT_CANA_REAL]],ESTIMATIVA[[#This Row],[QT_CANA_REST2]]) -> 860.85 | AG4: =IF(COUNTIFS(GEADA!A:A,VALUE(ESTIMATIVA[[#This Row],[CD_UPNIVEL1]]&TEXT(ESTIMATIVA[[#This Row],[CD_UPNIVEL3]],"0000")))>0,"S","N") -> N | AH4: =IF(COUNTIFS(IRRIGADO!C:C,ESTIMATIVA[[#This Row],[CD_UPNIVEL1]],IRRIGADO!E:E,ESTIMATIVA[[#This Row],[CD_UPNIVEL3]])>0,"Irrigado",IF(ESTIMATIVA[[#This Row],[DE_SIST_CULT]]="Mineral","Sequeiro",ESTIMATIVA[[#This Row],[DE_SIST_CULT]])) -> Sequeiro | AI4: =IF(ESTIMATIVA[[#This Row],[TP_CULTIVO]]="Irrigado",_xlfn.MAXIFS(IRRIGADO!J:J,IRRIGADO!C:C,ESTIMATIVA[[#This Row],[CD_UPNIVEL1]],IRRIGADO!E:E,ESTIMATIVA[[#This Row],[CD_UPNIVEL3]]),"") | AJ4: =IF(ESTIMATIVA[[#This Row],[TP_CULTIVO]]<>"Irrigado",0,AVERAGEIFS(IRRIGADO!G:G,IRRIGADO!C:C,ESTIMATIVA[[#This Row],[CD_UPNIVEL1]],IRRIGADO!E:E,ESTIMATIVA[[#This Row],[CD_UPNIVEL3]])*ESTIMATIVA[[#This Row],[QT_AREA_REAL]]) -> 0 | AK4: =COUNTIFS(Apresentação!$E$23:$E$29,ESTIMATIVA[[#This Row],[CD_UPNIVEL1]]) -> 0
A5: 10100 | B5: Sítio Jataí II | C5: 1 | D5: 8 | E5: 8ºC | F5: A | H5: Mineral | I5: RB92579 | J5: 2 - Arrendamento | K5: 8.14 | L5: 8.14 | M5: 8.14 | N5: 8.14 | O5: 293.04 | P5: 203.5 | Q5: 284.9 | R5: 314.89 | S5: UMOE | T5: 45984 | U5: =IF(ESTIMATIVA[[#This Row],[QT_AREA_REAL]]>0,"1- Colhido","2- à Colher") -> 1- Colhido | V5: =IF(ESTIMATIVA[[#This Row],[QT_AREA_REST1]]>0,"Reestimativa 1",IF(ESTIMATIVA[[#This Row],[QT_AREA_REAL]]=0,"Reestimativa 1","Realizado")) -> Reestimativa 1 | W5: =IF(ESTIMATIVA[[#This Row],[QT_AREA_REST2]]>0,"Reestimativa 2",IF(ESTIMATIVA[[#This Row],[QT_AREA_REAL]]=0,"Reestimativa 2","Realizado")) -> Reestimativa 2 | X5: =ESTIMATIVA[[#This Row],[QT_AREA_EST]] -> 8.14 | Y5: =IF(ESTIMATIVA[[#This Row],[QT_AREA_REST1]]>0,ESTIMATIVA[[#This Row],[QT_AREA_REST1]], IF(ESTIMATIVA[[#This Row],[QT_AREA_REAL]]>0,ESTIMATIVA[[#This Row],[QT_AREA_REAL]],ESTIMATIVA[[#This Row],[QT_AREA_EST]])) -> 8.14 | Z5: =IF(ESTIMATIVA[[#This Row],[QT_AREA_REST2]]>0,ESTIMATIVA[[#This Row],[QT_AREA_REST2]], IF(ESTIMATIVA[[#This Row],[QT_AREA_REAL]]>0,ESTIMATIVA[[#This Row],[QT_AREA_REAL]], IF(ESTIMATIVA[[#This Row],[QT_AREA_REST1]]>0,ESTIMATIVA[[#This Row],[QT_AREA_REST1]],ESTIMATIVA[[#This Row],[QT_AREA_EST]]))) -> 8.14 | AA5: =ESTIMATIVA[[#This Row],[QT_CANA_EST]] -> 293.04 | AB5: =IF(ESTIMATIVA[[#This Row],[QT_CANA_REST1]]>0,ESTIMATIVA[[#This Row],[QT_CANA_REST1]], IF(ESTIMATIVA[[#This Row],[QT_CANA_REAL]]>0,ESTIMATIVA[[#This Row],[QT_CANA_REAL]],ESTIMATIVA[[#This Row],[QT_CANA_EST]])) -> 203.5 | AC5: =IF(ESTIMATIVA[[#This Row],[QT_CANA_REST2]]>0,ESTIMATIVA[[#This Row],[QT_CANA_REST2]], IF(ESTIMATIVA[[#This Row],[QT_CANA_REAL]]>0,ESTIMATIVA[[#This Row],[QT_CANA_REAL]], IF(ESTIMATIVA[[#This Row],[QT_CANA_REST1]]>0,ESTIMATIVA[[#This Row],[QT_CANA_REST1]],ESTIMATIVA[[#This Row],[QT_CANA_EST]]))) -> 284.9 | AD5: =IF(ESTIMATIVA[[#This Row],[QT_AREA_REAL]]>0,ESTIMATIVA[[#This Row],[QT_CANA_REAL]],ESTIMATIVA[[#This Row],[QT_CANA_EST]]) -> 314.89 | AE5: =IF(ESTIMATIVA[[#This Row],[QT_AREA_REAL]]>0,ESTIMATIVA[[#This Row],[QT_CANA_REAL]],ESTIMATIVA[[#This Row],[QT_CANA_REST1]]) -> 314.89 | AF5: =IF(ESTIMATIVA[[#This Row],[QT_AREA_REAL]]>0,ESTIMATIVA[[#This Row],[QT_CANA_REAL]],ESTIMATIVA[[#This Row],[QT_CANA_REST2]]) -> 314.89 | AG5: =IF(COUNTIFS(GEADA!A:A,VALUE(ESTIMATIVA[[#This Row],[CD_UPNIVEL1]]&TEXT(ESTIMATIVA[[#This Row],[CD_UPNIVEL3]],"0000")))>0,"S","N") -> S | AH5: =IF(COUNTIFS(IRRIGADO!C:C,ESTIMATIVA[[#This Row],[CD_UPNIVEL1]],IRRIGADO!E:E,ESTIMATIVA[[#This Row],[CD_UPNIVEL3]])>0,"Irrigado",IF(ESTIMATIVA[[#This Row],[DE_SIST_CULT]]="Mineral","Sequeiro",ESTIMATIVA[[#This Row],[DE_SIST_CULT]])) -> Sequeiro | AI5: =IF(ESTIMATIVA[[#This Row],[TP_CULTIVO]]="Irrigado",_xlfn.MAXIFS(IRRIGADO!J:J,IRRIGADO!C:C,ESTIMATIVA[[#This Row],[CD_UPNIVEL1]],IRRIGADO!E:E,ESTIMATIVA[[#This Row],[CD_UPNIVEL3]]),"") | AJ5: =IF(ESTIMATIVA[[#This Row],[TP_CULTIVO]]<>"Irrigado",0,AVERAGEIFS(IRRIGADO!G:G,IRRIGADO!C:C,ESTIMATIVA[[#This Row],[CD_UPNIVEL1]],IRRIGADO!E:E,ESTIMATIVA[[#This Row],[CD_UPNIVEL3]])*ESTIMATIVA[[#This Row],[QT_AREA_REAL]]) -> 0 | AK5: =COUNTIFS(Apresentação!$E$23:$E$29,ESTIMATIVA[[#This Row],[CD_UPNIVEL1]]) -> 0
A6: 10100 | B6: Sítio Jataí II | C6: 2 | D6: 8 | E6: 8ºC | F6: A | H6: Mineral | I6: RB92579 | J6: 2 - Arrendamento | K6: 5.58 | L6: 5.58 | M6: 5.58 | N6: 5.58 | O6: 200.88 | P6: 139.5 | Q6: 195.3 | R6: 215.46 | S6: UMOE | T6: 45984 | U6: =IF(ESTIMATIVA[[#This Row],[QT_AREA_REAL]]>0,"1- Colhido","2- à Colher") -> 1- Colhido | V6: =IF(ESTIMATIVA[[#This Row],[QT_AREA_REST1]]>0,"Reestimativa 1",IF(ESTIMATIVA[[#This Row],[QT_AREA_REAL]]=0,"Reestimativa 1","Realizado")) -> Reestimativa 1 | W6: =IF(ESTIMATIVA[[#This Row],[QT_AREA_REST2]]>0,"Reestimativa 2",IF(ESTIMATIVA[[#This Row],[QT_AREA_REAL]]=0,"Reestimativa 2","Realizado")) -> Reestimativa 2 | X6: =ESTIMATIVA[[#This Row],[QT_AREA_EST]] -> 5.58 | Y6: =IF(ESTIMATIVA[[#This Row],[QT_AREA_REST1]]>0,ESTIMATIVA[[#This Row],[QT_AREA_REST1]], IF(ESTIMATIVA[[#This Row],[QT_AREA_REAL]]>0,ESTIMATIVA[[#This Row],[QT_AREA_REAL]],ESTIMATIVA[[#This Row],[QT_AREA_EST]])) -> 5.58 | Z6: =IF(ESTIMATIVA[[#This Row],[QT_AREA_REST2]]>0,ESTIMATIVA[[#This Row],[QT_AREA_REST2]], IF(ESTIMATIVA[[#This Row],[QT_AREA_REAL]]>0,ESTIMATIVA[[#This Row],[QT_AREA_REAL]], IF(ESTIMATIVA[[#This Row],[QT_AREA_REST1]]>0,ESTIMATIVA[[#This Row],[QT_AREA_REST1]],ESTIMATIVA[[#This Row],[QT_AREA_EST]]))) -> 5.58 | AA6: =ESTIMATIVA[[#This Row],[QT_CANA_EST]] -> 200.88 | AB6: =IF(ESTIMATIVA[[#This Row],[QT_CANA_REST1]]>0,ESTIMATIVA[[#This Row],[QT_CANA_REST1]], IF(ESTIMATIVA[[#This Row],[QT_CANA_REAL]]>0,ESTIMATIVA[[#This Row],[QT_CANA_REAL]],ESTIMATIVA[[#This Row],[QT_CANA_EST]])) -> 139.5 | AC6: =IF(ESTIMATIVA[[#This Row],[QT_CANA_REST2]]>0,ESTIMATIVA[[#This Row],[QT_CANA_REST2]], IF(ESTIMATIVA[[#This Row],[QT_CANA_REAL]]>0,ESTIMATIVA[[#This Row],[QT_CANA_REAL]], IF(ESTIMATIVA[[#This Row],[QT_CANA_REST1]]>0,ESTIMATIVA[[#This Row],[QT_CANA_REST1]],ESTIMATIVA[[#This Row],[QT_CANA_EST]]))) -> 195.3 | AD6: =IF(ESTIMATIVA[[#This Row],[QT_AREA_REAL]]>0,ESTIMATIVA[[#This Row],[QT_CANA_REAL]],ESTIMATIVA[[#This Row],[QT_CANA_EST]]) -> 215.46 | AE6: =IF(ESTIMATIVA[[#This Row],[QT_AREA_REAL]]>0,ESTIMATIVA[[#This Row],[QT_CANA_REAL]],ESTIMATIVA[[#This Row],[QT_CANA_REST1]]) -> 215.46 | AF6: =IF(ESTIMATIVA[[#This Row],[QT_AREA_REAL]]>0,ESTIMATIVA[[#This Row],[QT_CANA_REAL]],ESTIMATIVA[[#This Row],[QT_CANA_REST2]]) -> 215.46 | AG6: =IF(COUNTIFS(GEADA!A:A,VALUE(ESTIMATIVA[[#This Row],[CD_UPNIVEL1]]&TEXT(ESTIMATIVA[[#This Row],[CD_UPNIVEL3]],"0000")))>0,"S","N") -> S | AH6: =IF(COUNTIFS(IRRIGADO!C:C,ESTIMATIVA[[#This Row],[CD_UPNIVEL1]],IRRIGADO!E:E,ESTIMATIVA[[#This Row],[CD_UPNIVEL3]])>0,"Irrigado",IF(ESTIMATIVA[[#This Row],[DE_SIST_CULT]]="Mineral","Sequeiro",ESTIMATIVA[[#This Row],[DE_SIST_CULT]])) -> Sequeiro | AI6: =IF(ESTIMATIVA[[#This Row],[TP_CULTIVO]]="Irrigado",_xlfn.MAXIFS(IRRIGADO!J:J,IRRIGADO!C:C,ESTIMATIVA[[#This Row],[CD_UPNIVEL1]],IRRIGADO!E:E,ESTIMATIVA[[#This Row],[CD_UPNIVEL3]]),"") | AJ6: =IF(ESTIMATIVA[[#This Row],[TP_CULTIVO]]<>"Irrigado",0,AVERAGEIFS(IRRIGADO!G:G,IRRIGADO!C:C,ESTIMATIVA[[#This Row],[CD_UPNIVEL1]],IRRIGADO!E:E,ESTIMATIVA[[#This Row],[CD_UPNIVEL3]])*ESTIMATIVA[[#This Row],[QT_AREA_REAL]]) -> 0 | AK6: =COUNTIFS(Apresentação!$E$23:$E$29,ESTIMATIVA[[#This Row],[CD_UPNIVEL1]]) -> 0
A7: 10310 | B7: Fazenda Sao Jorge | C7: 1 | D7: 3 | E7: 3ºC | F7: E | H7: Mineral | I7: SP83-2847 | J7: 3 - Parceria | K7: 9.09 | L7: 9.09 | M7: 9.09 | N7: 9.09 | O7: 618.12 | P7: 545.4 | Q7: 545.4 | R7: 437.97 | S7: UMOE | T7: 45935 | U7: =IF(ESTIMATIVA[[#This Row],[QT_AREA_REAL]]>0,"1- Colhido","2- à Colher") -> 1- Colhido | V7: =IF(ESTIMATIVA[[#This Row],[QT_AREA_REST1]]>0,"Reestimativa 1",IF(ESTIMATIVA[[#This Row],[QT_AREA_REAL]]=0,"Reestimativa 1","Realizado")) -> Reestimativa 1 | W7: =IF(ESTIMATIVA[[#This Row],[QT_AREA_REST2]]>0,"Reestimativa 2",IF(ESTIMATIVA[[#This Row],[QT_AREA_REAL]]=0,"Reestimativa 2","Realizado")) -> Reestimativa 2 | X7: =ESTIMATIVA[[#This Row],[QT_AREA_EST]] -> 9.09 | Y7: =IF(ESTIMATIVA[[#This Row],[QT_AREA_REST1]]>0,ESTIMATIVA[[#This Row],[QT_AREA_REST1]], IF(ESTIMATIVA[[#This Row],[QT_AREA_REAL]]>0,ESTIMATIVA[[#This Row],[QT_AREA_REAL]],ESTIMATIVA[[#This Row],[QT_AREA_EST]])) -> 9.09 | Z7: =IF(ESTIMATIVA[[#This Row],[QT_AREA_REST2]]>0,ESTIMATIVA[[#This Row],[QT_AREA_REST2]], IF(ESTIMATIVA[[#This Row],[QT_AREA_REAL]]>0,ESTIMATIVA[[#This Row],[QT_AREA_REAL]], IF(ESTIMATIVA[[#This Row],[QT_AREA_REST1]]>0,ESTIMATIVA[[#This Row],[QT_AREA_REST1]],ESTIMATIVA[[#This Row],[QT_AREA_EST]]))) -> 9.09 | AA7: =ESTIMATIVA[[#This Row],[QT_CANA_EST]] -> 618.12 | AB7: =IF(ESTIMATIVA[[#This Row],[QT_CANA_REST1]]>0,ESTIMATIVA[[#This Row],[QT_CANA_REST1]], IF(ESTIMATIVA[[#This Row],[QT_CANA_REAL]]>0,ESTIMATIVA[[#This Row],[QT_CANA_REAL]],ESTIMATIVA[[#This Row],[QT_CANA_EST]])) -> 545.4 | AC7: =IF(ESTIMATIVA[[#This Row],[QT_CANA_REST2]]>0,ESTIMATIVA[[#This Row],[QT_CANA_REST2]], IF(ESTIMATIVA[[#This Row],[QT_CANA_REAL]]>0,ESTIMATIVA[[#This Row],[QT_CANA_REAL]], IF(ESTIMATIVA[[#This Row],[QT_CANA_REST1]]>0,ESTIMATIVA[[#This Row],[QT_CANA_REST1]],ESTIMATIVA[[#This Row],[QT_CANA_EST]]))) -> 545.4 | AD7: =IF(ESTIMATIVA[[#This Row],[QT_AREA_REAL]]>0,ESTIMATIVA[[#This Row],[QT_CANA_REAL]],ESTIMATIVA[[#This Row],[QT_CANA_EST]]) -> 437.97 | AE7: =IF(ESTIMATIVA[[#This Row],[QT_AREA_REAL]]>0,ESTIMATIVA[[#This Row],[QT_CANA_REAL]],ESTIMATIVA[[#This Row],[QT_CANA_REST1]]) -> 437.97 | AF7: =IF(ESTIMATIVA[[#This Row],[QT_AREA_REAL]]>0,ESTIMATIVA[[#This Row],[QT_CANA_REAL]],ESTIMATIVA[[#This Row],[QT_CANA_REST2]]) -> 437.97 | AG7: =IF(COUNTIFS(GEADA!A:A,VALUE(ESTIMATIVA[[#This Row],[CD_UPNIVEL1]]&TEXT(ESTIMATIVA[[#This Row],[CD_UPNIVEL3]],"0000")))>0,"S","N") -> N | AH7: =IF(COUNTIFS(IRRIGADO!C:C,ESTIMATIVA[[#This Row],[CD_UPNIVEL1]],IRRIGADO!E:E,ESTIMATIVA[[#This Row],[CD_UPNIVEL3]])>0,"Irrigado",IF(ESTIMATIVA[[#This Row],[DE_SIST_CULT]]="Mineral","Sequeiro",ESTIMATIVA[[#This Row],[DE_SIST_CULT]])) -> Sequeiro | AI7: =IF(ESTIMATIVA[[#This Row],[TP_CULTIVO]]="Irrigado",_xlfn.MAXIFS(IRRIGADO!J:J,IRRIGADO!C:C,ESTIMATIVA[[#This Row],[CD_UPNIVEL1]],IRRIGADO!E:E,ESTIMATIVA[[#This Row],[CD_UPNIVEL3]]),"") | AJ7: =IF(ESTIMATIVA[[#This Row],[TP_CULTIVO]]<>"Irrigado",0,AVERAGEIFS(IRRIGADO!G:G,IRRIGADO!C:C,ESTIMATIVA[[#This Row],[CD_UPNIVEL1]],IRRIGADO!E:E,ESTIMATIVA[[#This Row],[CD_UPNIVEL3]])*ESTIMATIVA[[#This Row],[QT_AREA_REAL]]) -> 0 | AK7: =COUNTIFS(Apresentação!$E$23:$E$29,ESTIMATIVA[[#This Row],[CD_UPNIVEL1]]) -> 0
A8: 10310 | B8: Fazenda Sao Jorge | C8: 2 | D8: 3 | E8: 3ºC | F8: E | H8: Mineral | I8: SP83-2847 | J8: 3 - Parceria | K8: 18.97 | L8: 18.97 | M8: 18.97 | N8: 18.97 | O8: 1289.96 | P8: 948.5 | Q8: 948.5 | R8: 762.67 | S8: UMOE | T8: 45935 | U8: =IF(ESTIMATIVA[[#This Row],[QT_AREA_REAL]]>0,"1- Colhido","2- à Colher") -> 1- Colhido | V8: =IF(ESTIMATIVA[[#This Row],[QT_AREA_REST1]]>0,"Reestimativa 1",IF(ESTIMATIVA[[#This Row],[QT_AREA_REAL]]=0,"Reestimativa 1","Realizado")) -> Reestimativa 1 | W8: =IF(ESTIMATIVA[[#This Row],[QT_AREA_REST2]]>0,"Reestimativa 2",IF(ESTIMATIVA[[#This Row],[QT_AREA_REAL]]=0,"Reestimativa 2","Realizado")) -> Reestimativa 2 | X8: =ESTIMATIVA[[#This Row],[QT_AREA_EST]] -> 18.97 | Y8: =IF(ESTIMATIVA[[#This Row],[QT_AREA_REST1]]>0,ESTIMATIVA[[#This Row],[QT_AREA_REST1]], IF(ESTIMATIVA[[#This Row],[QT_AREA_REAL]]>0,ESTIMATIVA[[#This Row],[QT_AREA_REAL]],ESTIMATIVA[[#This Row],[QT_AREA_EST]])) -> 18.97 | Z8: =IF(ESTIMATIVA[[#This Row],[QT_AREA_REST2]]>0,ESTIMATIVA[[#This Row],[QT_AREA_REST2]], IF(ESTIMATIVA[[#This Row],[QT_AREA_REAL]]>0,ESTIMATIVA[[#This Row],[QT_AREA_REAL]], IF(ESTIMATIVA[[#This Row],[QT_AREA_REST1]]>0,ESTIMATIVA[[#This Row],[QT_AREA_REST1]],ESTIMATIVA[[#This Row],[QT_AREA_EST]]))) -> 18.97 | AA8: =ESTIMATIVA[[#This Row],[QT_CANA_EST]] -> 1289.96 | AB8: =IF(ESTIMATIVA[[#This Row],[QT_CANA_REST1]]>0,ESTIMATIVA[[#This Row],[QT_CANA_REST1]], IF(ESTIMATIVA[[#This Row],[QT_CANA_REAL]]>0,ESTIMATIVA[[#This Row],[QT_CANA_REAL]],ESTIMATIVA[[#This Row],[QT_CANA_EST]])) -> 948.5 | AC8: =IF(ESTIMATIVA[[#This Row],[QT_CANA_REST2]]>0,ESTIMATIVA[[#This Row],[QT_CANA_REST2]], IF(ESTIMATIVA[[#This Row],[QT_CANA_REAL]]>0,ESTIMATIVA[[#This Row],[QT_CANA_REAL]], IF(ESTIMATIVA[[#This Row],[QT_CANA_REST1]]>0,ESTIMATIVA[[#This Row],[QT_CANA_REST1]],ESTIMATIVA[[#This Row],[QT_CANA_EST]]))) -> 948.5 | AD8: =IF(ESTIMATIVA[[#This Row],[QT_AREA_REAL]]>0,ESTIMATIVA[[#This Row],[QT_CANA_REAL]],ESTIMATIVA[[#This Row],[QT_CANA_EST]]) -> 762.67 | AE8: =IF(ESTIMATIVA[[#This Row],[QT_AREA_REAL]]>0,ESTIMATIVA[[#This Row],[QT_CANA_REAL]],ESTIMATIVA[[#This Row],[QT_CANA_REST1]]) -> 762.67 | AF8: =IF(ESTIMATIVA[[#This Row],[QT_AREA_REAL]]>0,ESTIMATIVA[[#This Row],[QT_CANA_REAL]],ESTIMATIVA[[#This Row],[QT_CANA_REST2]]) -> 762.67 | AG8: =IF(COUNTIFS(GEADA!A:A,VALUE(ESTIMATIVA[[#This Row],[CD_UPNIVEL1]]&TEXT(ESTIMATIVA[[#This Row],[CD_UPNIVEL3]],"0000")))>0,"S","N") -> S | AH8: =IF(COUNTIFS(IRRIGADO!C:C,ESTIMATIVA[[#This Row],[CD_UPNIVEL1]],IRRIGADO!E:E,ESTIMATIVA[[#This Row],[CD_UPNIVEL3]])>0,"Irrigado",IF(ESTIMATIVA[[#This Row],[DE_SIST_CULT]]="Mineral","Sequeiro",ESTIMATIVA[[#This Row],[DE_SIST_CULT]])) -> Sequeiro | AI8: =IF(ESTIMATIVA[[#This Row],[TP_CULTIVO]]="Irrigado",_xlfn.MAXIFS(IRRIGADO!J:J,IRRIGADO!C:C,ESTIMATIVA[[#This Row],[CD_UPNIVEL1]],IRRIGADO!E:E,ESTIMATIVA[[#This Row],[CD_UPNIVEL3]]),"") | AJ8: =IF(ESTIMATIVA[[#This Row],[TP_CULTIVO]]<>"Irrigado",0,AVERAGEIFS(IRRIGADO!G:G,IRRIGADO!C:C,ESTIMATIVA[[#This Row],[CD_UPNIVEL1]],IRRIGADO!E:E,ESTIMATIVA[[#This Row],[CD_UPNIVEL3]])*ESTIMATIVA[[#This Row],[QT_AREA_REAL]]) -> 0 | AK8: =COUNTIFS(Apresentação!$E$23:$E$29,ESTIMATIVA[[#This Row],[CD_UPNIVEL1]]) -> 0
A9: 10310 | B9: Fazenda Sao Jorge | C9: 3 | D9: 3 | E9: 3ºC | F9: E | H9: Mineral | I9: SP83-2847 | J9: 3 - Parceria | K9: 16.47 | L9: 16.47 | M9: 16.47 | N9: 16.47 | O9: 1119.96 | P9: 823.5 | Q9: 823.5 | R9: 662.2 | S9: UMOE | T9: 45935 | U9: =IF(ESTIMATIVA[[#This Row],[QT_AREA_REAL]]>0,"1- Colhido","2- à Colher") -> 1- Colhido | V9: =IF(ESTIMATIVA[[#This Row],[QT_AREA_REST1]]>0,"Reestimativa 1",IF(ESTIMATIVA[[#This Row],[QT_AREA_REAL]]=0,"Reestimativa 1","Realizado")) -> Reestimativa 1 | W9: =IF(ESTIMATIVA[[#This Row],[QT_AREA_REST2]]>0,"Reestimativa 2",IF(ESTIMATIVA[[#This Row],[QT_AREA_REAL]]=0,"Reestimativa 2","Realizado")) -> Reestimativa 2 | X9: =ESTIMATIVA[[#This Row],[QT_AREA_EST]] -> 16.47 | Y9: =IF(ESTIMATIVA[[#This Row],[QT_AREA_REST1]]>0,ESTIMATIVA[[#This Row],[QT_AREA_REST1]], IF(ESTIMATIVA[[#This Row],[QT_AREA_REAL]]>0,ESTIMATIVA[[#This Row],[QT_AREA_REAL]],ESTIMATIVA[[#This Row],[QT_AREA_EST]])) -> 16.47 | Z9: =IF(ESTIMATIVA[[#This Row],[QT_AREA_REST2]]>0,ESTIMATIVA[[#This Row],[QT_AREA_REST2]], IF(ESTIMATIVA[[#This Row],[QT_AREA_REAL]]>0,ESTIMATIVA[[#This Row],[QT_AREA_REAL]], IF(ESTIMATIVA[[#This Row],[QT_AREA_REST1]]>0,ESTIMATIVA[[#This Row],[QT_AREA_REST1]],ESTIMATIVA[[#This Row],[QT_AREA_EST]]))) -> 16.47 | AA9: =ESTIMATIVA[[#This Row],[QT_CANA_EST]] -> 1119.96 | AB9: =IF(ESTIMATIVA[[#This Row],[QT_CANA_REST1]]>0,ESTIMATIVA[[#This Row],[QT_CANA_REST1]], IF(ESTIMATIVA[[#This Row],[QT_CANA_REAL]]>0,ESTIMATIVA[[#This Row],[QT_CANA_REAL]],ESTIMATIVA[[#This Row],[QT_CANA_EST]])) -> 823.5 | AC9: =IF(ESTIMATIVA[[#This Row],[QT_CANA_REST2]]>0,ESTIMATIVA[[#This Row],[QT_CANA_REST2]], IF(ESTIMATIVA[[#This Row],[QT_CANA_REAL]]>0,ESTIMATIVA[[#This Row],[QT_CANA_REAL]], IF(ESTIMATIVA[[#This Row],[QT_CANA_REST1]]>0,ESTIMATIVA[[#This Row],[QT_CANA_REST1]],ESTIMATIVA[[#This Row],[QT_CANA_EST]]))) -> 823.5 | AD9: =IF(ESTIMATIVA[[#This Row],[QT_AREA_REAL]]>0,ESTIMATIVA[[#This Row],[QT_CANA_REAL]],ESTIMATIVA[[#This Row],[QT_CANA_EST]]) -> 662.2 | AE9: =IF(ESTIMATIVA[[#This Row],[QT_AREA_REAL]]>0,ESTIMATIVA[[#This Row],[QT_CANA_REAL]],ESTIMATIVA[[#This Row],[QT_CANA_REST1]]) -> 662.2 | AF9: =IF(ESTIMATIVA[[#This Row],[QT_AREA_REAL]]>0,ESTIMATIVA[[#This Row],[QT_CANA_REAL]],ESTIMATIVA[[#This Row],[QT_CANA_REST2]]) -> 662.2 | AG9: =IF(COUNTIFS(GEADA!A:A,VALUE(ESTIMATIVA[[#This Row],[CD_UPNIVEL1]]&TEXT(ESTIMATIVA[[#This Row],[CD_UPNIVEL3]],"0000")))>0,"S","N") -> S | AH9: =IF(COUNTIFS(IRRIGADO!C:C,ESTIMATIVA[[#This Row],[CD_UPNIVEL1]],IRRIGADO!E:E,ESTIMATIVA[[#This Row],[CD_UPNIVEL3]])>0,"Irrigado",IF(ESTIMATIVA[[#This Row],[DE_SIST_CULT]]="Mineral","Sequeiro",ESTIMATIVA[[#This Row],[DE_SIST_CULT]])) -> Sequeiro | AI9: =IF(ESTIMATIVA[[#This Row],[TP_CULTIVO]]="Irrigado",_xlfn.MAXIFS(IRRIGADO!J:J,IRRIGADO!C:C,ESTIMATIVA[[#This Row],[CD_UPNIVEL1]],IRRIGADO!E:E,ESTIMATIVA[[#This Row],[CD_UPNIVEL3]]),"") | AJ9: =IF(ESTIMATIVA[[#This Row],[TP_CULTIVO]]<>"Irrigado",0,AVERAGEIFS(IRRIGADO!G:G,IRRIGADO!C:C,ESTIMATIVA[[#This Row],[CD_UPNIVEL1]],IRRIGADO!E:E,ESTIMATIVA[[#This Row],[CD_UPNIVEL3]])*ESTIMATIVA[[#This Row],[QT_AREA_REAL]]) -> 0 | AK9: =COUNTIFS(Apresentação!$E$23:$E$29,ESTIMATIVA[[#This Row],[CD_UPNIVEL1]]) -> 0
A10: 10310 | B10: Fazenda Sao Jorge | C10: 4 | D10: 3 | E10: 3ºC | F10: E | H10: Mineral | I10: SP83-2847 | J10: 3 - Parceria | K10: 16.52 | L10: 16.52 | M10: 16.52 | N10: 16.52 | O10: 1123.36 | P10: 826 | Q10: 826 | R10: 663.81 | S10: UMOE | T10: 45935 | U10: =IF(ESTIMATIVA[[#This Row],[QT_AREA_REAL]]>0,"1- Colhido","2- à Colher") -> 1- Colhido | V10: =IF(ESTIMATIVA[[#This Row],[QT_AREA_REST1]]>0,"Reestimativa 1",IF(ESTIMATIVA[[#This Row],[QT_AREA_REAL]]=0,"Reestimativa 1","Realizado")) -> Reestimativa 1 | W10: =IF(ESTIMATIVA[[#This Row],[QT_AREA_REST2]]>0,"Reestimativa 2",IF(ESTIMATIVA[[#This Row],[QT_AREA_REAL]]=0,"Reestimativa 2","Realizado")) -> Reestimativa 2 | X10: =ESTIMATIVA[[#This Row],[QT_AREA_EST]] -> 16.52 | Y10: =IF(ESTIMATIVA[[#This Row],[QT_AREA_REST1]]>0,ESTIMATIVA[[#This Row],[QT_AREA_REST1]], IF(ESTIMATIVA[[#This Row],[QT_AREA_REAL]]>0,ESTIMATIVA[[#This Row],[QT_AREA_REAL]],ESTIMATIVA[[#This Row],[QT_AREA_EST]])) -> 16.52 | Z10: =IF(ESTIMATIVA[[#This Row],[QT_AREA_REST2]]>0,ESTIMATIVA[[#This Row],[QT_AREA_REST2]], IF(ESTIMATIVA[[#This Row],[QT_AREA_REAL]]>0,ESTIMATIVA[[#This Row],[QT_AREA_REAL]], IF(ESTIMATIVA[[#This Row],[QT_AREA_REST1]]>0,ESTIMATIVA[[#This Row],[QT_AREA_REST1]],ESTIMATIVA[[#This Row],[QT_AREA_EST]]))) -> 16.52 | AA10: =ESTIMATIVA[[#This Row],[QT_CANA_EST]] -> 1123.36 | AB10: =IF(ESTIMATIVA[[#This Row],[QT_CANA_REST1]]>0,ESTIMATIVA[[#This Row],[QT_CANA_REST1]], IF(ESTIMATIVA[[#This Row],[QT_CANA_REAL]]>0,ESTIMATIVA[[#This Row],[QT_CANA_REAL]],ESTIMATIVA[[#This Row],[QT_CANA_EST]])) -> 826 | AC10: =IF(ESTIMATIVA[[#This Row],[QT_CANA_REST2]]>0,ESTIMATIVA[[#This Row],[QT_CANA_REST2]], IF(ESTIMATIVA[[#This Row],[QT_CANA_REAL]]>0,ESTIMATIVA[[#This Row],[QT_CANA_REAL]], IF(ESTIMATIVA[[#This Row],[QT_CANA_REST1]]>0,ESTIMATIVA[[#This Row],[QT_CANA_REST1]],ESTIMATIVA[[#This Row],[QT_CANA_EST]]))) -> 826 | AD10: =IF(ESTIMATIVA[[#This Row],[QT_AREA_REAL]]>0,ESTIMATIVA[[#This Row],[QT_CANA_REAL]],ESTIMATIVA[[#This Row],[QT_CANA_EST]]) -> 663.81 | AE10: =IF(ESTIMATIVA[[#This Row],[QT_AREA_REAL]]>0,ESTIMATIVA[[#This Row],[QT_CANA_REAL]],ESTIMATIVA[[#This Row],[QT_CANA_REST1]]) -> 663.81 | AF10: =IF(ESTIMATIVA[[#This Row],[QT_AREA_REAL]]>0,ESTIMATIVA[[#This Row],[QT_CANA_REAL]],ESTIMATIVA[[#This Row],[QT_CANA_REST2]]) -> 663.81 | AG10: =IF(COUNTIFS(GEADA!A:A,VALUE(ESTIMATIVA[[#This Row],[CD_UPNIVEL1]]&TEXT(ESTIMATIVA[[#This Row],[CD_UPNIVEL3]],"0000")))>0,"S","N") -> S | AH10: =IF(COUNTIFS(IRRIGADO!C:C,ESTIMATIVA[[#This Row],[CD_UPNIVEL1]],IRRIGADO!E:E,ESTIMATIVA[[#This Row],[CD_UPNIVEL3]])>0,"Irrigado",IF(ESTIMATIVA[[#This Row],[DE_SIST_CULT]]="Mineral","Sequeiro",ESTIMATIVA[[#This Row],[DE_SIST_CULT]])) -> Sequeiro | AI10: =IF(ESTIMATIVA[[#This Row],[TP_CULTIVO]]="Irrigado",_xlfn.MAXIFS(IRRIGADO!J:J,IRRIGADO!C:C,ESTIMATIVA[[#This Row],[CD_UPNIVEL1]],IRRIGADO!E:E,ESTIMATIVA[[#This Row],[CD_UPNIVEL3]]),"") | AJ10: =IF(ESTIMATIVA[[#This Row],[TP_CULTIVO]]<>"Irrigado",0,AVERAGEIFS(IRRIGADO!G:G,IRRIGADO!C:C,ESTIMATIVA[[#This Row],[CD_UPNIVEL1]],IRRIGADO!E:E,ESTIMATIVA[[#This Row],[CD_UPNIVEL3]])*ESTIMATIVA[[#This Row],[QT_AREA_REAL]]) -> 0 | AK10: =COUNTIFS(Apresentação!$E$23:$E$29,ESTIMATIVA[[#This Row],[CD_UPNIVEL1]]) -> 0
A11: 10310 | B11: Fazenda Sao Jorge | C11: 5 | D11: 3 | E11: 3ºC | F11: D | H11: Mineral | I11: SP83-2847 | J11: 3 - Parceria | K11: 21.01 | L11: 21.01 | M11: 21.01 | N11: 21.01 | O11: 1428.68 | P11: 1050.5 | Q11: 1050.5 | R11: 844.66 | S11: UMOE | T11: 45935 | U11: =IF(ESTIMATIVA[[#This Row],[QT_AREA_REAL]]>0,"1- Colhido","2- à Colher") -> 1- Colhido | V11: =IF(ESTIMATIVA[[#This Row],[QT_AREA_REST1]]>0,"Reestimativa 1",IF(ESTIMATIVA[[#This Row],[QT_AREA_REAL]]=0,"Reestimativa 1","Realizado")) -> Reestimativa 1 | W11: =IF(ESTIMATIVA[[#This Row],[QT_AREA_REST2]]>0,"Reestimativa 2",IF(ESTIMATIVA[[#This Row],[QT_AREA_REAL]]=0,"Reestimativa 2","Realizado")) -> Reestimativa 2 | X11: =ESTIMATIVA[[#This Row],[QT_AREA_EST]] -> 21.01 | Y11: =IF(ESTIMATIVA[[#This Row],[QT_AREA_REST1]]>0,ESTIMATIVA[[#This Row],[QT_AREA_REST1]], IF(ESTIMATIVA[[#This Row],[QT_AREA_REAL]]>0,ESTIMATIVA[[#This Row],[QT_AREA_REAL]],ESTIMATIVA[[#This Row],[QT_AREA_EST]])) -> 21.01 | Z11: =IF(ESTIMATIVA[[#This Row],[QT_AREA_REST2]]>0,ESTIMATIVA[[#This Row],[QT_AREA_REST2]], IF(ESTIMATIVA[[#This Row],[QT_AREA_REAL]]>0,ESTIMATIVA[[#This Row],[QT_AREA_REAL]], IF(ESTIMATIVA[[#This Row],[QT_AREA_REST1]]>0,ESTIMATIVA[[#This Row],[QT_AREA_REST1]],ESTIMATIVA[[#This Row],[QT_AREA_EST]]))) -> 21.01 | AA11: =ESTIMATIVA[[#This Row],[QT_CANA_EST]] -> 1428.68 | AB11: =IF(ESTIMATIVA[[#This Row],[QT_CANA_REST1]]>0,ESTIMATIVA[[#This Row],[QT_CANA_REST1]], IF(ESTIMATIVA[[#This Row],[QT_CANA_REAL]]>0,ESTIMATIVA[[#This Row],[QT_CANA_REAL]],ESTIMATIVA[[#This Row],[QT_CANA_EST]])) -> 1050.5 | AC11: =IF(ESTIMATIVA[[#This Row],[QT_CANA_REST2]]>0,ESTIMATIVA[[#This Row],[QT_CANA_REST2]], IF(ESTIMATIVA[[#This Row],[QT_CANA_REAL]]>0,ESTIMATIVA[[#This Row],[QT_CANA_REAL]], IF(ESTIMATIVA[[#This Row],[QT_CANA_REST1]]>0,ESTIMATIVA[[#This Row],[QT_CANA_REST1]],ESTIMATIVA[[#This Row],[QT_CANA_EST]]))) -> 1050.5 | AD11: =IF(ESTIMATIVA[[#This Row],[QT_AREA_REAL]]>0,ESTIMATIVA[[#This Row],[QT_CANA_REAL]],ESTIMATIVA[[#This Row],[QT_CANA_EST]]) -> 844.66 | AE11: =IF(ESTIMATIVA[[#This Row],[QT_AREA_REAL]]>0,ESTIMATIVA[[#This Row],[QT_CANA_REAL]],ESTIMATIVA[[#This Row],[QT_CANA_REST1]]) -> 844.66 | AF11: =IF(ESTIMATIVA[[#This Row],[QT_AREA_REAL]]>0,ESTIMATIVA[[#This Row],[QT_CANA_REAL]],ESTIMATIVA[[#This Row],[QT_CANA_REST2]]) -> 844.66 | AG11: =IF(COUNTIFS(GEADA!A:A,VALUE(ESTIMATIVA[[#This Row],[CD_UPNIVEL1]]&TEXT(ESTIMATIVA[[#This Row],[CD_UPNIVEL3]],"0000")))>0,"S","N") -> S | AH11: =IF(COUNTIFS(IRRIGADO!C:C,ESTIMATIVA[[#This Row],[CD_UPNIVEL1]],IRRIGADO!E:E,ESTIMATIVA[[#This Row],[CD_UPNIVEL3]])>0,"Irrigado",IF(ESTIMATIVA[[#This Row],[DE_SIST_CULT]]="Mineral","Sequeiro",ESTIMATIVA[[#This Row],[DE_SIST_CULT]])) -> Sequeiro | AI11: =IF(ESTIMATIVA[[#This Row],[TP_CULTIVO]]="Irrigado",_xlfn.MAXIFS(IRRIGADO!J:J,IRRIGADO!C:C,ESTIMATIVA[[#This Row],[CD_UPNIVEL1]],IRRIGADO!E:E,ESTIMATIVA[[#This Row],[CD_UPNIVEL3]]),"") | AJ11: =IF(ESTIMATIVA[[#This Row],[TP_CULTIVO]]<>"Irrigado",0,AVERAGEIFS(IRRIGADO!G:G,IRRIGADO!C:C,ESTIMATIVA[[#This Row],[CD_UPNIVEL1]],IRRIGADO!E:E,ESTIMATIVA[[#This Row],[CD_UPNIVEL3]])*ESTIMATIVA[[#This Row],[QT_AREA_REAL]]) -> 0 | AK11: =COUNTIFS(Apresentação!$E$23:$E$29,ESTIMATIVA[[#This Row],[CD_UPNIVEL1]]) -> 0
A12: 10310 | B12: Fazenda Sao Jorge | C12: 6 | D12: 3 | E12: 3ºC | F12: D | H12: Mineral | I12: SP83-2847 | J12: 3 - Parceria | K12: 17.47 | L12: 17.47 | M12: 17.47 | N12: 17.47 | O12: 1187.96 | P12: 873.5 | Q12: 873.5 | R12: 702.39 | S12: UMOE | T12: 45935 | U12: =IF(ESTIMATIVA[[#This Row],[QT_AREA_REAL]]>0,"1- Colhido","2- à Colher") -> 1- Colhido | V12: =IF(ESTIMATIVA[[#This Row],[QT_AREA_REST1]]>0,"Reestimativa 1",IF(ESTIMATIVA[[#This Row],[QT_AREA_REAL]]=0,"Reestimativa 1","Realizado")) -> Reestimativa 1 | W12: =IF(ESTIMATIVA[[#This Row],[QT_AREA_REST2]]>0,"Reestimativa 2",IF(ESTIMATIVA[[#This Row],[QT_AREA_REAL]]=0,"Reestimativa 2","Realizado")) -> Reestimativa 2 | X12: =ESTIMATIVA[[#This Row],[QT_AREA_EST]] -> 17.47 | Y12: =IF(ESTIMATIVA[[#This Row],[QT_AREA_REST1]]>0,ESTIMATIVA[[#This Row],[QT_AREA_REST1]], IF(ESTIMATIVA[[#This Row],[QT_AREA_REAL]]>0,ESTIMATIVA[[#This Row],[QT_AREA_REAL]],ESTIMATIVA[[#This Row],[QT_AREA_EST]])) -> 17.47 | Z12: =IF(ESTIMATIVA[[#This Row],[QT_AREA_REST2]]>0,ESTIMATIVA[[#This Row],[QT_AREA_REST2]], IF(ESTIMATIVA[[#This Row],[QT_AREA_REAL]]>0,ESTIMATIVA[[#This Row],[QT_AREA_REAL]], IF(ESTIMATIVA[[#This Row],[QT_AREA_REST1]]>0,ESTIMATIVA[[#This Row],[QT_AREA_REST1]],ESTIMATIVA[[#This Row],[QT_AREA_EST]]))) -> 17.47 | AA12: =ESTIMATIVA[[#This Row],[QT_CANA_EST]] -> 1187.96 | AB12: =IF(ESTIMATIVA[[#This Row],[QT_CANA_REST1]]>0,ESTIMATIVA[[#This Row],[QT_CANA_REST1]], IF(ESTIMATIVA[[#This Row],[QT_CANA_REAL]]>0,ESTIMATIVA[[#This Row],[QT_CANA_REAL]],ESTIMATIVA[[#This Row],[QT_CANA_EST]])) -> 873.5 | AC12: =IF(ESTIMATIVA[[#This Row],[QT_CANA_REST2]]>0,ESTIMATIVA[[#This Row],[QT_CANA_REST2]], IF(ESTIMATIVA[[#This Row],[QT_CANA_REAL]]>0,ESTIMATIVA[[#This Row],[QT_CANA_REAL]], IF(ESTIMATIVA[[#This Row],[QT_CANA_REST1]]>0,ESTIMATIVA[[#This Row],[QT_CANA_REST1]],ESTIMATIVA[[#This Row],[QT_CANA_EST]]))) -> 873.5 | AD12: =IF(ESTIMATIVA[[#This Row],[QT_AREA_REAL]]>0,ESTIMATIVA[[#This Row],[QT_CANA_REAL]],ESTIMATIVA[[#This Row],[QT_CANA_EST]]) -> 702.39 | AE12: =IF(ESTIMATIVA[[#This Row],[QT_AREA_REAL]]>0,ESTIMATIVA[[#This Row],[QT_CANA_REAL]],ESTIMATIVA[[#This Row],[QT_CANA_REST1]]) -> 702.39 | AF12: =IF(ESTIMATIVA[[#This Row],[QT_AREA_REAL]]>0,ESTIMATIVA[[#This Row],[QT_CANA_REAL]],ESTIMATIVA[[#This Row],[QT_CANA_REST2]]) -> 702.39 | AG12: =IF(COUNTIFS(GEADA!A:A,VALUE(ESTIMATIVA[[#This Row],[CD_UPNIVEL1]]&TEXT(ESTIMATIVA[[#This Row],[CD_UPNIVEL3]],"0000")))>0,"S","N") -> S | AH12: =IF(COUNTIFS(IRRIGADO!C:C,ESTIMATIVA[[#This Row],[CD_UPNIVEL1]],IRRIGADO!E:E,ESTIMATIVA[[#This Row],[CD_UPNIVEL3]])>0,"Irrigado",IF(ESTIMATIVA[[#This Row],[DE_SIST_CULT]]="Mineral","Sequeiro",ESTIMATIVA[[#This Row],[DE_SIST_CULT]])) -> Sequeiro | AI12: =IF(ESTIMATIVA[[#This Row],[TP_CULTIVO]]="Irrigado",_xlfn.MAXIFS(IRRIGADO!J:J,IRRIGADO!C:C,ESTIMATIVA[[#This Row],[CD_UPNIVEL1]],IRRIGADO!E:E,ESTIMATIVA[[#This Row],[CD_UPNIVEL3]]),"") | AJ12: =IF(ESTIMATIVA[[#This Row],[TP_CULTIVO]]<>"Irrigado",0,AVERAGEIFS(IRRIGADO!G:G,IRRIGADO!C:C,ESTIMATIVA[[#This Row],[CD_UPNIVEL1]],IRRIGADO!E:E,ESTIMATIVA[[#This Row],[CD_UPNIVEL3]])*ESTIMATIVA[[#This Row],[QT_AREA_REAL]]) -> 0 | AK12: =COUNTIFS(Apresentação!$E$23:$E$29,ESTIMATIVA[[#This Row],[CD_UPNIVEL1]]) -> 0
A13: 10310 | B13: Fazenda Sao Jorge | C13: 7 | D13: 3 | E13: 3ºC | F13: D | H13: Mineral | I13: SP83-2847 | J13: 3 - Parceria | K13: 19.11 | L13: 19.11 | M13: 19.11 | N13: 19.11 | O13: 1299.48 | P13: 955.5 | Q13: 955.5 | R13: 768.8 | S13: UMOE | T13: 45935 | U13: =IF(ESTIMATIVA[[#This Row],[QT_AREA_REAL]]>0,"1- Colhido","2- à Colher") -> 1- Colhido | V13: =IF(ESTIMATIVA[[#This Row],[QT_AREA_REST1]]>0,"Reestimativa 1",IF(ESTIMATIVA[[#This Row],[QT_AREA_REAL]]=0,"Reestimativa 1","Realizado")) -> Reestimativa 1 | W13: =IF(ESTIMATIVA[[#This Row],[QT_AREA_REST2]]>0,"Reestimativa 2",IF(ESTIMATIVA[[#This Row],[QT_AREA_REAL]]=0,"Reestimativa 2","Realizado")) -> Reestimativa 2 | X13: =ESTIMATIVA[[#This Row],[QT_AREA_EST]] -> 19.11 | Y13: =IF(ESTIMATIVA[[#This Row],[QT_AREA_REST1]]>0,ESTIMATIVA[[#This Row],[QT_AREA_REST1]], IF(ESTIMATIVA[[#This Row],[QT_AREA_REAL]]>0,ESTIMATIVA[[#This Row],[QT_AREA_REAL]],ESTIMATIVA[[#This Row],[QT_AREA_EST]])) -> 19.11 | Z13: =IF(ESTIMATIVA[[#This Row],[QT_AREA_REST2]]>0,ESTIMATIVA[[#This Row],[QT_AREA_REST2]], IF(ESTIMATIVA[[#This Row],[QT_AREA_REAL]]>0,ESTIMATIVA[[#This Row],[QT_AREA_REAL]], IF(ESTIMATIVA[[#This Row],[QT_AREA_REST1]]>0,ESTIMATIVA[[#This Row],[QT_AREA_REST1]],ESTIMATIVA[[#This Row],[QT_AREA_EST]]))) -> 19.11 | AA13: =ESTIMATIVA[[#This Row],[QT_CANA_EST]] -> 1299.48 | AB13: =IF(ESTIMATIVA[[#This Row],[QT_CANA_REST1]]>0,ESTIMATIVA[[#This Row],[QT_CANA_REST1]], IF(ESTIMATIVA[[#This Row],[QT_CANA_REAL]]>0,ESTIMATIVA[[#This Row],[QT_CANA_REAL]],ESTIMATIVA[[#This Row],[QT_CANA_EST]])) -> 955.5 | AC13: =IF(ESTIMATIVA[[#This Row],[QT_CANA_REST2]]>0,ESTIMATIVA[[#This Row],[QT_CANA_REST2]], IF(ESTIMATIVA[[#This Row],[QT_CANA_REAL]]>0,ESTIMATIVA[[#This Row],[QT_CANA_REAL]], IF(ESTIMATIVA[[#This Row],[QT_CANA_REST1]]>0,ESTIMATIVA[[#This Row],[QT_CANA_REST1]],ESTIMATIVA[[#This Row],[QT_CANA_EST]]))) -> 955.5 | AD13: =IF(ESTIMATIVA[[#This Row],[QT_AREA_REAL]]>0,ESTIMATIVA[[#This Row],[QT_CANA_REAL]],ESTIMATIVA[[#This Row],[QT_CANA_EST]]) -> 768.8 | AE13: =IF(ESTIMATIVA[[#This Row],[QT_AREA_REAL]]>0,ESTIMATIVA[[#This Row],[QT_CANA_REAL]],ESTIMATIVA[[#This Row],[QT_CANA_REST1]]) -> 768.8 | AF13: =IF(ESTIMATIVA[[#This Row],[QT_AREA_REAL]]>0,ESTIMATIVA[[#This Row],[QT_CANA_REAL]],ESTIMATIVA[[#This Row],[QT_CANA_REST2]]) -> 768.8 | AG13: =IF(COUNTIFS(GEADA!A:A,VALUE(ESTIMATIVA[[#This Row],[CD_UPNIVEL1]]&TEXT(ESTIMATIVA[[#This Row],[CD_UPNIVEL3]],"0000")))>0,"S","N") -> S | AH13: =IF(COUNTIFS(IRRIGADO!C:C,ESTIMATIVA[[#This Row],[CD_UPNIVEL1]],IRRIGADO!E:E,ESTIMATIVA[[#This Row],[CD_UPNIVEL3]])>0,"Irrigado",IF(ESTIMATIVA[[#This Row],[DE_SIST_CULT]]="Mineral","Sequeiro",ESTIMATIVA[[#This Row],[DE_SIST_CULT]])) -> Sequeiro | AI13: =IF(ESTIMATIVA[[#This Row],[TP_CULTIVO]]="Irrigado",_xlfn.MAXIFS(IRRIGADO!J:J,IRRIGADO!C:C,ESTIMATIVA[[#This Row],[CD_UPNIVEL1]],IRRIGADO!E:E,ESTIMATIVA[[#This Row],[CD_UPNIVEL3]]),"") | AJ13: =IF(ESTIMATIVA[[#This Row],[TP_CULTIVO]]<>"Irrigado",0,AVERAGEIFS(IRRIGADO!G:G,IRRIGADO!C:C,ESTIMATIVA[[#This Row],[CD_UPNIVEL1]],IRRIGADO!E:E,ESTIMATIVA[[#This Row],[CD_UPNIVEL3]])*ESTIMATIVA[[#This Row],[QT_AREA_REAL]]) -> 0 | AK13: =COUNTIFS(Apresentação!$E$23:$E$29,ESTIMATIVA[[#This Row],[CD_UPNIVEL1]]) -> 0
... A548: 20319 | B548: Fazenda Água do Valão | C548: 4 | D548: 3 | E548: 3ºC | F548: C | H548: Fertirrigação | I548: RB975201 | J548: 3 - Parceria | K548: 3.11 | L548: 3.11 | M548: 3.11 | N548: 3.11 | O548: 279.9 | P548: 292.34 | Q548: 292.34 | R548: 277.94 | S548: UMOE | T548: 45984 | U548: =IF(ESTIMATIVA[[#This Row],[QT_AREA_REAL]]>0,"1- Colhido","2- à Colher") -> 1- Colhido | V548: =IF(ESTIMATIVA[[#This Row],[QT_AREA_REST1]]>0,"Reestimativa 1",IF(ESTIMATIVA[[#This Row],[QT_AREA_REAL]]=0,"Reestimativa 1","Realizado")) -> Reestimativa 1 | W548: =IF(ESTIMATIVA[[#This Row],[QT_AREA_REST2]]>0,"Reestimativa 2",IF(ESTIMATIVA[[#This Row],[QT_AREA_REAL]]=0,"Reestimativa 2","Realizado")) -> Reestimativa 2 | X548: =ESTIMATIVA[[#This Row],[QT_AREA_EST]] -> 3.11 | Y548: =IF(ESTIMATIVA[[#This Row],[QT_AREA_REST1]]>0,ESTIMATIVA[[#This Row],[QT_AREA_REST1]], IF(ESTIMATIVA[[#This Row],[QT_AREA_REAL]]>0,ESTIMATIVA[[#This Row],[QT_AREA_REAL]],ESTIMATIVA[[#This Row],[QT_AREA_EST]])) -> 3.11 | Z548: =IF(ESTIMATIVA[[#This Row],[QT_AREA_REST2]]>0,ESTIMATIVA[[#This Row],[QT_AREA_REST2]], IF(ESTIMATIVA[[#This Row],[QT_AREA_REAL]]>0,ESTIMATIVA[[#This Row],[QT_AREA_REAL]], IF(ESTIMATIVA[[#This Row],[QT_AREA_REST1]]>0,ESTIMATIVA[[#This Row],[QT_AREA_REST1]],ESTIMATIVA[[#This Row],[QT_AREA_EST]]))) -> 3.11 | AA548: =ESTIMATIVA[[#This Row],[QT_CANA_EST]] -> 279.9 | AB548: =IF(ESTIMATIVA[[#This Row],[QT_CANA_REST1]]>0,ESTIMATIVA[[#This Row],[QT_CANA_REST1]], IF(ESTIMATIVA[[#This Row],[QT_CANA_REAL]]>0,ESTIMATIVA[[#This Row],[QT_CANA_REAL]],ESTIMATIVA[[#This Row],[QT_CANA_EST]])) -> 292.34 | AC548: =IF(ESTIMATIVA[[#This Row],[QT_CANA_REST2]]>0,ESTIMATIVA[[#This Row],[QT_CANA_REST2]], IF(ESTIMATIVA[[#This Row],[QT_CANA_REAL]]>0,ESTIMATIVA[[#This Row],[QT_CANA_REAL]], IF(ESTIMATIVA[[#This Row],[QT_CANA_REST1]]>0,ESTIMATIVA[[#This Row],[QT_CANA_REST1]],ESTIMATIVA[[#This Row],[QT_CANA_EST]]))) -> 292.34 | AD548: =IF(ESTIMATIVA[[#This Row],[QT_AREA_REAL]]>0,ESTIMATIVA[[#This Row],[QT_CANA_REAL]],ESTIMATIVA[[#This Row],[QT_CANA_EST]]) -> 277.94 | AE548: =IF(ESTIMATIVA[[#This Row],[QT_AREA_REAL]]>0,ESTIMATIVA[[#This Row],[QT_CANA_REAL]],ESTIMATIVA[[#This Row],[QT_CANA_REST1]]) -> 277.94 | AF548: =IF(ESTIMATIVA[[#This Row],[QT_AREA_REAL]]>0,ESTIMATIVA[[#This Row],[QT_CANA_REAL]],ESTIMATIVA[[#This Row],[QT_CANA_REST2]]) -> 277.94 | AG548: =IF(COUNTIFS(GEADA!A:A,VALUE(ESTIMATIVA[[#This Row],[CD_UPNIVEL1]]&TEXT(ESTIMATIVA[[#This Row],[CD_UPNIVEL3]],"0000")))>0,"S","N") -> N | AH548: =IF(COUNTIFS(IRRIGADO!C:C,ESTIMATIVA[[#This Row],[CD_UPNIVEL1]],IRRIGADO!E:E,ESTIMATIVA[[#This Row],[CD_UPNIVEL3]])>0,"Irrigado",IF(ESTIMATIVA[[#This Row],[DE_SIST_CULT]]="Mineral","Sequeiro",ESTIMATIVA[[#This Row],[DE_SIST_CULT]])) -> Fertirrigação | AI548: =IF(ESTIMATIVA[[#This Row],[TP_CULTIVO]]="Irrigado",_xlfn.MAXIFS(IRRIGADO!J:J,IRRIGADO!C:C,ESTIMATIVA[[#This Row],[CD_UPNIVEL1]],IRRIGADO!E:E,ESTIMATIVA[[#This Row],[CD_UPNIVEL3]]),"") | AJ548: =IF(ESTIMATIVA[[#This Row],[TP_CULTIVO]]<>"Irrigado",0,AVERAGEIFS(IRRIGADO!G:G,IRRIGADO!C:C,ESTIMATIVA[[#This Row],[CD_UPNIVEL1]],IRRIGADO!E:E,ESTIMATIVA[[#This Row],[CD_UPNIVEL3]])*ESTIMATIVA[[#This Row],[QT_AREA_REAL]]) -> 0 | AK548: =COUNTIFS(Apresentação!$E$23:$E$29,ESTIMATIVA[[#This Row],[CD_UPNIVEL1]]) -> 0
A549: 20319 | B549: Fazenda Água do Valão | C549: 5 | D549: 3 | E549: 3ºC | F549: D | H549: Fertirrigação | I549: RB975201 | J549: 3 - Parceria | K549: 8.2 | L549: 8.2 | M549: 8.2 | N549: 0 | O549: 656 | P549: 705.2 | Q549: 656 | R549: 0 | S549: UMOE | U549: =IF(ESTIMATIVA[[#This Row],[QT_AREA_REAL]]>0,"1- Colhido","2- à Colher") -> 2- à Colher | V549: =IF(ESTIMATIVA[[#This Row],[QT_AREA_REST1]]>0,"Reestimativa 1",IF(ESTIMATIVA[[#This Row],[QT_AREA_REAL]]=0,"Reestimativa 1","Realizado")) -> Reestimativa 1 | W549: =IF(ESTIMATIVA[[#This Row],[QT_AREA_REST2]]>0,"Reestimativa 2",IF(ESTIMATIVA[[#This Row],[QT_AREA_REAL]]=0,"Reestimativa 2","Realizado")) -> Reestimativa 2 | X549: =ESTIMATIVA[[#This Row],[QT_AREA_EST]] -> 8.2 | Y549: =IF(ESTIMATIVA[[#This Row],[QT_AREA_REST1]]>0,ESTIMATIVA[[#This Row],[QT_AREA_REST1]], IF(ESTIMATIVA[[#This Row],[QT_AREA_REAL]]>0,ESTIMATIVA[[#This Row],[QT_AREA_REAL]],ESTIMATIVA[[#This Row],[QT_AREA_EST]])) -> 8.2 | Z549: =IF(ESTIMATIVA[[#This Row],[QT_AREA_REST2]]>0,ESTIMATIVA[[#This Row],[QT_AREA_REST2]], IF(ESTIMATIVA[[#This Row],[QT_AREA_REAL]]>0,ESTIMATIVA[[#This Row],[QT_AREA_REAL]], IF(ESTIMATIVA[[#This Row],[QT_AREA_REST1]]>0,ESTIMATIVA[[#This Row],[QT_AREA_REST1]],ESTIMATIVA[[#This Row],[QT_AREA_EST]]))) -> 8.2 | AA549: =ESTIMATIVA[[#This Row],[QT_CANA_EST]] -> 656 | AB549: =IF(ESTIMATIVA[[#This Row],[QT_CANA_REST1]]>0,ESTIMATIVA[[#This Row],[QT_CANA_REST1]], IF(ESTIMATIVA[[#This Row],[QT_CANA_REAL]]>0,ESTIMATIVA[[#This Row],[QT_CANA_REAL]],ESTIMATIVA[[#This Row],[QT_CANA_EST]])) -> 705.2 | AC549: =IF(ESTIMATIVA[[#This Row],[QT_CANA_REST2]]>0,ESTIMATIVA[[#This Row],[QT_CANA_REST2]], IF(ESTIMATIVA[[#This Row],[QT_CANA_REAL]]>0,ESTIMATIVA[[#This Row],[QT_CANA_REAL]], IF(ESTIMATIVA[[#This Row],[QT_CANA_REST1]]>0,ESTIMATIVA[[#This Row],[QT_CANA_REST1]],ESTIMATIVA[[#This Row],[QT_CANA_EST]]))) -> 656 | AD549: =IF(ESTIMATIVA[[#This Row],[QT_AREA_REAL]]>0,ESTIMATIVA[[#This Row],[QT_CANA_REAL]],ESTIMATIVA[[#This Row],[QT_CANA_EST]]) -> 656 | AE549: =IF(ESTIMATIVA[[#This Row],[QT_AREA_REAL]]>0,ESTIMATIVA[[#This Row],[QT_CANA_REAL]],ESTIMATIVA[[#This Row],[QT_CANA_REST1]]) -> 705.2 | AF549: =IF(ESTIMATIVA[[#This Row],[QT_AREA_REAL]]>0,ESTIMATIVA[[#This Row],[QT_CANA_REAL]],ESTIMATIVA[[#This Row],[QT_CANA_REST2]]) -> 656 | AG549: =IF(COUNTIFS(GEADA!A:A,VALUE(ESTIMATIVA[[#This Row],[CD_UPNIVEL1]]&TEXT(ESTIMATIVA[[#This Row],[CD_UPNIVEL3]],"0000")))>0,"S","N") -> N | AH549: =IF(COUNTIFS(IRRIGADO!C:C,ESTIMATIVA[[#This Row],[CD_UPNIVEL1]],IRRIGADO!E:E,ESTIMATIVA[[#This Row],[CD_UPNIVEL3]])>0,"Irrigado",IF(ESTIMATIVA[[#This Row],[DE_SIST_CULT]]="Mineral","Sequeiro",ESTIMATIVA[[#This Row],[DE_SIST_CULT]])) -> Fertirrigação | AI549: =IF(ESTIMATIVA[[#This Row],[TP_CULTIVO]]="Irrigado",_xlfn.MAXIFS(IRRIGADO!J:J,IRRIGADO!C:C,ESTIMATIVA[[#This Row],[CD_UPNIVEL1]],IRRIGADO!E:E,ESTIMATIVA[[#This Row],[CD_UPNIVEL3]]),"") | AJ549: =IF(ESTIMATIVA[[#This Row],[TP_CULTIVO]]<>"Irrigado",0,AVERAGEIFS(IRRIGADO!G:G,IRRIGADO!C:C,ESTIMATIVA[[#This Row],[CD_UPNIVEL1]],IRRIGADO!E:E,ESTIMATIVA[[#This Row],[CD_UPNIVEL3]])*ESTIMATIVA[[#This Row],[QT_AREA_REAL]]) -> 0 | AK549: =COUNTIFS(Apresentação!$E$23:$E$29,ESTIMATIVA[[#This Row],[CD_UPNIVEL1]]) -> 0
A550: 20319 | B550: Fazenda Água do Valão | C550: 6 | D550: 3 | E550: 3ºC | F550: D | H550: Fertirrigação | I550: RB975201 | J550: 3 - Parceria | K550: 14.83 | L550: 14.83 | M550: 14.83 | N550: 14.83 | O550: 1186.4 | P550: 1275.38 | Q550: 1186.4 | R550: 267.64 | S550: UMOE | T550: 46005 | U550: =IF(ESTIMATIVA[[#This Row],[QT_AREA_REAL]]>0,"1- Colhido","2- à Colher") -> 1- Colhido | V550: =IF(ESTIMATIVA[[#This Row],[QT_AREA_REST1]]>0,"Reestimativa 1",IF(ESTIMATIVA[[#This Row],[QT_AREA_REAL]]=0,"Reestimativa 1","Realizado")) -> Reestimativa 1 | W550: =IF(ESTIMATIVA[[#This Row],[QT_AREA_REST2]]>0,"Reestimativa 2",IF(ESTIMATIVA[[#This Row],[QT_AREA_REAL]]=0,"Reestimativa 2","Realizado")) -> Reestimativa 2 | X550: =ESTIMATIVA[[#This Row],[QT_AREA_EST]] -> 14.83 | Y550: =IF(ESTIMATIVA[[#This Row],[QT_AREA_REST1]]>0,ESTIMATIVA[[#This Row],[QT_AREA_REST1]], IF(ESTIMATIVA[[#This Row],[QT_AREA_REAL]]>0,ESTIMATIVA[[#This Row],[QT_AREA_REAL]],ESTIMATIVA[[#This Row],[QT_AREA_EST]])) -> 14.83 | Z550: =IF(ESTIMATIVA[[#This Row],[QT_AREA_REST2]]>0,ESTIMATIVA[[#This Row],[QT_AREA_REST2]], IF(ESTIMATIVA[[#This Row],[QT_AREA_REAL]]>0,ESTIMATIVA[[#This Row],[QT_AREA_REAL]], IF(ESTIMATIVA[[#This Row],[QT_AREA_REST1]]>0,ESTIMATIVA[[#This Row],[QT_AREA_REST1]],ESTIMATIVA[[#This Row],[QT_AREA_EST]]))) -> 14.83 | AA550: =ESTIMATIVA[[#This Row],[QT_CANA_EST]] -> 1186.4 | AB550: =IF(ESTIMATIVA[[#This Row],[QT_CANA_REST1]]>0,ESTIMATIVA[[#This Row],[QT_CANA_REST1]], IF(ESTIMATIVA[[#This Row],[QT_CANA_REAL]]>0,ESTIMATIVA[[#This Row],[QT_CANA_REAL]],ESTIMATIVA[[#This Row],[QT_CANA_EST]])) -> 1275.38 | AC550: =IF(ESTIMATIVA[[#This Row],[QT_CANA_REST2]]>0,ESTIMATIVA[[#This Row],[QT_CANA_REST2]], IF(ESTIMATIVA[[#This Row],[QT_CANA_REAL]]>0,ESTIMATIVA[[#This Row],[QT_CANA_REAL]], IF(ESTIMATIVA[[#This Row],[QT_CANA_REST1]]>0,ESTIMATIVA[[#This Row],[QT_CANA_REST1]],ESTIMATIVA[[#This Row],[QT_CANA_EST]]))) -> 1186.4 | AD550: =IF(ESTIMATIVA[[#This Row],[QT_AREA_REAL]]>0,ESTIMATIVA[[#This Row],[QT_CANA_REAL]],ESTIMATIVA[[#This Row],[QT_CANA_EST]]) -> 267.64 | AE550: =IF(ESTIMATIVA[[#This Row],[QT_AREA_REAL]]>0,ESTIMATIVA[[#This Row],[QT_CANA_REAL]],ESTIMATIVA[[#This Row],[QT_CANA_REST1]]) -> 267.64 | AF550: =IF(ESTIMATIVA[[#This Row],[QT_AREA_REAL]]>0,ESTIMATIVA[[#This Row],[QT_CANA_REAL]],ESTIMATIVA[[#This Row],[QT_CANA_REST2]]) -> 267.64 | AG550: =IF(COUNTIFS(GEADA!A:A,VALUE(ESTIMATIVA[[#This Row],[CD_UPNIVEL1]]&TEXT(ESTIMATIVA[[#This Row],[CD_UPNIVEL3]],"0000")))>0,"S","N") -> N | AH550: =IF(COUNTIFS(IRRIGADO!C:C,ESTIMATIVA[[#This Row],[CD_UPNIVEL1]],IRRIGADO!E:E,ESTIMATIVA[[#This Row],[CD_UPNIVEL3]])>0,"Irrigado",IF(ESTIMATIVA[[#This Row],[DE_SIST_CULT]]="Mineral","Sequeiro",ESTIMATIVA[[#This Row],[DE_SIST_CULT]])) -> Fertirrigação | AI550: =IF(ESTIMATIVA[[#This Row],[TP_CULTIVO]]="Irrigado",_xlfn.MAXIFS(IRRIGADO!J:J,IRRIGADO!C:C,ESTIMATIVA[[#This Row],[CD_UPNIVEL1]],IRRIGADO!E:E,ESTIMATIVA[[#This Row],[CD_UPNIVEL3]]),"") | AJ550: =IF(ESTIMATIVA[[#This Row],[TP_CULTIVO]]<>"Irrigado",0,AVERAGEIFS(IRRIGADO!G:G,IRRIGADO!C:C,ESTIMATIVA[[#This Row],[CD_UPNIVEL1]],IRRIGADO!E:E,ESTIMATIVA[[#This Row],[CD_UPNIVEL3]])*ESTIMATIVA[[#This Row],[QT_AREA_REAL]]) -> 0 | AK550: =COUNTIFS(Apresentação!$E$23:$E$29,ESTIMATIVA[[#This Row],[CD_UPNIVEL1]]) -> 0
A551: 20319 | B551: Fazenda Água do Valão | C551: 7 | D551: 3 | E551: 3ºC | F551: D | H551: Fertirrigação | I551: RB975201 | J551: 3 - Parceria | K551: 5.06 | L551: 5.06 | M551: 5.06 | N551: 5.06 | O551: 399.74 | P551: 409.86 | Q551: 404.8 | R551: 353.36 | S551: UMOE | T551: 46005 | U551: =IF(ESTIMATIVA[[#This Row],[QT_AREA_REAL]]>0,"1- Colhido","2- à Colher") -> 1- Colhido | V551: =IF(ESTIMATIVA[[#This Row],[QT_AREA_REST1]]>0,"Reestimativa 1",IF(ESTIMATIVA[[#This Row],[QT_AREA_REAL]]=0,"Reestimativa 1","Realizado")) -> Reestimativa 1 | W551: =IF(ESTIMATIVA[[#This Row],[QT_AREA_REST2]]>0,"Reestimativa 2",IF(ESTIMATIVA[[#This Row],[QT_AREA_REAL]]=0,"Reestimativa 2","Realizado")) -> Reestimativa 2 | X551: =ESTIMATIVA[[#This Row],[QT_AREA_EST]] -> 5.06 | Y551: =IF(ESTIMATIVA[[#This Row],[QT_AREA_REST1]]>0,ESTIMATIVA[[#This Row],[QT_AREA_REST1]], IF(ESTIMATIVA[[#This Row],[QT_AREA_REAL]]>0,ESTIMATIVA[[#This Row],[QT_AREA_REAL]],ESTIMATIVA[[#This Row],[QT_AREA_EST]])) -> 5.06 | Z551: =IF(ESTIMATIVA[[#This Row],[QT_AREA_REST2]]>0,ESTIMATIVA[[#This Row],[QT_AREA_REST2]], IF(ESTIMATIVA[[#This Row],[QT_AREA_REAL]]>0,ESTIMATIVA[[#This Row],[QT_AREA_REAL]], IF(ESTIMATIVA[[#This Row],[QT_AREA_REST1]]>0,ESTIMATIVA[[#This Row],[QT_AREA_REST1]],ESTIMATIVA[[#This Row],[QT_AREA_EST]]))) -> 5.06 | AA551: =ESTIMATIVA[[#This Row],[QT_CANA_EST]] -> 399.74 | AB551: =IF(ESTIMATIVA[[#This Row],[QT_CANA_REST1]]>0,ESTIMATIVA[[#This Row],[QT_CANA_REST1]], IF(ESTIMATIVA[[#This Row],[QT_CANA_REAL]]>0,ESTIMATIVA[[#This Row],[QT_CANA_REAL]],ESTIMATIVA[[#This Row],[QT_CANA_EST]])) -> 409.86 | AC551: =IF(ESTIMATIVA[[#This Row],[QT_CANA_REST2]]>0,ESTIMATIVA[[#This Row],[QT_CANA_REST2]], IF(ESTIMATIVA[[#This Row],[QT_CANA_REAL]]>0,ESTIMATIVA[[#This Row],[QT_CANA_REAL]], IF(ESTIMATIVA[[#This Row],[QT_CANA_REST1]]>0,ESTIMATIVA[[#This Row],[QT_CANA_REST1]],ESTIMATIVA[[#This Row],[QT_CANA_EST]]))) -> 404.8 | AD551: =IF(ESTIMATIVA[[#This Row],[QT_AREA_REAL]]>0,ESTIMATIVA[[#This Row],[QT_CANA_REAL]],ESTIMATIVA[[#This Row],[QT_CANA_EST]]) -> 353.36 | AE551: =IF(ESTIMATIVA[[#This Row],[QT_AREA_REAL]]>0,ESTIMATIVA[[#This Row],[QT_CANA_REAL]],ESTIMATIVA[[#This Row],[QT_CANA_REST1]]) -> 353.36 | AF551: =IF(ESTIMATIVA[[#This Row],[QT_AREA_REAL]]>0,ESTIMATIVA[[#This Row],[QT_CANA_REAL]],ESTIMATIVA[[#This Row],[QT_CANA_REST2]]) -> 353.36 | AG551: =IF(COUNTIFS(GEADA!A:A,VALUE(ESTIMATIVA[[#This Row],[CD_UPNIVEL1]]&TEXT(ESTIMATIVA[[#This Row],[CD_UPNIVEL3]],"0000")))>0,"S","N") -> N | AH551: =IF(COUNTIFS(IRRIGADO!C:C,ESTIMATIVA[[#This Row],[CD_UPNIVEL1]],IRRIGADO!E:E,ESTIMATIVA[[#This Row],[CD_UPNIVEL3]])>0,"Irrigado",IF(ESTIMATIVA[[#This Row],[DE_SIST_CULT]]="Mineral","Sequeiro",ESTIMATIVA[[#This Row],[DE_SIST_CULT]])) -> Fertirrigação | AI551: =IF(ESTIMATIVA[[#This Row],[TP_CULTIVO]]="Irrigado",_xlfn.MAXIFS(IRRIGADO!J:J,IRRIGADO!C:C,ESTIMATIVA[[#This Row],[CD_UPNIVEL1]],IRRIGADO!E:E,ESTIMATIVA[[#This Row],[CD_UPNIVEL3]]),"") | AJ551: =IF(ESTIMATIVA[[#This Row],[TP_CULTIVO]]<>"Irrigado",0,AVERAGEIFS(IRRIGADO!G:G,IRRIGADO!C:C,ESTIMATIVA[[#This Row],[CD_UPNIVEL1]],IRRIGADO!E:E,ESTIMATIVA[[#This Row],[CD_UPNIVEL3]])*ESTIMATIVA[[#This Row],[QT_AREA_REAL]]) -> 0 | AK551: =COUNTIFS(Apresentação!$E$23:$E$29,ESTIMATIVA[[#This Row],[CD_UPNIVEL1]]) -> 0
A552: 20319 | B552: Fazenda Água do Valão | C552: 8 | D552: 3 | E552: 3ºC | F552: D | H552: Fertirrigação | I552: RB975201 | J552: 3 - Parceria | K552: 29.42 | L552: 29.42 | M552: 29.42 | N552: 29.42 | O552: 2324.18 | P552: 2383.02 | Q552: 2353.6 | R552: 2065.37 | S552: UMOE | T552: 46005 | U552: =IF(ESTIMATIVA[[#This Row],[QT_AREA_REAL]]>0,"1- Colhido","2- à Colher") -> 1- Colhido | V552: =IF(ESTIMATIVA[[#This Row],[QT_AREA_REST1]]>0,"Reestimativa 1",IF(ESTIMATIVA[[#This Row],[QT_AREA_REAL]]=0,"Reestimativa 1","Realizado")) -> Reestimativa 1 | W552: =IF(ESTIMATIVA[[#This Row],[QT_AREA_REST2]]>0,"Reestimativa 2",IF(ESTIMATIVA[[#This Row],[QT_AREA_REAL]]=0,"Reestimativa 2","Realizado")) -> Reestimativa 2 | X552: =ESTIMATIVA[[#This Row],[QT_AREA_EST]] -> 29.42 | Y552: =IF(ESTIMATIVA[[#This Row],[QT_AREA_REST1]]>0,ESTIMATIVA[[#This Row],[QT_AREA_REST1]], IF(ESTIMATIVA[[#This Row],[QT_AREA_REAL]]>0,ESTIMATIVA[[#This Row],[QT_AREA_REAL]],ESTIMATIVA[[#This Row],[QT_AREA_EST]])) -> 29.42 | Z552: =IF(ESTIMATIVA[[#This Row],[QT_AREA_REST2]]>0,ESTIMATIVA[[#This Row],[QT_AREA_REST2]], IF(ESTIMATIVA[[#This Row],[QT_AREA_REAL]]>0,ESTIMATIVA[[#This Row],[QT_AREA_REAL]], IF(ESTIMATIVA[[#This Row],[QT_AREA_REST1]]>0,ESTIMATIVA[[#This Row],[QT_AREA_REST1]],ESTIMATIVA[[#This Row],[QT_AREA_EST]]))) -> 29.42 | AA552: =ESTIMATIVA[[#This Row],[QT_CANA_EST]] -> 2324.18 | AB552: =IF(ESTIMATIVA[[#This Row],[QT_CANA_REST1]]>0,ESTIMATIVA[[#This Row],[QT_CANA_REST1]], IF(ESTIMATIVA[[#This Row],[QT_CANA_REAL]]>0,ESTIMATIVA[[#This Row],[QT_CANA_REAL]],ESTIMATIVA[[#This Row],[QT_CANA_EST]])) -> 2383.02 | AC552: =IF(ESTIMATIVA[[#This Row],[QT_CANA_REST2]]>0,ESTIMATIVA[[#This Row],[QT_CANA_REST2]], IF(ESTIMATIVA[[#This Row],[QT_CANA_REAL]]>0,ESTIMATIVA[[#This Row],[QT_CANA_REAL]], IF(ESTIMATIVA[[#This Row],[QT_CANA_REST1]]>0,ESTIMATIVA[[#This Row],[QT_CANA_REST1]],ESTIMATIVA[[#This Row],[QT_CANA_EST]]))) -> 2353.6 | AD552: =IF(ESTIMATIVA[[#This Row],[QT_AREA_REAL]]>0,ESTIMATIVA[[#This Row],[QT_CANA_REAL]],ESTIMATIVA[[#This Row],[QT_CANA_EST]]) -> 2065.37 | AE552: =IF(ESTIMATIVA[[#This Row],[QT_AREA_REAL]]>0,ESTIMATIVA[[#This Row],[QT_CANA_REAL]],ESTIMATIVA[[#This Row],[QT_CANA_REST1]]) -> 2065.37 | AF552: =IF(ESTIMATIVA[[#This Row],[QT_AREA_REAL]]>0,ESTIMATIVA[[#This Row],[QT_CANA_REAL]],ESTIMATIVA[[#This Row],[QT_CANA_REST2]]) -> 2065.37 | AG552: =IF(COUNTIFS(GEADA!A:A,VALUE(ESTIMATIVA[[#This Row],[CD_UPNIVEL1]]&TEXT(ESTIMATIVA[[#This Row],[CD_UPNIVEL3]],"0000")))>0,"S","N") -> N | AH552: =IF(COUNTIFS(IRRIGADO!C:C,ESTIMATIVA[[#This Row],[CD_UPNIVEL1]],IRRIGADO!E:E,ESTIMATIVA[[#This Row],[CD_UPNIVEL3]])>0,"Irrigado",IF(ESTIMATIVA[[#This Row],[DE_SIST_CULT]]="Mineral","Sequeiro",ESTIMATIVA[[#This Row],[DE_SIST_CULT]])) -> Fertirrigação | AI552: =IF(ESTIMATIVA[[#This Row],[TP_CULTIVO]]="Irrigado",_xlfn.MAXIFS(IRRIGADO!J:J,IRRIGADO!C:C,ESTIMATIVA[[#This Row],[CD_UPNIVEL1]],IRRIGADO!E:E,ESTIMATIVA[[#This Row],[CD_UPNIVEL3]]),"") | AJ552: =IF(ESTIMATIVA[[#This Row],[TP_CULTIVO]]<>"Irrigado",0,AVERAGEIFS(IRRIGADO!G:G,IRRIGADO!C:C,ESTIMATIVA[[#This Row],[CD_UPNIVEL1]],IRRIGADO!E:E,ESTIMATIVA[[#This Row],[CD_UPNIVEL3]])*ESTIMATIVA[[#This Row],[QT_AREA_REAL]]) -> 0 | AK552: =COUNTIFS(Apresentação!$E$23:$E$29,ESTIMATIVA[[#This Row],[CD_UPNIVEL1]]) -> 0
A553: 20319 | B553: Fazenda Água do Valão | C553: 9 | D553: 3 | E553: 3ºC | F553: D | H553: Fertirrigação | I553: RB975201 | J553: 3 - Parceria | K553: 11.66 | L553: 11.66 | M553: 11.66 | N553: 11.66 | O553: 979.44 | P553: 1026.08 | Q553: 932.8 | R553: 782.56 | S553: UMOE | T553: 46005 | U553: =IF(ESTIMATIVA[[#This Row],[QT_AREA_REAL]]>0,"1- Colhido","2- à Colher") -> 1- Colhido | V553: =IF(ESTIMATIVA[[#This Row],[QT_AREA_REST1]]>0,"Reestimativa 1",IF(ESTIMATIVA[[#This Row],[QT_AREA_REAL]]=0,"Reestimativa 1","Realizado")) -> Reestimativa 1 | W553: =IF(ESTIMATIVA[[#This Row],[QT_AREA_REST2]]>0,"Reestimativa 2",IF(ESTIMATIVA[[#This Row],[QT_AREA_REAL]]=0,"Reestimativa 2","Realizado")) -> Reestimativa 2 | X553: =ESTIMATIVA[[#This Row],[QT_AREA_EST]] -> 11.66 | Y553: =IF(ESTIMATIVA[[#This Row],[QT_AREA_REST1]]>0,ESTIMATIVA[[#This Row],[QT_AREA_REST1]], IF(ESTIMATIVA[[#This Row],[QT_AREA_REAL]]>0,ESTIMATIVA[[#This Row],[QT_AREA_REAL]],ESTIMATIVA[[#This Row],[QT_AREA_EST]])) -> 11.66 | Z553: =IF(ESTIMATIVA[[#This Row],[QT_AREA_REST2]]>0,ESTIMATIVA[[#This Row],[QT_AREA_REST2]], IF(ESTIMATIVA[[#This Row],[QT_AREA_REAL]]>0,ESTIMATIVA[[#This Row],[QT_AREA_REAL]], IF(ESTIMATIVA[[#This Row],[QT_AREA_REST1]]>0,ESTIMATIVA[[#This Row],[QT_AREA_REST1]],ESTIMATIVA[[#This Row],[QT_AREA_EST]]))) -> 11.66 | AA553: =ESTIMATIVA[[#This Row],[QT_CANA_EST]] -> 979.44 | AB553: =IF(ESTIMATIVA[[#This Row],[QT_CANA_REST1]]>0,ESTIMATIVA[[#This Row],[QT_CANA_REST1]], IF(ESTIMATIVA[[#This Row],[QT_CANA_REAL]]>0,ESTIMATIVA[[#This Row],[QT_CANA_REAL]],ESTIMATIVA[[#This Row],[QT_CANA_EST]])) -> 1026.08 | AC553: =IF(ESTIMATIVA[[#This Row],[QT_CANA_REST2]]>0,ESTIMATIVA[[#This Row],[QT_CANA_REST2]], IF(ESTIMATIVA[[#This Row],[QT_CANA_REAL]]>0,ESTIMATIVA[[#This Row],[QT_CANA_REAL]], IF(ESTIMATIVA[[#This Row],[QT_CANA_REST1]]>0,ESTIMATIVA[[#This Row],[QT_CANA_REST1]],ESTIMATIVA[[#This Row],[QT_CANA_EST]]))) -> 932.8 | AD553: =IF(ESTIMATIVA[[#This Row],[QT_AREA_REAL]]>0,ESTIMATIVA[[#This Row],[QT_CANA_REAL]],ESTIMATIVA[[#This Row],[QT_CANA_EST]]) -> 782.56 | AE553: =IF(ESTIMATIVA[[#This Row],[QT_AREA_REAL]]>0,ESTIMATIVA[[#This Row],[QT_CANA_REAL]],ESTIMATIVA[[#This Row],[QT_CANA_REST1]]) -> 782.56 | AF553: =IF(ESTIMATIVA[[#This Row],[QT_AREA_REAL]]>0,ESTIMATIVA[[#This Row],[QT_CANA_REAL]],ESTIMATIVA[[#This Row],[QT_CANA_REST2]]) -> 782.56 | AG553: =IF(COUNTIFS(GEADA!A:A,VALUE(ESTIMATIVA[[#This Row],[CD_UPNIVEL1]]&TEXT(ESTIMATIVA[[#This Row],[CD_UPNIVEL3]],"0000")))>0,"S","N") -> N | AH553: =IF(COUNTIFS(IRRIGADO!C:C,ESTIMATIVA[[#This Row],[CD_UPNIVEL1]],IRRIGADO!E:E,ESTIMATIVA[[#This Row],[CD_UPNIVEL3]])>0,"Irrigado",IF(ESTIMATIVA[[#This Row],[DE_SIST_CULT]]="Mineral","Sequeiro",ESTIMATIVA[[#This Row],[DE_SIST_CULT]])) -> Fertirrigação | AI553: =IF(ESTIMATIVA[[#This Row],[TP_CULTIVO]]="Irrigado",_xlfn.MAXIFS(IRRIGADO!J:J,IRRIGADO!C:C,ESTIMATIVA[[#This Row],[CD_UPNIVEL1]],IRRIGADO!E:E,ESTIMATIVA[[#This Row],[CD_UPNIVEL3]]),"") | AJ553: =IF(ESTIMATIVA[[#This Row],[TP_CULTIVO]]<>"Irrigado",0,AVERAGEIFS(IRRIGADO!G:G,IRRIGADO!C:C,ESTIMATIVA[[#This Row],[CD_UPNIVEL1]],IRRIGADO!E:E,ESTIMATIVA[[#This Row],[CD_UPNIVEL3]])*ESTIMATIVA[[#This Row],[QT_AREA_REAL]]) -> 0 | AK553: =COUNTIFS(Apresentação!$E$23:$E$29,ESTIMATIVA[[#This Row],[CD_UPNIVEL1]]) -> 0
A554: 20319 | B554: Fazenda Água do Valão | C554: 10 | D554: 3 | E554: 3ºC | F554: D | H554: Fertirrigação | I554: RB975201 | J554: 3 - Parceria | K554: 19.66 | L554: 19.66 | M554: 19.66 | N554: 19.66 | O554: 1651.44 | P554: 1730.08 | Q554: 1730.08 | R554: 1556.96 | S554: UMOE | T554: 46005 | U554: =IF(ESTIMATIVA[[#This Row],[QT_AREA_REAL]]>0,"1- Colhido","2- à Colher") -> 1- Colhido | V554: =IF(ESTIMATIVA[[#This Row],[QT_AREA_REST1]]>0,"Reestimativa 1",IF(ESTIMATIVA[[#This Row],[QT_AREA_REAL]]=0,"Reestimativa 1","Realizado")) -> Reestimativa 1 | W554: =IF(ESTIMATIVA[[#This Row],[QT_AREA_REST2]]>0,"Reestimativa 2",IF(ESTIMATIVA[[#This Row],[QT_AREA_REAL]]=0,"Reestimativa 2","Realizado")) -> Reestimativa 2 | X554: =ESTIMATIVA[[#This Row],[QT_AREA_EST]] -> 19.66 | Y554: =IF(ESTIMATIVA[[#This Row],[QT_AREA_REST1]]>0,ESTIMATIVA[[#This Row],[QT_AREA_REST1]], IF(ESTIMATIVA[[#This Row],[QT_AREA_REAL]]>0,ESTIMATIVA[[#This Row],[QT_AREA_REAL]],ESTIMATIVA[[#This Row],[QT_AREA_EST]])) -> 19.66 | Z554: =IF(ESTIMATIVA[[#This Row],[QT_AREA_REST2]]>0,ESTIMATIVA[[#This Row],[QT_AREA_REST2]], IF(ESTIMATIVA[[#This Row],[QT_AREA_REAL]]>0,ESTIMATIVA[[#This Row],[QT_AREA_REAL]], IF(ESTIMATIVA[[#This Row],[QT_AREA_REST1]]>0,ESTIMATIVA[[#This Row],[QT_AREA_REST1]],ESTIMATIVA[[#This Row],[QT_AREA_EST]]))) -> 19.66 | AA554: =ESTIMATIVA[[#This Row],[QT_CANA_EST]] -> 1651.44 | AB554: =IF(ESTIMATIVA[[#This Row],[QT_CANA_REST1]]>0,ESTIMATIVA[[#This Row],[QT_CANA_REST1]], IF(ESTIMATIVA[[#This Row],[QT_CANA_REAL]]>0,ESTIMATIVA[[#This Row],[QT_CANA_REAL]],ESTIMATIVA[[#This Row],[QT_CANA_EST]])) -> 1730.08 | AC554: =IF(ESTIMATIVA[[#This Row],[QT_CANA_REST2]]>0,ESTIMATIVA[[#This Row],[QT_CANA_REST2]], IF(ESTIMATIVA[[#This Row],[QT_CANA_REAL]]>0,ESTIMATIVA[[#This Row],[QT_CANA_REAL]], IF(ESTIMATIVA[[#This Row],[QT_CANA_REST1]]>0,ESTIMATIVA[[#This Row],[QT_CANA_REST1]],ESTIMATIVA[[#This Row],[QT_CANA_EST]]))) -> 1730.08 | AD554: =IF(ESTIMATIVA[[#This Row],[QT_AREA_REAL]]>0,ESTIMATIVA[[#This Row],[QT_CANA_REAL]],ESTIMATIVA[[#This Row],[QT_CANA_EST]]) -> 1556.96 | AE554: =IF(ESTIMATIVA[[#This Row],[QT_AREA_REAL]]>0,ESTIMATIVA[[#This Row],[QT_CANA_REAL]],ESTIMATIVA[[#This Row],[QT_CANA_REST1]]) -> 1556.96 | AF554: =IF(ESTIMATIVA[[#This Row],[QT_AREA_REAL]]>0,ESTIMATIVA[[#This Row],[QT_CANA_REAL]],ESTIMATIVA[[#This Row],[QT_CANA_REST2]]) -> 1556.96 | AG554: =IF(COUNTIFS(GEADA!A:A,VALUE(ESTIMATIVA[[#This Row],[CD_UPNIVEL1]]&TEXT(ESTIMATIVA[[#This Row],[CD_UPNIVEL3]],"0000")))>0,"S","N") -> N | AH554: =IF(COUNTIFS(IRRIGADO!C:C,ESTIMATIVA[[#This Row],[CD_UPNIVEL1]],IRRIGADO!E:E,ESTIMATIVA[[#This Row],[CD_UPNIVEL3]])>0,"Irrigado",IF(ESTIMATIVA[[#This Row],[DE_SIST_CULT]]="Mineral","Sequeiro",ESTIMATIVA[[#This Row],[DE_SIST_CULT]])) -> Fertirrigação | AI554: =IF(ESTIMATIVA[[#This Row],[TP_CULTIVO]]="Irrigado",_xlfn.MAXIFS(IRRIGADO!J:J,IRRIGADO!C:C,ESTIMATIVA[[#This Row],[CD_UPNIVEL1]],IRRIGADO!E:E,ESTIMATIVA[[#This Row],[CD_UPNIVEL3]]),"") | AJ554: =IF(ESTIMATIVA[[#This Row],[TP_CULTIVO]]<>"Irrigado",0,AVERAGEIFS(IRRIGADO!G:G,IRRIGADO!C:C,ESTIMATIVA[[#This Row],[CD_UPNIVEL1]],IRRIGADO!E:E,ESTIMATIVA[[#This Row],[CD_UPNIVEL3]])*ESTIMATIVA[[#This Row],[QT_AREA_REAL]]) -> 0 | AK554: =COUNTIFS(Apresentação!$E$23:$E$29,ESTIMATIVA[[#This Row],[CD_UPNIVEL1]]) -> 0
A555: 20320 | B555: Fazenda Sao Manoel | C555: 7 | D555: 2 | E555: 2ºC | F555: D | H555: Fertirrigação | I555: RB966928 | J555: 3 - Parceria | K555: 16.61 | L555: 0 | M555: 0 | N555: 16.61 | O555: 1494.9 | P555: 0 | Q555: 0 | R555: 1492.78 | S555: UMOE | T555: 45809 | U555: =IF(ESTIMATIVA[[#This Row],[QT_AREA_REAL]]>0,"1- Colhido","2- à Colher") -> 1- Colhido | V555: =IF(ESTIMATIVA[[#This Row],[QT_AREA_REST1]]>0,"Reestimativa 1",IF(ESTIMATIVA[[#This Row],[QT_AREA_REAL]]=0,"Reestimativa 1","Realizado")) -> Realizado | W555: =IF(ESTIMATIVA[[#This Row],[QT_AREA_REST2]]>0,"Reestimativa 2",IF(ESTIMATIVA[[#This Row],[QT_AREA_REAL]]=0,"Reestimativa 2","Realizado")) -> Realizado | X555: =ESTIMATIVA[[#This Row],[QT_AREA_EST]] -> 16.61 | Y555: =IF(ESTIMATIVA[[#This Row],[QT_AREA_REST1]]>0,ESTIMATIVA[[#This Row],[QT_AREA_REST1]], IF(ESTIMATIVA[[#This Row],[QT_AREA_REAL]]>0,ESTIMATIVA[[#This Row],[QT_AREA_REAL]],ESTIMATIVA[[#This Row],[QT_AREA_EST]])) -> 16.61 | Z555: =IF(ESTIMATIVA[[#This Row],[QT_AREA_REST2]]>0,ESTIMATIVA[[#This Row],[QT_AREA_REST2]], IF(ESTIMATIVA[[#This Row],[QT_AREA_REAL]]>0,ESTIMATIVA[[#This Row],[QT_AREA_REAL]], IF(ESTIMATIVA[[#This Row],[QT_AREA_REST1]]>0,ESTIMATIVA[[#This Row],[QT_AREA_REST1]],ESTIMATIVA[[#This Row],[QT_AREA_EST]]))) -> 16.61 | AA555: =ESTIMATIVA[[#This Row],[QT_CANA_EST]] -> 1494.9 | AB555: =IF(ESTIMATIVA[[#This Row],[QT_CANA_REST1]]>0,ESTIMATIVA[[#This Row],[QT_CANA_REST1]], IF(ESTIMATIVA[[#This Row],[QT_CANA_REAL]]>0,ESTIMATIVA[[#This Row],[QT_CANA_REAL]],ESTIMATIVA[[#This Row],[QT_CANA_EST]])) -> 1492.78 | AC555: =IF(ESTIMATIVA[[#This Row],[QT_CANA_REST2]]>0,ESTIMATIVA[[#This Row],[QT_CANA_REST2]], IF(ESTIMATIVA[[#This Row],[QT_CANA_REAL]]>0,ESTIMATIVA[[#This Row],[QT_CANA_REAL]], IF(ESTIMATIVA[[#This Row],[QT_CANA_REST1]]>0,ESTIMATIVA[[#This Row],[QT_CANA_REST1]],ESTIMATIVA[[#This Row],[QT_CANA_EST]]))) -> 1492.78 | AD555: =IF(ESTIMATIVA[[#This Row],[QT_AREA_REAL]]>0,ESTIMATIVA[[#This Row],[QT_CANA_REAL]],ESTIMATIVA[[#This Row],[QT_CANA_EST]]) -> 1492.78 | AE555: =IF(ESTIMATIVA[[#This Row],[QT_AREA_REAL]]>0,ESTIMATIVA[[#This Row],[QT_CANA_REAL]],ESTIMATIVA[[#This Row],[QT_CANA_REST1]]) -> 1492.78 | AF555: =IF(ESTIMATIVA[[#This Row],[QT_AREA_REAL]]>0,ESTIMATIVA[[#This Row],[QT_CANA_REAL]],ESTIMATIVA[[#This Row],[QT_CANA_REST2]]) -> 1492.78 | AG555: =IF(COUNTIFS(GEADA!A:A,VALUE(ESTIMATIVA[[#This Row],[CD_UPNIVEL1]]&TEXT(ESTIMATIVA[[#This Row],[CD_UPNIVEL3]],"0000")))>0,"S","N") -> N | AH555: =IF(COUNTIFS(IRRIGADO!C:C,ESTIMATIVA[[#This Row],[CD_UPNIVEL1]],IRRIGADO!E:E,ESTIMATIVA[[#This Row],[CD_UPNIVEL3]])>0,"Irrigado",IF(ESTIMATIVA[[#This Row],[DE_SIST_CULT]]="Mineral","Sequeiro",ESTIMATIVA[[#This Row],[DE_SIST_CULT]])) -> Fertirrigação | AI555: =IF(ESTIMATIVA[[#This Row],[TP_CULTIVO]]="Irrigado",_xlfn.MAXIFS(IRRIGADO!J:J,IRRIGADO!C:C,ESTIMATIVA[[#This Row],[CD_UPNIVEL1]],IRRIGADO!E:E,ESTIMATIVA[[#This Row],[CD_UPNIVEL3]]),"") | AJ555: =IF(ESTIMATIVA[[#This Row],[TP_CULTIVO]]<>"Irrigado",0,AVERAGEIFS(IRRIGADO!G:G,IRRIGADO!C:C,ESTIMATIVA[[#This Row],[CD_UPNIVEL1]],IRRIGADO!E:E,ESTIMATIVA[[#This Row],[CD_UPNIVEL3]])*ESTIMATIVA[[#This Row],[QT_AREA_REAL]]) -> 0 | AK555: =COUNTIFS(Apresentação!$E$23:$E$29,ESTIMATIVA[[#This Row],[CD_UPNIVEL1]]) -> 0
A556: 20320 | B556: Fazenda Sao Manoel | C556: 8 | D556: 2 | E556: 2ºC | F556: D | H556: Fertirrigação | I556: RB966928 | J556: 3 - Parceria | K556: 5.35 | L556: 0 | M556: 0 | N556: 5.35 | O556: 481.5 | P556: 0 | Q556: 0 | R556: 481.26 | S556: UMOE | T556: 45809 | U556: =IF(ESTIMATIVA[[#This Row],[QT_AREA_REAL]]>0,"1- Colhido","2- à Colher") -> 1- Colhido | V556: =IF(ESTIMATIVA[[#This Row],[QT_AREA_REST1]]>0,"Reestimativa 1",IF(ESTIMATIVA[[#This Row],[QT_AREA_REAL]]=0,"Reestimativa 1","Realizado")) -> Realizado | W556: =IF(ESTIMATIVA[[#This Row],[QT_AREA_REST2]]>0,"Reestimativa 2",IF(ESTIMATIVA[[#This Row],[QT_AREA_REAL]]=0,"Reestimativa 2","Realizado")) -> Realizado | X556: =ESTIMATIVA[[#This Row],[QT_AREA_EST]] -> 5.35 | Y556: =IF(ESTIMATIVA[[#This Row],[QT_AREA_REST1]]>0,ESTIMATIVA[[#This Row],[QT_AREA_REST1]], IF(ESTIMATIVA[[#This Row],[QT_AREA_REAL]]>0,ESTIMATIVA[[#This Row],[QT_AREA_REAL]],ESTIMATIVA[[#This Row],[QT_AREA_EST]])) -> 5.35 | Z556: =IF(ESTIMATIVA[[#This Row],[QT_AREA_REST2]]>0,ESTIMATIVA[[#This Row],[QT_AREA_REST2]], IF(ESTIMATIVA[[#This Row],[QT_AREA_REAL]]>0,ESTIMATIVA[[#This Row],[QT_AREA_REAL]], IF(ESTIMATIVA[[#This Row],[QT_AREA_REST1]]>0,ESTIMATIVA[[#This Row],[QT_AREA_REST1]],ESTIMATIVA[[#This Row],[QT_AREA_EST]]))) -> 5.35 | AA556: =ESTIMATIVA[[#This Row],[QT_CANA_EST]] -> 481.5 | AB556: =IF(ESTIMATIVA[[#This Row],[QT_CANA_REST1]]>0,ESTIMATIVA[[#This Row],[QT_CANA_REST1]], IF(ESTIMATIVA[[#This Row],[QT_CANA_REAL]]>0,ESTIMATIVA[[#This Row],[QT_CANA_REAL]],ESTIMATIVA[[#This Row],[QT_CANA_EST]])) -> 481.26 | AC556: =IF(ESTIMATIVA[[#This Row],[QT_CANA_REST2]]>0,ESTIMATIVA[[#This Row],[QT_CANA_REST2]], IF(ESTIMATIVA[[#This Row],[QT_CANA_REAL]]>0,ESTIMATIVA[[#This Row],[QT_CANA_REAL]], IF(ESTIMATIVA[[#This Row],[QT_CANA_REST1]]>0,ESTIMATIVA[[#This Row],[QT_CANA_REST1]],ESTIMATIVA[[#This Row],[QT_CANA_EST]]))) -> 481.26 | AD556: =IF(ESTIMATIVA[[#This Row],[QT_AREA_REAL]]>0,ESTIMATIVA[[#This Row],[QT_CANA_REAL]],ESTIMATIVA[[#This Row],[QT_CANA_EST]]) -> 481.26 | AE556: =IF(ESTIMATIVA[[#This Row],[QT_AREA_REAL]]>0,ESTIMATIVA[[#This Row],[QT_CANA_REAL]],ESTIMATIVA[[#This Row],[QT_CANA_REST1]]) -> 481.26 | AF556: =IF(ESTIMATIVA[[#This Row],[QT_AREA_REAL]]>0,ESTIMATIVA[[#This Row],[QT_CANA_REAL]],ESTIMATIVA[[#This Row],[QT_CANA_REST2]]) -> 481.26 | AG556: =IF(COUNTIFS(GEADA!A:A,VALUE(ESTIMATIVA[[#This Row],[CD_UPNIVEL1]]&TEXT(ESTIMATIVA[[#This Row],[CD_UPNIVEL3]],"0000")))>0,"S","N") -> N | AH556: =IF(COUNTIFS(IRRIGADO!C:C,ESTIMATIVA[[#This Row],[CD_UPNIVEL1]],IRRIGADO!E:E,ESTIMATIVA[[#This Row],[CD_UPNIVEL3]])>0,"Irrigado",IF(ESTIMATIVA[[#This Row],[DE_SIST_CULT]]="Mineral","Sequeiro",ESTIMATIVA[[#This Row],[DE_SIST_CULT]])) -> Fertirrigação | AI556: =IF(ESTIMATIVA[[#This Row],[TP_CULTIVO]]="Irrigado",_xlfn.MAXIFS(IRRIGADO!J:J,IRRIGADO!C:C,ESTIMATIVA[[#This Row],[CD_UPNIVEL1]],IRRIGADO!E:E,ESTIMATIVA[[#This Row],[CD_UPNIVEL3]]),"") | AJ556: =IF(ESTIMATIVA[[#This Row],[TP_CULTIVO]]<>"Irrigado",0,AVERAGEIFS(IRRIGADO!G:G,IRRIGADO!C:C,ESTIMATIVA[[#This Row],[CD_UPNIVEL1]],IRRIGADO!E:E,ESTIMATIVA[[#This Row],[CD_UPNIVEL3]])*ESTIMATIVA[[#This Row],[QT_AREA_REAL]]) -> 0 | AK556: =COUNTIFS(Apresentação!$E$23:$E$29,ESTIMATIVA[[#This Row],[CD_UPNIVEL1]]) -> 0
A557: 20320 | B557: Fazenda Sao Manoel | C557: 9 | D557: 2 | E557: 2ºC | F557: E | H557: Fertirrigação | I557: RB966928 | J557: 3 - Parceria | K557: 1.4 | L557: 0 | M557: 0 | N557: 1.4 | O557: 126 | P557: 0 | Q557: 0 | R557: 125.77 | S557: UMOE | T557: 45809 | U557: =IF(ESTIMATIVA[[#This Row],[QT_AREA_REAL]]>0,"1- Colhido","2- à Colher") -> 1- Colhido | V557: =IF(ESTIMATIVA[[#This Row],[QT_AREA_REST1]]>0,"Reestimativa 1",IF(ESTIMATIVA[[#This Row],[QT_AREA_REAL]]=0,"Reestimativa 1","Realizado")) -> Realizado | W557: =IF(ESTIMATIVA[[#This Row],[QT_AREA_REST2]]>0,"Reestimativa 2",IF(ESTIMATIVA[[#This Row],[QT_AREA_REAL]]=0,"Reestimativa 2","Realizado")) -> Realizado | X557: =ESTIMATIVA[[#This Row],[QT_AREA_EST]] -> 1.4 | Y557: =IF(ESTIMATIVA[[#This Row],[QT_AREA_REST1]]>0,ESTIMATIVA[[#This Row],[QT_AREA_REST1]], IF(ESTIMATIVA[[#This Row],[QT_AREA_REAL]]>0,ESTIMATIVA[[#This Row],[QT_AREA_REAL]],ESTIMATIVA[[#This Row],[QT_AREA_EST]])) -> 1.4 | Z557: =IF(ESTIMATIVA[[#This Row],[QT_AREA_REST2]]>0,ESTIMATIVA[[#This Row],[QT_AREA_REST2]], IF(ESTIMATIVA[[#This Row],[QT_AREA_REAL]]>0,ESTIMATIVA[[#This Row],[QT_AREA_REAL]], IF(ESTIMATIVA[[#This Row],[QT_AREA_REST1]]>0,ESTIMATIVA[[#This Row],[QT_AREA_REST1]],ESTIMATIVA[[#This Row],[QT_AREA_EST]]))) -> 1.4 | AA557: =ESTIMATIVA[[#This Row],[QT_CANA_EST]] -> 126 | AB557: =IF(ESTIMATIVA[[#This Row],[QT_CANA_REST1]]>0,ESTIMATIVA[[#This Row],[QT_CANA_REST1]], IF(ESTIMATIVA[[#This Row],[QT_CANA_REAL]]>0,ESTIMATIVA[[#This Row],[QT_CANA_REAL]],ESTIMATIVA[[#This Row],[QT_CANA_EST]])) -> 125.77 | AC557: =IF(ESTIMATIVA[[#This Row],[QT_CANA_REST2]]>0,ESTIMATIVA[[#This Row],[QT_CANA_REST2]], IF(ESTIMATIVA[[#This Row],[QT_CANA_REAL]]>0,ESTIMATIVA[[#This Row],[QT_CANA_REAL]], IF(ESTIMATIVA[[#This Row],[QT_CANA_REST1]]>0,ESTIMATIVA[[#This Row],[QT_CANA_REST1]],ESTIMATIVA[[#This Row],[QT_CANA_EST]]))) -> 125.77 | AD557: =IF(ESTIMATIVA[[#This Row],[QT_AREA_REAL]]>0,ESTIMATIVA[[#This Row],[QT_CANA_REAL]],ESTIMATIVA[[#This Row],[QT_CANA_EST]]) -> 125.77 | AE557: =IF(ESTIMATIVA[[#This Row],[QT_AREA_REAL]]>0,ESTIMATIVA[[#This Row],[QT_CANA_REAL]],ESTIMATIVA[[#This Row],[QT_CANA_REST1]]) -> 125.77 | AF557: =IF(ESTIMATIVA[[#This Row],[QT_AREA_REAL]]>0,ESTIMATIVA[[#This Row],[QT_CANA_REAL]],ESTIMATIVA[[#This Row],[QT_CANA_REST2]]) -> 125.77 | AG557: =IF(COUNTIFS(GEADA!A:A,VALUE(ESTIMATIVA[[#This Row],[CD_UPNIVEL1]]&TEXT(ESTIMATIVA[[#This Row],[CD_UPNIVEL3]],"0000")))>0,"S","N") -> N | AH557: =IF(COUNTIFS(IRRIGADO!C:C,ESTIMATIVA[[#This Row],[CD_UPNIVEL1]],IRRIGADO!E:E,ESTIMATIVA[[#This Row],[CD_UPNIVEL3]])>0,"Irrigado",IF(ESTIMATIVA[[#This Row],[DE_SIST_CULT]]="Mineral","Sequeiro",ESTIMATIVA[[#This Row],[DE_SIST_CULT]])) -> Fertirrigação | AI557: =IF(ESTIMATIVA[[#This Row],[TP_CULTIVO]]="Irrigado",_xlfn.MAXIFS(IRRIGADO!J:J,IRRIGADO!C:C,ESTIMATIVA[[#This Row],[CD_UPNIVEL1]],IRRIGADO!E:E,ESTIMATIVA[[#This Row],[CD_UPNIVEL3]]),"") | AJ557: =IF(ESTIMATIVA[[#This Row],[TP_CULTIVO]]<>"Irrigado",0,AVERAGEIFS(IRRIGADO!G:G,IRRIGADO!C:C,ESTIMATIVA[[#This Row],[CD_UPNIVEL1]],IRRIGADO!E:E,ESTIMATIVA[[#This Row],[CD_UPNIVEL3]])*ESTIMATIVA[[#This Row],[QT_AREA_REAL]]) -> 0 | AK557: =COUNTIFS(Apresentação!$E$23:$E$29,ESTIMATIVA[[#This Row],[CD_UPNIVEL1]]) -> 0
A558: 20320 | B558: Fazenda Sao Manoel | C558: 10 | D558: 2 | E558: 2ºC | F558: D | H558: Fertirrigação | I558: RB966928 | J558: 3 - Parceria | K558: 5.15 | L558: 0 | M558: 0 | N558: 5.15 | O558: 463.5 | P558: 0 | Q558: 0 | R558: 463.45 | S558: UMOE | T558: 45809 | U558: =IF(ESTIMATIVA[[#This Row],[QT_AREA_REAL]]>0,"1- Colhido","2- à Colher") -> 1- Colhido | V558: =IF(ESTIMATIVA[[#This Row],[QT_AREA_REST1]]>0,"Reestimativa 1",IF(ESTIMATIVA[[#This Row],[QT_AREA_REAL]]=0,"Reestimativa 1","Realizado")) -> Realizado | W558: =IF(ESTIMATIVA[[#This Row],[QT_AREA_REST2]]>0,"Reestimativa 2",IF(ESTIMATIVA[[#This Row],[QT_AREA_REAL]]=0,"Reestimativa 2","Realizado")) -> Realizado | X558: =ESTIMATIVA[[#This Row],[QT_AREA_EST]] -> 5.15 | Y558: =IF(ESTIMATIVA[[#This Row],[QT_AREA_REST1]]>0,ESTIMATIVA[[#This Row],[QT_AREA_REST1]], IF(ESTIMATIVA[[#This Row],[QT_AREA_REAL]]>0,ESTIMATIVA[[#This Row],[QT_AREA_REAL]],ESTIMATIVA[[#This Row],[QT_AREA_EST]])) -> 5.15 | Z558: =IF(ESTIMATIVA[[#This Row],[QT_AREA_REST2]]>0,ESTIMATIVA[[#This Row],[QT_AREA_REST2]], IF(ESTIMATIVA[[#This Row],[QT_AREA_REAL]]>0,ESTIMATIVA[[#This Row],[QT_AREA_REAL]], IF(ESTIMATIVA[[#This Row],[QT_AREA_REST1]]>0,ESTIMATIVA[[#This Row],[QT_AREA_REST1]],ESTIMATIVA[[#This Row],[QT_AREA_EST]]))) -> 5.15 | AA558: =ESTIMATIVA[[#This Row],[QT_CANA_EST]] -> 463.5 | AB558: =IF(ESTIMATIVA[[#This Row],[QT_CANA_REST1]]>0,ESTIMATIVA[[#This Row],[QT_CANA_REST1]], IF(ESTIMATIVA[[#This Row],[QT_CANA_REAL]]>0,ESTIMATIVA[[#This Row],[QT_CANA_REAL]],ESTIMATIVA[[#This Row],[QT_CANA_EST]])) -> 463.45 | AC558: =IF(ESTIMATIVA[[#This Row],[QT_CANA_REST2]]>0,ESTIMATIVA[[#This Row],[QT_CANA_REST2]], IF(ESTIMATIVA[[#This Row],[QT_CANA_REAL]]>0,ESTIMATIVA[[#This Row],[QT_CANA_REAL]], IF(ESTIMATIVA[[#This Row],[QT_CANA_REST1]]>0,ESTIMATIVA[[#This Row],[QT_CANA_REST1]],ESTIMATIVA[[#This Row],[QT_CANA_EST]]))) -> 463.45 | AD558: =IF(ESTIMATIVA[[#This Row],[QT_AREA_REAL]]>0,ESTIMATIVA[[#This Row],[QT_CANA_REAL]],ESTIMATIVA[[#This Row],[QT_CANA_EST]]) -> 463.45 | AE558: =IF(ESTIMATIVA[[#This Row],[QT_AREA_REAL]]>0,ESTIMATIVA[[#This Row],[QT_CANA_REAL]],ESTIMATIVA[[#This Row],[QT_CANA_REST1]]) -> 463.45 | AF558: =IF(ESTIMATIVA[[#This Row],[QT_AREA_REAL]]>0,ESTIMATIVA[[#This Row],[QT_CANA_REAL]],ESTIMATIVA[[#This Row],[QT_CANA_REST2]]) -> 463.45 | AG558: =IF(COUNTIFS(GEADA!A:A,VALUE(ESTIMATIVA[[#This Row],[CD_UPNIVEL1]]&TEXT(ESTIMATIVA[[#This Row],[CD_UPNIVEL3]],"0000")))>0,"S","N") -> N | AH558: =IF(COUNTIFS(IRRIGADO!C:C,ESTIMATIVA[[#This Row],[CD_UPNIVEL1]],IRRIGADO!E:E,ESTIMATIVA[[#This Row],[CD_UPNIVEL3]])>0,"Irrigado",IF(ESTIMATIVA[[#This Row],[DE_SIST_CULT]]="Mineral","Sequeiro",ESTIMATIVA[[#This Row],[DE_SIST_CULT]])) -> Fertirrigação | AI558: =IF(ESTIMATIVA[[#This Row],[TP_CULTIVO]]="Irrigado",_xlfn.MAXIFS(IRRIGADO!J:J,IRRIGADO!C:C,ESTIMATIVA[[#This Row],[CD_UPNIVEL1]],IRRIGADO!E:E,ESTIMATIVA[[#This Row],[CD_UPNIVEL3]]),"") | AJ558: =IF(ESTIMATIVA[[#This Row],[TP_CULTIVO]]<>"Irrigado",0,AVERAGEIFS(IRRIGADO!G:G,IRRIGADO!C:C,ESTIMATIVA[[#This Row],[CD_UPNIVEL1]],IRRIGADO!E:E,ESTIMATIVA[[#This Row],[CD_UPNIVEL3]])*ESTIMATIVA[[#This Row],[QT_AREA_REAL]]) -> 0 | AK558: =COUNTIFS(Apresentação!$E$23:$E$29,ESTIMATIVA[[#This Row],[CD_UPNIVEL1]]) -> 0
A559: 20320 | B559: Fazenda Sao Manoel | C559: 11 | D559: 2 | E559: 2ºC | F559: D | H559: Fertirrigação | I559: RB966928 | J559: 3 - Parceria | K559: 3.68 | L559: 0 | M559: 0 | N559: 3.68 | O559: 294.4 | P559: 0 | Q559: 0 | R559: 376.95 | S559: UMOE | T559: 45802 | U559: =IF(ESTIMATIVA[[#This Row],[QT_AREA_REAL]]>0,"1- Colhido","2- à Colher") -> 1- Colhido | V559: =IF(ESTIMATIVA[[#This Row],[QT_AREA_REST1]]>0,"Reestimativa 1",IF(ESTIMATIVA[[#This Row],[QT_AREA_REAL]]=0,"Reestimativa 1","Realizado")) -> Realizado | W559: =IF(ESTIMATIVA[[#This Row],[QT_AREA_REST2]]>0,"Reestimativa 2",IF(ESTIMATIVA[[#This Row],[QT_AREA_REAL]]=0,"Reestimativa 2","Realizado")) -> Realizado | X559: =ESTIMATIVA[[#This Row],[QT_AREA_EST]] -> 3.68 | Y559: =IF(ESTIMATIVA[[#This Row],[QT_AREA_REST1]]>0,ESTIMATIVA[[#This Row],[QT_AREA_REST1]], IF(ESTIMATIVA[[#This Row],[QT_AREA_REAL]]>0,ESTIMATIVA[[#This Row],[QT_AREA_REAL]],ESTIMATIVA[[#This Row],[QT_AREA_EST]])) -> 3.68 | Z559: =IF(ESTIMATIVA[[#This Row],[QT_AREA_REST2]]>0,ESTIMATIVA[[#This Row],[QT_AREA_REST2]], IF(ESTIMATIVA[[#This Row],[QT_AREA_REAL]]>0,ESTIMATIVA[[#This Row],[QT_AREA_REAL]], IF(ESTIMATIVA[[#This Row],[QT_AREA_REST1]]>0,ESTIMATIVA[[#This Row],[QT_AREA_REST1]],ESTIMATIVA[[#This Row],[QT_AREA_EST]]))) -> 3.68 | AA559: =ESTIMATIVA[[#This Row],[QT_CANA_EST]] -> 294.4 | AB559: =IF(ESTIMATIVA[[#This Row],[QT_CANA_REST1]]>0,ESTIMATIVA[[#This Row],[QT_CANA_REST1]], IF(ESTIMATIVA[[#This Row],[QT_CANA_REAL]]>0,ESTIMATIVA[[#This Row],[QT_CANA_REAL]],ESTIMATIVA[[#This Row],[QT_CANA_EST]])) -> 376.95 | AC559: =IF(ESTIMATIVA[[#This Row],[QT_CANA_REST2]]>0,ESTIMATIVA[[#This Row],[QT_CANA_REST2]], IF(ESTIMATIVA[[#This Row],[QT_CANA_REAL]]>0,ESTIMATIVA[[#This Row],[QT_CANA_REAL]], IF(ESTIMATIVA[[#This Row],[QT_CANA_REST1]]>0,ESTIMATIVA[[#This Row],[QT_CANA_REST1]],ESTIMATIVA[[#This Row],[QT_CANA_EST]]))) -> 376.95 | AD559: =IF(ESTIMATIVA[[#This Row],[QT_AREA_REAL]]>0,ESTIMATIVA[[#This Row],[QT_CANA_REAL]],ESTIMATIVA[[#This Row],[QT_CANA_EST]]) -> 376.95 | AE559: =IF(ESTIMATIVA[[#This Row],[QT_AREA_REAL]]>0,ESTIMATIVA[[#This Row],[QT_CANA_REAL]],ESTIMATIVA[[#This Row],[QT_CANA_REST1]]) -> 376.95 | AF559: =IF(ESTIMATIVA[[#This Row],[QT_AREA_REAL]]>0,ESTIMATIVA[[#This Row],[QT_CANA_REAL]],ESTIMATIVA[[#This Row],[QT_CANA_REST2]]) -> 376.95 | AG559: =IF(COUNTIFS(GEADA!A:A,VALUE(ESTIMATIVA[[#This Row],[CD_UPNIVEL1]]&TEXT(ESTIMATIVA[[#This Row],[CD_UPNIVEL3]],"0000")))>0,"S","N") -> N | AH559: =IF(COUNTIFS(IRRIGADO!C:C,ESTIMATIVA[[#This Row],[CD_UPNIVEL1]],IRRIGADO!E:E,ESTIMATIVA[[#This Row],[CD_UPNIVEL3]])>0,"Irrigado",IF(ESTIMATIVA[[#This Row],[DE_SIST_CULT]]="Mineral","Sequeiro",ESTIMATIVA[[#This Row],[DE_SIST_CULT]])) -> Fertirrigação | AI559: =IF(ESTIMATIVA[[#This Row],[TP_CULTIVO]]="Irrigado",_xlfn.MAXIFS(IRRIGADO!J:J,IRRIGADO!C:C,ESTIMATIVA[[#This Row],[CD_UPNIVEL1]],IRRIGADO!E:E,ESTIMATIVA[[#This Row],[CD_UPNIVEL3]]),"") | AJ559: =IF(ESTIMATIVA[[#This Row],[TP_CULTIVO]]<>"Irrigado",0,AVERAGEIFS(IRRIGADO!G:G,IRRIGADO!C:C,ESTIMATIVA[[#This Row],[CD_UPNIVEL1]],IRRIGADO!E:E,ESTIMATIVA[[#This Row],[CD_UPNIVEL3]])*ESTIMATIVA[[#This Row],[QT_AREA_REAL]]) -> 0 | AK559: =COUNTIFS(Apresentação!$E$23:$E$29,ESTIMATIVA[[#This Row],[CD_UPNIVEL1]]) -> 0
A560: 20320 | B560: Fazenda Sao Manoel | C560: 12 | D560: 2 | E560: 2ºC | F560: D | H560: Fertirrigação | I560: RB855156 | J560: 3 - Parceria | K560: 25.24 | L560: 0 | M560: 0 | N560: 25.24 | O560: 1867.76 | P560: 0 | Q560: 0 | R560: 2395.28 | S560: UMOE | T560: 45802 | U560: =IF(ESTIMATIVA[[#This Row],[QT_AREA_REAL]]>0,"1- Colhido","2- à Colher") -> 1- Colhido | V560: =IF(ESTIMATIVA[[#This Row],[QT_AREA_REST1]]>0,"Reestimativa 1",IF(ESTIMATIVA[[#This Row],[QT_AREA_REAL]]=0,"Reestimativa 1","Realizado")) -> Realizado | W560: =IF(ESTIMATIVA[[#This Row],[QT_AREA_REST2]]>0,"Reestimativa 2",IF(ESTIMATIVA[[#This Row],[QT_AREA_REAL]]=0,"Reestimativa 2","Realizado")) -> Realizado | X560: =ESTIMATIVA[[#This Row],[QT_AREA_EST]] -> 25.24 | Y560: =IF(ESTIMATIVA[[#This Row],[QT_AREA_REST1]]>0,ESTIMATIVA[[#This Row],[QT_AREA_REST1]], IF(ESTIMATIVA[[#This Row],[QT_AREA_REAL]]>0,ESTIMATIVA[[#This Row],[QT_AREA_REAL]],ESTIMATIVA[[#This Row],[QT_AREA_EST]])) -> 25.24 | Z560: =IF(ESTIMATIVA[[#This Row],[QT_AREA_REST2]]>0,ESTIMATIVA[[#This Row],[QT_AREA_REST2]], IF(ESTIMATIVA[[#This Row],[QT_AREA_REAL]]>0,ESTIMATIVA[[#This Row],[QT_AREA_REAL]], IF(ESTIMATIVA[[#This Row],[QT_AREA_REST1]]>0,ESTIMATIVA[[#This Row],[QT_AREA_REST1]],ESTIMATIVA[[#This Row],[QT_AREA_EST]]))) -> 25.24 | AA560: =ESTIMATIVA[[#This Row],[QT_CANA_EST]] -> 1867.76 | AB560: =IF(ESTIMATIVA[[#This Row],[QT_CANA_REST1]]>0,ESTIMATIVA[[#This Row],[QT_CANA_REST1]], IF(ESTIMATIVA[[#This Row],[QT_CANA_REAL]]>0,ESTIMATIVA[[#This Row],[QT_CANA_REAL]],ESTIMATIVA[[#This Row],[QT_CANA_EST]])) -> 2395.28 | AC560: =IF(ESTIMATIVA[[#This Row],[QT_CANA_REST2]]>0,ESTIMATIVA[[#This Row],[QT_CANA_REST2]], IF(ESTIMATIVA[[#This Row],[QT_CANA_REAL]]>0,ESTIMATIVA[[#This Row],[QT_CANA_REAL]], IF(ESTIMATIVA[[#This Row],[QT_CANA_REST1]]>0,ESTIMATIVA[[#This Row],[QT_CANA_REST1]],ESTIMATIVA[[#This Row],[QT_CANA_EST]]))) -> 2395.28 | AD560: =IF(ESTIMATIVA[[#This Row],[QT_AREA_REAL]]>0,ESTIMATIVA[[#This Row],[QT_CANA_REAL]],ESTIMATIVA[[#This Row],[QT_CANA_EST]]) -> 2395.28 | AE560: =IF(ESTIMATIVA[[#This Row],[QT_AREA_REAL]]>0,ESTIMATIVA[[#This Row],[QT_CANA_REAL]],ESTIMATIVA[[#This Row],[QT_CANA_REST1]]) -> 2395.28 | AF560: =IF(ESTIMATIVA[[#This Row],[QT_AREA_REAL]]>0,ESTIMATIVA[[#This Row],[QT_CANA_REAL]],ESTIMATIVA[[#This Row],[QT_CANA_REST2]]) -> 2395.28 | AG560: =IF(COUNTIFS(GEADA!A:A,VALUE(ESTIMATIVA[[#This Row],[CD_UPNIVEL1]]&TEXT(ESTIMATIVA[[#This Row],[CD_UPNIVEL3]],"0000")))>0,"S","N") -> N | AH560: =IF(COUNTIFS(IRRIGADO!C:C,ESTIMATIVA[[#This Row],[CD_UPNIVEL1]],IRRIGADO!E:E,ESTIMATIVA[[#This Row],[CD_UPNIVEL3]])>0,"Irrigado",IF(ESTIMATIVA[[#This Row],[DE_SIST_CULT]]="Mineral","Sequeiro",ESTIMATIVA[[#This Row],[DE_SIST_CULT]])) -> Fertirrigação | AI560: =IF(ESTIMATIVA[[#This Row],[TP_CULTIVO]]="Irrigado",_xlfn.MAXIFS(IRRIGADO!J:J,IRRIGADO!C:C,ESTIMATIVA[[#This Row],[CD_UPNIVEL1]],IRRIGADO!E:E,ESTIMATIVA[[#This Row],[CD_UPNIVEL3]]),"") | AJ560: =IF(ESTIMATIVA[[#This Row],[TP_CULTIVO]]<>"Irrigado",0,AVERAGEIFS(IRRIGADO!G:G,IRRIGADO!C:C,ESTIMATIVA[[#This Row],[CD_UPNIVEL1]],IRRIGADO!E:E,ESTIMATIVA[[#This Row],[CD_UPNIVEL3]])*ESTIMATIVA[[#This Row],[QT_AREA_REAL]]) -> 0 | AK560: =COUNTIFS(Apresentação!$E$23:$E$29,ESTIMATIVA[[#This Row],[CD_UPNIVEL1]]) -> 0
A561: 20320 | B561: Fazenda Sao Manoel | C561: 13 | D561: 2 | E561: 2ºC | F561: D | H561: Fertirrigação | I561: RB855156 | J561: 3 - Parceria | K561: 1.84 | L561: 0 | M561: 0 | N561: 1.84 | O561: 136.16 | P561: 0 | Q561: 0 | R561: 174.48 | S561: UMOE | T561: 45802 | U561: =IF(ESTIMATIVA[[#This Row],[QT_AREA_REAL]]>0,"1- Colhido","2- à Colher") -> 1- Colhido | V561: =IF(ESTIMATIVA[[#This Row],[QT_AREA_REST1]]>0,"Reestimativa 1",IF(ESTIMATIVA[[#This Row],[QT_AREA_REAL]]=0,"Reestimativa 1","Realizado")) -> Realizado | W561: =IF(ESTIMATIVA[[#This Row],[QT_AREA_REST2]]>0,"Reestimativa 2",IF(ESTIMATIVA[[#This Row],[QT_AREA_REAL]]=0,"Reestimativa 2","Realizado")) -> Realizado | X561: =ESTIMATIVA[[#This Row],[QT_AREA_EST]] -> 1.84 | Y561: =IF(ESTIMATIVA[[#This Row],[QT_AREA_REST1]]>0,ESTIMATIVA[[#This Row],[QT_AREA_REST1]], IF(ESTIMATIVA[[#This Row],[QT_AREA_REAL]]>0,ESTIMATIVA[[#This Row],[QT_AREA_REAL]],ESTIMATIVA[[#This Row],[QT_AREA_EST]])) -> 1.84 | Z561: =IF(ESTIMATIVA[[#This Row],[QT_AREA_REST2]]>0,ESTIMATIVA[[#This Row],[QT_AREA_REST2]], IF(ESTIMATIVA[[#This Row],[QT_AREA_REAL]]>0,ESTIMATIVA[[#This Row],[QT_AREA_REAL]], IF(ESTIMATIVA[[#This Row],[QT_AREA_REST1]]>0,ESTIMATIVA[[#This Row],[QT_AREA_REST1]],ESTIMATIVA[[#This Row],[QT_AREA_EST]]))) -> 1.84 | AA561: =ESTIMATIVA[[#This Row],[QT_CANA_EST]] -> 136.16 | AB561: =IF(ESTIMATIVA[[#This Row],[QT_CANA_REST1]]>0,ESTIMATIVA[[#This Row],[QT_CANA_REST1]], IF(ESTIMATIVA[[#This Row],[QT_CANA_REAL]]>0,ESTIMATIVA[[#This Row],[QT_CANA_REAL]],ESTIMATIVA[[#This Row],[QT_CANA_EST]])) -> 174.48 | AC561: =IF(ESTIMATIVA[[#This Row],[QT_CANA_REST2]]>0,ESTIMATIVA[[#This Row],[QT_CANA_REST2]], IF(ESTIMATIVA[[#This Row],[QT_CANA_REAL]]>0,ESTIMATIVA[[#This Row],[QT_CANA_REAL]], IF(ESTIMATIVA[[#This Row],[QT_CANA_REST1]]>0,ESTIMATIVA[[#This Row],[QT_CANA_REST1]],ESTIMATIVA[[#This Row],[QT_CANA_EST]]))) -> 174.48 | AD561: =IF(ESTIMATIVA[[#This Row],[QT_AREA_REAL]]>0,ESTIMATIVA[[#This Row],[QT_CANA_REAL]],ESTIMATIVA[[#This Row],[QT_CANA_EST]]) -> 174.48 | AE561: =IF(ESTIMATIVA[[#This Row],[QT_AREA_REAL]]>0,ESTIMATIVA[[#This Row],[QT_CANA_REAL]],ESTIMATIVA[[#This Row],[QT_CANA_REST1]]) -> 174.48 | AF561: =IF(ESTIMATIVA[[#This Row],[QT_AREA_REAL]]>0,ESTIMATIVA[[#This Row],[QT_CANA_REAL]],ESTIMATIVA[[#This Row],[QT_CANA_REST2]]) -> 174.48 | AG561: =IF(COUNTIFS(GEADA!A:A,VALUE(ESTIMATIVA[[#This Row],[CD_UPNIVEL1]]&TEXT(ESTIMATIVA[[#This Row],[CD_UPNIVEL3]],"0000")))>0,"S","N") -> N | AH561: =IF(COUNTIFS(IRRIGADO!C:C,ESTIMATIVA[[#This Row],[CD_UPNIVEL1]],IRRIGADO!E:E,ESTIMATIVA[[#This Row],[CD_UPNIVEL3]])>0,"Irrigado",IF(ESTIMATIVA[[#This Row],[DE_SIST_CULT]]="Mineral","Sequeiro",ESTIMATIVA[[#This Row],[DE_SIST_CULT]])) -> Fertirrigação | AI561: =IF(ESTIMATIVA[[#This Row],[TP_CULTIVO]]="Irrigado",_xlfn.MAXIFS(IRRIGADO!J:J,IRRIGADO!C:C,ESTIMATIVA[[#This Row],[CD_UPNIVEL1]],IRRIGADO!E:E,ESTIMATIVA[[#This Row],[CD_UPNIVEL3]]),"") | AJ561: =IF(ESTIMATIVA[[#This Row],[TP_CULTIVO]]<>"Irrigado",0,AVERAGEIFS(IRRIGADO!G:G,IRRIGADO!C:C,ESTIMATIVA[[#This Row],[CD_UPNIVEL1]],IRRIGADO!E:E,ESTIMATIVA[[#This Row],[CD_UPNIVEL3]])*ESTIMATIVA[[#This Row],[QT_AREA_REAL]]) -> 0 | AK561: =COUNTIFS(Apresentação!$E$23:$E$29,ESTIMATIVA[[#This Row],[CD_UPNIVEL1]]) -> 0
... A756: 20426 | B756: Fazenda Nossa Senhora Aparecida | C756: 3 | D756: 3 | E756: 3ºC | F756: D | H756: Mineral | I756: RB975201 | J756: 3 - Parceria | K756: 18.3 | L756: 18.3 | M756: 18.3 | N756: 18.3 | O756: 1464 | P756: 1537.2 | Q756: 1098 | R756: 992.82 | S756: UMOE | T756: 46005 | U756: =IF(ESTIMATIVA[[#This Row],[QT_AREA_REAL]]>0,"1- Colhido","2- à Colher") -> 1- Colhido | V756: =IF(ESTIMATIVA[[#This Row],[QT_AREA_REST1]]>0,"Reestimativa 1",IF(ESTIMATIVA[[#This Row],[QT_AREA_REAL]]=0,"Reestimativa 1","Realizado")) -> Reestimativa 1 | W756: =IF(ESTIMATIVA[[#This Row],[QT_AREA_REST2]]>0,"Reestimativa 2",IF(ESTIMATIVA[[#This Row],[QT_AREA_REAL]]=0,"Reestimativa 2","Realizado")) -> Reestimativa 2 | X756: =ESTIMATIVA[[#This Row],[QT_AREA_EST]] -> 18.3 | Y756: =IF(ESTIMATIVA[[#This Row],[QT_AREA_REST1]]>0,ESTIMATIVA[[#This Row],[QT_AREA_REST1]], IF(ESTIMATIVA[[#This Row],[QT_AREA_REAL]]>0,ESTIMATIVA[[#This Row],[QT_AREA_REAL]],ESTIMATIVA[[#This Row],[QT_AREA_EST]])) -> 18.3 | Z756: =IF(ESTIMATIVA[[#This Row],[QT_AREA_REST2]]>0,ESTIMATIVA[[#This Row],[QT_AREA_REST2]], IF(ESTIMATIVA[[#This Row],[QT_AREA_REAL]]>0,ESTIMATIVA[[#This Row],[QT_AREA_REAL]], IF(ESTIMATIVA[[#This Row],[QT_AREA_REST1]]>0,ESTIMATIVA[[#This Row],[QT_AREA_REST1]],ESTIMATIVA[[#This Row],[QT_AREA_EST]]))) -> 18.3 | AA756: =ESTIMATIVA[[#This Row],[QT_CANA_EST]] -> 1464 | AB756: =IF(ESTIMATIVA[[#This Row],[QT_CANA_REST1]]>0,ESTIMATIVA[[#This Row],[QT_CANA_REST1]], IF(ESTIMATIVA[[#This Row],[QT_CANA_REAL]]>0,ESTIMATIVA[[#This Row],[QT_CANA_REAL]],ESTIMATIVA[[#This Row],[QT_CANA_EST]])) -> 1537.2 | AC756: =IF(ESTIMATIVA[[#This Row],[QT_CANA_REST2]]>0,ESTIMATIVA[[#This Row],[QT_CANA_REST2]], IF(ESTIMATIVA[[#This Row],[QT_CANA_REAL]]>0,ESTIMATIVA[[#This Row],[QT_CANA_REAL]], IF(ESTIMATIVA[[#This Row],[QT_CANA_REST1]]>0,ESTIMATIVA[[#This Row],[QT_CANA_REST1]],ESTIMATIVA[[#This Row],[QT_CANA_EST]]))) -> 1098 | AD756: =IF(ESTIMATIVA[[#This Row],[QT_AREA_REAL]]>0,ESTIMATIVA[[#This Row],[QT_CANA_REAL]],ESTIMATIVA[[#This Row],[QT_CANA_EST]]) -> 992.82 | AE756: =IF(ESTIMATIVA[[#This Row],[QT_AREA_REAL]]>0,ESTIMATIVA[[#This Row],[QT_CANA_REAL]],ESTIMATIVA[[#This Row],[QT_CANA_REST1]]) -> 992.82 | AF756: =IF(ESTIMATIVA[[#This Row],[QT_AREA_REAL]]>0,ESTIMATIVA[[#This Row],[QT_CANA_REAL]],ESTIMATIVA[[#This Row],[QT_CANA_REST2]]) -> 992.82 | AG756: =IF(COUNTIFS(GEADA!A:A,VALUE(ESTIMATIVA[[#This Row],[CD_UPNIVEL1]]&TEXT(ESTIMATIVA[[#This Row],[CD_UPNIVEL3]],"0000")))>0,"S","N") -> N | AH756: =IF(COUNTIFS(IRRIGADO!C:C,ESTIMATIVA[[#This Row],[CD_UPNIVEL1]],IRRIGADO!E:E,ESTIMATIVA[[#This Row],[CD_UPNIVEL3]])>0,"Irrigado",IF(ESTIMATIVA[[#This Row],[DE_SIST_CULT]]="Mineral","Sequeiro",ESTIMATIVA[[#This Row],[DE_SIST_CULT]])) -> Sequeiro | AI756: =IF(ESTIMATIVA[[#This Row],[TP_CULTIVO]]="Irrigado",_xlfn.MAXIFS(IRRIGADO!J:J,IRRIGADO!C:C,ESTIMATIVA[[#This Row],[CD_UPNIVEL1]],IRRIGADO!E:E,ESTIMATIVA[[#This Row],[CD_UPNIVEL3]]),"") | AJ756: =IF(ESTIMATIVA[[#This Row],[TP_CULTIVO]]<>"Irrigado",0,AVERAGEIFS(IRRIGADO!G:G,IRRIGADO!C:C,ESTIMATIVA[[#This Row],[CD_UPNIVEL1]],IRRIGADO!E:E,ESTIMATIVA[[#This Row],[CD_UPNIVEL3]])*ESTIMATIVA[[#This Row],[QT_AREA_REAL]]) -> 0 | AK756: =COUNTIFS(Apresentação!$E$23:$E$29,ESTIMATIVA[[#This Row],[CD_UPNIVEL1]]) -> 0
A757: 20426 | B757: Fazenda Nossa Senhora Aparecida | C757: 4 | D757: 3 | E757: 3ºC | F757: D | H757: Mineral | I757: RB975201 | J757: 3 - Parceria | K757: 0 | L757: 0 | M757: 0 | N757: 0 | O757: 0 | P757: 0 | Q757: 0 | S757: UMOE | T757: 46005 | U757: =IF(ESTIMATIVA[[#This Row],[QT_AREA_REAL]]>0,"1- Colhido","2- à Colher") -> 2- à Colher | V757: =IF(ESTIMATIVA[[#This Row],[QT_AREA_REST1]]>0,"Reestimativa 1",IF(ESTIMATIVA[[#This Row],[QT_AREA_REAL]]=0,"Reestimativa 1","Realizado")) -> Reestimativa 1 | W757: =IF(ESTIMATIVA[[#This Row],[QT_AREA_REST2]]>0,"Reestimativa 2",IF(ESTIMATIVA[[#This Row],[QT_AREA_REAL]]=0,"Reestimativa 2","Realizado")) -> Reestimativa 2 | X757: =ESTIMATIVA[[#This Row],[QT_AREA_EST]] -> 0 | Y757: =IF(ESTIMATIVA[[#This Row],[QT_AREA_REST1]]>0,ESTIMATIVA[[#This Row],[QT_AREA_REST1]], IF(ESTIMATIVA[[#This Row],[QT_AREA_REAL]]>0,ESTIMATIVA[[#This Row],[QT_AREA_REAL]],ESTIMATIVA[[#This Row],[QT_AREA_EST]])) -> 0 | Z757: =IF(ESTIMATIVA[[#This Row],[QT_AREA_REST2]]>0,ESTIMATIVA[[#This Row],[QT_AREA_REST2]], IF(ESTIMATIVA[[#This Row],[QT_AREA_REAL]]>0,ESTIMATIVA[[#This Row],[QT_AREA_REAL]], IF(ESTIMATIVA[[#This Row],[QT_AREA_REST1]]>0,ESTIMATIVA[[#This Row],[QT_AREA_REST1]],ESTIMATIVA[[#This Row],[QT_AREA_EST]]))) -> 0 | AA757: =ESTIMATIVA[[#This Row],[QT_CANA_EST]] -> 0 | AB757: =IF(ESTIMATIVA[[#This Row],[QT_CANA_REST1]]>0,ESTIMATIVA[[#This Row],[QT_CANA_REST1]], IF(ESTIMATIVA[[#This Row],[QT_CANA_REAL]]>0,ESTIMATIVA[[#This Row],[QT_CANA_REAL]],ESTIMATIVA[[#This Row],[QT_CANA_EST]])) -> 0 | AC757: =IF(ESTIMATIVA[[#This Row],[QT_CANA_REST2]]>0,ESTIMATIVA[[#This Row],[QT_CANA_REST2]], IF(ESTIMATIVA[[#This Row],[QT_CANA_REAL]]>0,ESTIMATIVA[[#This Row],[QT_CANA_REAL]], IF(ESTIMATIVA[[#This Row],[QT_CANA_REST1]]>0,ESTIMATIVA[[#This Row],[QT_CANA_REST1]],ESTIMATIVA[[#This Row],[QT_CANA_EST]]))) -> 0 | AD757: =IF(ESTIMATIVA[[#This Row],[QT_AREA_REAL]]>0,ESTIMATIVA[[#This Row],[QT_CANA_REAL]],ESTIMATIVA[[#This Row],[QT_CANA_EST]]) -> 0 | AE757: =IF(ESTIMATIVA[[#This Row],[QT_AREA_REAL]]>0,ESTIMATIVA[[#This Row],[QT_CANA_REAL]],ESTIMATIVA[[#This Row],[QT_CANA_REST1]]) -> 0 | AF757: =IF(ESTIMATIVA[[#This Row],[QT_AREA_REAL]]>0,ESTIMATIVA[[#This Row],[QT_CANA_REAL]],ESTIMATIVA[[#This Row],[QT_CANA_REST2]]) -> 0 | AG757: =IF(COUNTIFS(GEADA!A:A,VALUE(ESTIMATIVA[[#This Row],[CD_UPNIVEL1]]&TEXT(ESTIMATIVA[[#This Row],[CD_UPNIVEL3]],"0000")))>0,"S","N") -> N | AH757: =IF(COUNTIFS(IRRIGADO!C:C,ESTIMATIVA[[#This Row],[CD_UPNIVEL1]],IRRIGADO!E:E,ESTIMATIVA[[#This Row],[CD_UPNIVEL3]])>0,"Irrigado",IF(ESTIMATIVA[[#This Row],[DE_SIST_CULT]]="Mineral","Sequeiro",ESTIMATIVA[[#This Row],[DE_SIST_CULT]])) -> Sequeiro | AI757: =IF(ESTIMATIVA[[#This Row],[TP_CULTIVO]]="Irrigado",_xlfn.MAXIFS(IRRIGADO!J:J,IRRIGADO!C:C,ESTIMATIVA[[#This Row],[CD_UPNIVEL1]],IRRIGADO!E:E,ESTIMATIVA[[#This Row],[CD_UPNIVEL3]]),"") | AJ757: =IF(ESTIMATIVA[[#This Row],[TP_CULTIVO]]<>"Irrigado",0,AVERAGEIFS(IRRIGADO!G:G,IRRIGADO!C:C,ESTIMATIVA[[#This Row],[CD_UPNIVEL1]],IRRIGADO!E:E,ESTIMATIVA[[#This Row],[CD_UPNIVEL3]])*ESTIMATIVA[[#This Row],[QT_AREA_REAL]]) -> 0 | AK757: =COUNTIFS(Apresentação!$E$23:$E$29,ESTIMATIVA[[#This Row],[CD_UPNIVEL1]]) -> 0
A758: 20426 | B758: Fazenda Nossa Senhora Aparecida | C758: 5 | D758: 3 | E758: 3ºC | F758: D | H758: Mineral | I758: RB975201 | J758: 3 - Parceria | K758: 8.96 | L758: 8.96 | M758: 8.96 | N758: 8.96 | O758: 788.48 | P758: 806.4 | Q758: 609.28 | R758: 533.13 | S758: UMOE | T758: 46005 | U758: =IF(ESTIMATIVA[[#This Row],[QT_AREA_REAL]]>0,"1- Colhido","2- à Colher") -> 1- Colhido | V758: =IF(ESTIMATIVA[[#This Row],[QT_AREA_REST1]]>0,"Reestimativa 1",IF(ESTIMATIVA[[#This Row],[QT_AREA_REAL]]=0,"Reestimativa 1","Realizado")) -> Reestimativa 1 | W758: =IF(ESTIMATIVA[[#This Row],[QT_AREA_REST2]]>0,"Reestimativa 2",IF(ESTIMATIVA[[#This Row],[QT_AREA_REAL]]=0,"Reestimativa 2","Realizado")) -> Reestimativa 2 | X758: =ESTIMATIVA[[#This Row],[QT_AREA_EST]] -> 8.96 | Y758: =IF(ESTIMATIVA[[#This Row],[QT_AREA_REST1]]>0,ESTIMATIVA[[#This Row],[QT_AREA_REST1]], IF(ESTIMATIVA[[#This Row],[QT_AREA_REAL]]>0,ESTIMATIVA[[#This Row],[QT_AREA_REAL]],ESTIMATIVA[[#This Row],[QT_AREA_EST]])) -> 8.96 | Z758: =IF(ESTIMATIVA[[#This Row],[QT_AREA_REST2]]>0,ESTIMATIVA[[#This Row],[QT_AREA_REST2]], IF(ESTIMATIVA[[#This Row],[QT_AREA_REAL]]>0,ESTIMATIVA[[#This Row],[QT_AREA_REAL]], IF(ESTIMATIVA[[#This Row],[QT_AREA_REST1]]>0,ESTIMATIVA[[#This Row],[QT_AREA_REST1]],ESTIMATIVA[[#This Row],[QT_AREA_EST]]))) -> 8.96 | AA758: =ESTIMATIVA[[#This Row],[QT_CANA_EST]] -> 788.48 | AB758: =IF(ESTIMATIVA[[#This Row],[QT_CANA_REST1]]>0,ESTIMATIVA[[#This Row],[QT_CANA_REST1]], IF(ESTIMATIVA[[#This Row],[QT_CANA_REAL]]>0,ESTIMATIVA[[#This Row],[QT_CANA_REAL]],ESTIMATIVA[[#This Row],[QT_CANA_EST]])) -> 806.4 | AC758: =IF(ESTIMATIVA[[#This Row],[QT_CANA_REST2]]>0,ESTIMATIVA[[#This Row],[QT_CANA_REST2]], IF(ESTIMATIVA[[#This Row],[QT_CANA_REAL]]>0,ESTIMATIVA[[#This Row],[QT_CANA_REAL]], IF(ESTIMATIVA[[#This Row],[QT_CANA_REST1]]>0,ESTIMATIVA[[#This Row],[QT_CANA_REST1]],ESTIMATIVA[[#This Row],[QT_CANA_EST]]))) -> 609.28 | AD758: =IF(ESTIMATIVA[[#This Row],[QT_AREA_REAL]]>0,ESTIMATIVA[[#This Row],[QT_CANA_REAL]],ESTIMATIVA[[#This Row],[QT_CANA_EST]]) -> 533.13 | AE758: =IF(ESTIMATIVA[[#This Row],[QT_AREA_REAL]]>0,ESTIMATIVA[[#This Row],[QT_CANA_REAL]],ESTIMATIVA[[#This Row],[QT_CANA_REST1]]) -> 533.13 | AF758: =IF(ESTIMATIVA[[#This Row],[QT_AREA_REAL]]>0,ESTIMATIVA[[#This Row],[QT_CANA_REAL]],ESTIMATIVA[[#This Row],[QT_CANA_REST2]]) -> 533.13 | AG758: =IF(COUNTIFS(GEADA!A:A,VALUE(ESTIMATIVA[[#This Row],[CD_UPNIVEL1]]&TEXT(ESTIMATIVA[[#This Row],[CD_UPNIVEL3]],"0000")))>0,"S","N") -> N | AH758: =IF(COUNTIFS(IRRIGADO!C:C,ESTIMATIVA[[#This Row],[CD_UPNIVEL1]],IRRIGADO!E:E,ESTIMATIVA[[#This Row],[CD_UPNIVEL3]])>0,"Irrigado",IF(ESTIMATIVA[[#This Row],[DE_SIST_CULT]]="Mineral","Sequeiro",ESTIMATIVA[[#This Row],[DE_SIST_CULT]])) -> Sequeiro | AI758: =IF(ESTIMATIVA[[#This Row],[TP_CULTIVO]]="Irrigado",_xlfn.MAXIFS(IRRIGADO!J:J,IRRIGADO!C:C,ESTIMATIVA[[#This Row],[CD_UPNIVEL1]],IRRIGADO!E:E,ESTIMATIVA[[#This Row],[CD_UPNIVEL3]]),"") | AJ758: =IF(ESTIMATIVA[[#This Row],[TP_CULTIVO]]<>"Irrigado",0,AVERAGEIFS(IRRIGADO!G:G,IRRIGADO!C:C,ESTIMATIVA[[#This Row],[CD_UPNIVEL1]],IRRIGADO!E:E,ESTIMATIVA[[#This Row],[CD_UPNIVEL3]])*ESTIMATIVA[[#This Row],[QT_AREA_REAL]]) -> 0 | AK758: =COUNTIFS(Apresentação!$E$23:$E$29,ESTIMATIVA[[#This Row],[CD_UPNIVEL1]]) -> 0
A759: 20426 | B759: Fazenda Nossa Senhora Aparecida | C759: 6 | D759: 3 | E759: 3ºC | F759: D | H759: Mineral | I759: RB975201 | J759: 3 - Parceria | K759: 11.71 | L759: 11.71 | M759: 11.71 | N759: 11.71 | O759: 1030.48 | P759: 1053.9 | Q759: 796.28 | R759: 753.67 | S759: UMOE | T759: 46005 | U759: =IF(ESTIMATIVA[[#This Row],[QT_AREA_REAL]]>0,"1- Colhido","2- à Colher") -> 1- Colhido | V759: =IF(ESTIMATIVA[[#This Row],[QT_AREA_REST1]]>0,"Reestimativa 1",IF(ESTIMATIVA[[#This Row],[QT_AREA_REAL]]=0,"Reestimativa 1","Realizado")) -> Reestimativa 1 | W759: =IF(ESTIMATIVA[[#This Row],[QT_AREA_REST2]]>0,"Reestimativa 2",IF(ESTIMATIVA[[#This Row],[QT_AREA_REAL]]=0,"Reestimativa 2","Realizado")) -> Reestimativa 2 | X759: =ESTIMATIVA[[#This Row],[QT_AREA_EST]] -> 11.71 | Y759: =IF(ESTIMATIVA[[#This Row],[QT_AREA_REST1]]>0,ESTIMATIVA[[#This Row],[QT_AREA_REST1]], IF(ESTIMATIVA[[#This Row],[QT_AREA_REAL]]>0,ESTIMATIVA[[#This Row],[QT_AREA_REAL]],ESTIMATIVA[[#This Row],[QT_AREA_EST]])) -> 11.71 | Z759: =IF(ESTIMATIVA[[#This Row],[QT_AREA_REST2]]>0,ESTIMATIVA[[#This Row],[QT_AREA_REST2]], IF(ESTIMATIVA[[#This Row],[QT_AREA_REAL]]>0,ESTIMATIVA[[#This Row],[QT_AREA_REAL]], IF(ESTIMATIVA[[#This Row],[QT_AREA_REST1]]>0,ESTIMATIVA[[#This Row],[QT_AREA_REST1]],ESTIMATIVA[[#This Row],[QT_AREA_EST]]))) -> 11.71 | AA759: =ESTIMATIVA[[#This Row],[QT_CANA_EST]] -> 1030.48 | AB759: =IF(ESTIMATIVA[[#This Row],[QT_CANA_REST1]]>0,ESTIMATIVA[[#This Row],[QT_CANA_REST1]], IF(ESTIMATIVA[[#This Row],[QT_CANA_REAL]]>0,ESTIMATIVA[[#This Row],[QT_CANA_REAL]],ESTIMATIVA[[#This Row],[QT_CANA_EST]])) -> 1053.9 | AC759: =IF(ESTIMATIVA[[#This Row],[QT_CANA_REST2]]>0,ESTIMATIVA[[#This Row],[QT_CANA_REST2]], IF(ESTIMATIVA[[#This Row],[QT_CANA_REAL]]>0,ESTIMATIVA[[#This Row],[QT_CANA_REAL]], IF(ESTIMATIVA[[#This Row],[QT_CANA_REST1]]>0,ESTIMATIVA[[#This Row],[QT_CANA_REST1]],ESTIMATIVA[[#This Row],[QT_CANA_EST]]))) -> 796.28 | AD759: =IF(ESTIMATIVA[[#This Row],[QT_AREA_REAL]]>0,ESTIMATIVA[[#This Row],[QT_CANA_REAL]],ESTIMATIVA[[#This Row],[QT_CANA_EST]]) -> 753.67 | AE759: =IF(ESTIMATIVA[[#This Row],[QT_AREA_REAL]]>0,ESTIMATIVA[[#This Row],[QT_CANA_REAL]],ESTIMATIVA[[#This Row],[QT_CANA_REST1]]) -> 753.67 | AF759: =IF(ESTIMATIVA[[#This Row],[QT_AREA_REAL]]>0,ESTIMATIVA[[#This Row],[QT_CANA_REAL]],ESTIMATIVA[[#This Row],[QT_CANA_REST2]]) -> 753.67 | AG759: =IF(COUNTIFS(GEADA!A:A,VALUE(ESTIMATIVA[[#This Row],[CD_UPNIVEL1]]&TEXT(ESTIMATIVA[[#This Row],[CD_UPNIVEL3]],"0000")))>0,"S","N") -> N | AH759: =IF(COUNTIFS(IRRIGADO!C:C,ESTIMATIVA[[#This Row],[CD_UPNIVEL1]],IRRIGADO!E:E,ESTIMATIVA[[#This Row],[CD_UPNIVEL3]])>0,"Irrigado",IF(ESTIMATIVA[[#This Row],[DE_SIST_CULT]]="Mineral","Sequeiro",ESTIMATIVA[[#This Row],[DE_SIST_CULT]])) -> Sequeiro | AI759: =IF(ESTIMATIVA[[#This Row],[TP_CULTIVO]]="Irrigado",_xlfn.MAXIFS(IRRIGADO!J:J,IRRIGADO!C:C,ESTIMATIVA[[#This Row],[CD_UPNIVEL1]],IRRIGADO!E:E,ESTIMATIVA[[#This Row],[CD_UPNIVEL3]]),"") | AJ759: =IF(ESTIMATIVA[[#This Row],[TP_CULTIVO]]<>"Irrigado",0,AVERAGEIFS(IRRIGADO!G:G,IRRIGADO!C:C,ESTIMATIVA[[#This Row],[CD_UPNIVEL1]],IRRIGADO!E:E,ESTIMATIVA[[#This Row],[CD_UPNIVEL3]])*ESTIMATIVA[[#This Row],[QT_AREA_REAL]]) -> 0 | AK759: =COUNTIFS(Apresentação!$E$23:$E$29,ESTIMATIVA[[#This Row],[CD_UPNIVEL1]]) -> 0
A760: 20426 | B760: Fazenda Nossa Senhora Aparecida | C760: 7 | D760: 3 | E760: 3ºC | F760: D | H760: Mineral | I760: RB975201 | J760: 3 - Parceria | K760: 40.99 | L760: 40.99 | M760: 40.99 | N760: 40.99 | O760: 3074.25 | P760: 3279.2 | Q760: 2623.36 | R760: 2508.15 | S760: UMOE | T760: 46005 | U760: =IF(ESTIMATIVA[[#This Row],[QT_AREA_REAL]]>0,"1- Colhido","2- à Colher") -> 1- Colhido | V760: =IF(ESTIMATIVA[[#This Row],[QT_AREA_REST1]]>0,"Reestimativa 1",IF(ESTIMATIVA[[#This Row],[QT_AREA_REAL]]=0,"Reestimativa 1","Realizado")) -> Reestimativa 1 | W760: =IF(ESTIMATIVA[[#This Row],[QT_AREA_REST2]]>0,"Reestimativa 2",IF(ESTIMATIVA[[#This Row],[QT_AREA_REAL]]=0,"Reestimativa 2","Realizado")) -> Reestimativa 2 | X760: =ESTIMATIVA[[#This Row],[QT_AREA_EST]] -> 40.99 | Y760: =IF(ESTIMATIVA[[#This Row],[QT_AREA_REST1]]>0,ESTIMATIVA[[#This Row],[QT_AREA_REST1]], IF(ESTIMATIVA[[#This Row],[QT_AREA_REAL]]>0,ESTIMATIVA[[#This Row],[QT_AREA_REAL]],ESTIMATIVA[[#This Row],[QT_AREA_EST]])) -> 40.99 | Z760: =IF(ESTIMATIVA[[#This Row],[QT_AREA_REST2]]>0,ESTIMATIVA[[#This Row],[QT_AREA_REST2]], IF(ESTIMATIVA[[#This Row],[QT_AREA_REAL]]>0,ESTIMATIVA[[#This Row],[QT_AREA_REAL]], IF(ESTIMATIVA[[#This Row],[QT_AREA_REST1]]>0,ESTIMATIVA[[#This Row],[QT_AREA_REST1]],ESTIMATIVA[[#This Row],[QT_AREA_EST]]))) -> 40.99 | AA760: =ESTIMATIVA[[#This Row],[QT_CANA_EST]] -> 3074.25 | AB760: =IF(ESTIMATIVA[[#This Row],[QT_CANA_REST1]]>0,ESTIMATIVA[[#This Row],[QT_CANA_REST1]], IF(ESTIMATIVA[[#This Row],[QT_CANA_REAL]]>0,ESTIMATIVA[[#This Row],[QT_CANA_REAL]],ESTIMATIVA[[#This Row],[QT_CANA_EST]])) -> 3279.2 | AC760: =IF(ESTIMATIVA[[#This Row],[QT_CANA_REST2]]>0,ESTIMATIVA[[#This Row],[QT_CANA_REST2]], IF(ESTIMATIVA[[#This Row],[QT_CANA_REAL]]>0,ESTIMATIVA[[#This Row],[QT_CANA_REAL]], IF(ESTIMATIVA[[#This Row],[QT_CANA_REST1]]>0,ESTIMATIVA[[#This Row],[QT_CANA_REST1]],ESTIMATIVA[[#This Row],[QT_CANA_EST]]))) -> 2623.36 | AD760: =IF(ESTIMATIVA[[#This Row],[QT_AREA_REAL]]>0,ESTIMATIVA[[#This Row],[QT_CANA_REAL]],ESTIMATIVA[[#This Row],[QT_CANA_EST]]) -> 2508.15 | AE760: =IF(ESTIMATIVA[[#This Row],[QT_AREA_REAL]]>0,ESTIMATIVA[[#This Row],[QT_CANA_REAL]],ESTIMATIVA[[#This Row],[QT_CANA_REST1]]) -> 2508.15 | AF760: =IF(ESTIMATIVA[[#This Row],[QT_AREA_REAL]]>0,ESTIMATIVA[[#This Row],[QT_CANA_REAL]],ESTIMATIVA[[#This Row],[QT_CANA_REST2]]) -> 2508.15 | AG760: =IF(COUNTIFS(GEADA!A:A,VALUE(ESTIMATIVA[[#This Row],[CD_UPNIVEL1]]&TEXT(ESTIMATIVA[[#This Row],[CD_UPNIVEL3]],"0000")))>0,"S","N") -> N | AH760: =IF(COUNTIFS(IRRIGADO!C:C,ESTIMATIVA[[#This Row],[CD_UPNIVEL1]],IRRIGADO!E:E,ESTIMATIVA[[#This Row],[CD_UPNIVEL3]])>0,"Irrigado",IF(ESTIMATIVA[[#This Row],[DE_SIST_CULT]]="Mineral","Sequeiro",ESTIMATIVA[[#This Row],[DE_SIST_CULT]])) -> Sequeiro | AI760: =IF(ESTIMATIVA[[#This Row],[TP_CULTIVO]]="Irrigado",_xlfn.MAXIFS(IRRIGADO!J:J,IRRIGADO!C:C,ESTIMATIVA[[#This Row],[CD_UPNIVEL1]],IRRIGADO!E:E,ESTIMATIVA[[#This Row],[CD_UPNIVEL3]]),"") | AJ760: =IF(ESTIMATIVA[[#This Row],[TP_CULTIVO]]<>"Irrigado",0,AVERAGEIFS(IRRIGADO!G:G,IRRIGADO!C:C,ESTIMATIVA[[#This Row],[CD_UPNIVEL1]],IRRIGADO!E:E,ESTIMATIVA[[#This Row],[CD_UPNIVEL3]])*ESTIMATIVA[[#This Row],[QT_AREA_REAL]]) -> 0 | AK760: =COUNTIFS(Apresentação!$E$23:$E$29,ESTIMATIVA[[#This Row],[CD_UPNIVEL1]]) -> 0
A761: 20426 | B761: Fazenda Nossa Senhora Aparecida | C761: 8 | D761: 3 | E761: 3ºC | F761: D | H761: Mineral | I761: RB975201 | J761: 3 - Parceria | K761: 12.52 | L761: 12.52 | M761: 12.52 | N761: 12.52 | O761: 939 | P761: 1001.6 | Q761: 801.28 | R761: 768.12 | S761: UMOE | T761: 46005 | U761: =IF(ESTIMATIVA[[#This Row],[QT_AREA_REAL]]>0,"1- Colhido","2- à Colher") -> 1- Colhido | V761: =IF(ESTIMATIVA[[#This Row],[QT_AREA_REST1]]>0,"Reestimativa 1",IF(ESTIMATIVA[[#This Row],[QT_AREA_REAL]]=0,"Reestimativa 1","Realizado")) -> Reestimativa 1 | W761: =IF(ESTIMATIVA[[#This Row],[QT_AREA_REST2]]>0,"Reestimativa 2",IF(ESTIMATIVA[[#This Row],[QT_AREA_REAL]]=0,"Reestimativa 2","Realizado")) -> Reestimativa 2 | X761: =ESTIMATIVA[[#This Row],[QT_AREA_EST]] -> 12.52 | Y761: =IF(ESTIMATIVA[[#This Row],[QT_AREA_REST1]]>0,ESTIMATIVA[[#This Row],[QT_AREA_REST1]], IF(ESTIMATIVA[[#This Row],[QT_AREA_REAL]]>0,ESTIMATIVA[[#This Row],[QT_AREA_REAL]],ESTIMATIVA[[#This Row],[QT_AREA_EST]])) -> 12.52 | Z761: =IF(ESTIMATIVA[[#This Row],[QT_AREA_REST2]]>0,ESTIMATIVA[[#This Row],[QT_AREA_REST2]], IF(ESTIMATIVA[[#This Row],[QT_AREA_REAL]]>0,ESTIMATIVA[[#This Row],[QT_AREA_REAL]], IF(ESTIMATIVA[[#This Row],[QT_AREA_REST1]]>0,ESTIMATIVA[[#This Row],[QT_AREA_REST1]],ESTIMATIVA[[#This Row],[QT_AREA_EST]]))) -> 12.52 | AA761: =ESTIMATIVA[[#This Row],[QT_CANA_EST]] -> 939 | AB761: =IF(ESTIMATIVA[[#This Row],[QT_CANA_REST1]]>0,ESTIMATIVA[[#This Row],[QT_CANA_REST1]], IF(ESTIMATIVA[[#This Row],[QT_CANA_REAL]]>0,ESTIMATIVA[[#This Row],[QT_CANA_REAL]],ESTIMATIVA[[#This Row],[QT_CANA_EST]])) -> 1001.6 | AC761: =IF(ESTIMATIVA[[#This Row],[QT_CANA_REST2]]>0,ESTIMATIVA[[#This Row],[QT_CANA_REST2]], IF(ESTIMATIVA[[#This Row],[QT_CANA_REAL]]>0,ESTIMATIVA[[#This Row],[QT_CANA_REAL]], IF(ESTIMATIVA[[#This Row],[QT_CANA_REST1]]>0,ESTIMATIVA[[#This Row],[QT_CANA_REST1]],ESTIMATIVA[[#This Row],[QT_CANA_EST]]))) -> 801.28 | AD761: =IF(ESTIMATIVA[[#This Row],[QT_AREA_REAL]]>0,ESTIMATIVA[[#This Row],[QT_CANA_REAL]],ESTIMATIVA[[#This Row],[QT_CANA_EST]]) -> 768.12 | AE761: =IF(ESTIMATIVA[[#This Row],[QT_AREA_REAL]]>0,ESTIMATIVA[[#This Row],[QT_CANA_REAL]],ESTIMATIVA[[#This Row],[QT_CANA_REST1]]) -> 768.12 | AF761: =IF(ESTIMATIVA[[#This Row],[QT_AREA_REAL]]>0,ESTIMATIVA[[#This Row],[QT_CANA_REAL]],ESTIMATIVA[[#This Row],[QT_CANA_REST2]]) -> 768.12 | AG761: =IF(COUNTIFS(GEADA!A:A,VALUE(ESTIMATIVA[[#This Row],[CD_UPNIVEL1]]&TEXT(ESTIMATIVA[[#This Row],[CD_UPNIVEL3]],"0000")))>0,"S","N") -> N | AH761: =IF(COUNTIFS(IRRIGADO!C:C,ESTIMATIVA[[#This Row],[CD_UPNIVEL1]],IRRIGADO!E:E,ESTIMATIVA[[#This Row],[CD_UPNIVEL3]])>0,"Irrigado",IF(ESTIMATIVA[[#This Row],[DE_SIST_CULT]]="Mineral","Sequeiro",ESTIMATIVA[[#This Row],[DE_SIST_CULT]])) -> Sequeiro | AI761: =IF(ESTIMATIVA[[#This Row],[TP_CULTIVO]]="Irrigado",_xlfn.MAXIFS(IRRIGADO!J:J,IRRIGADO!C:C,ESTIMATIVA[[#This Row],[CD_UPNIVEL1]],IRRIGADO!E:E,ESTIMATIVA[[#This Row],[CD_UPNIVEL3]]),"") | AJ761: =IF(ESTIMATIVA[[#This Row],[TP_CULTIVO]]<>"Irrigado",0,AVERAGEIFS(IRRIGADO!G:G,IRRIGADO!C:C,ESTIMATIVA[[#This Row],[CD_UPNIVEL1]],IRRIGADO!E:E,ESTIMATIVA[[#This Row],[CD_UPNIVEL3]])*ESTIMATIVA[[#This Row],[QT_AREA_REAL]]) -> 0 | AK761: =COUNTIFS(Apresentação!$E$23:$E$29,ESTIMATIVA[[#This Row],[CD_UPNIVEL1]]) -> 0
A762: 20431 | B762: Fazenda Estância Fernanda | C762: 1 | D762: 1 | E762: INV | F762: D | H762: Mineral | I762: RB127825 | J762: 2 - Arrendamento | K762: 11.6 | L762: 0 | M762: 0 | N762: 11.6 | O762: 1684.8 | P762: 0 | Q762: 0 | R762: 1774.59 | S762: UMOE | T762: 45914 | U762: =IF(ESTIMATIVA[[#This Row],[QT_AREA_REAL]]>0,"1- Colhido","2- à Colher") -> 1- Colhido | V762: =IF(ESTIMATIVA[[#This Row],[QT_AREA_REST1]]>0,"Reestimativa 1",IF(ESTIMATIVA[[#This Row],[QT_AREA_REAL]]=0,"Reestimativa 1","Realizado")) -> Realizado | W762: =IF(ESTIMATIVA[[#This Row],[QT_AREA_REST2]]>0,"Reestimativa 2",IF(ESTIMATIVA[[#This Row],[QT_AREA_REAL]]=0,"Reestimativa 2","Realizado")) -> Realizado | X762: =ESTIMATIVA[[#This Row],[QT_AREA_EST]] -> 11.6 | Y762: =IF(ESTIMATIVA[[#This Row],[QT_AREA_REST1]]>0,ESTIMATIVA[[#This Row],[QT_AREA_REST1]], IF(ESTIMATIVA[[#This Row],[QT_AREA_REAL]]>0,ESTIMATIVA[[#This Row],[QT_AREA_REAL]],ESTIMATIVA[[#This Row],[QT_AREA_EST]])) -> 11.6 | Z762: =IF(ESTIMATIVA[[#This Row],[QT_AREA_REST2]]>0,ESTIMATIVA[[#This Row],[QT_AREA_REST2]], IF(ESTIMATIVA[[#This Row],[QT_AREA_REAL]]>0,ESTIMATIVA[[#This Row],[QT_AREA_REAL]], IF(ESTIMATIVA[[#This Row],[QT_AREA_REST1]]>0,ESTIMATIVA[[#This Row],[QT_AREA_REST1]],ESTIMATIVA[[#This Row],[QT_AREA_EST]]))) -> 11.6 | AA762: =ESTIMATIVA[[#This Row],[QT_CANA_EST]] -> 1684.8 | AB762: =IF(ESTIMATIVA[[#This Row],[QT_CANA_REST1]]>0,ESTIMATIVA[[#This Row],[QT_CANA_REST1]], IF(ESTIMATIVA[[#This Row],[QT_CANA_REAL]]>0,ESTIMATIVA[[#This Row],[QT_CANA_REAL]],ESTIMATIVA[[#This Row],[QT_CANA_EST]])) -> 1774.59 | AC762: =IF(ESTIMATIVA[[#This Row],[QT_CANA_REST2]]>0,ESTIMATIVA[[#This Row],[QT_CANA_REST2]], IF(ESTIMATIVA[[#This Row],[QT_CANA_REAL]]>0,ESTIMATIVA[[#This Row],[QT_CANA_REAL]], IF(ESTIMATIVA[[#This Row],[QT_CANA_REST1]]>0,ESTIMATIVA[[#This Row],[QT_CANA_REST1]],ESTIMATIVA[[#This Row],[QT_CANA_EST]]))) -> 1774.59 | AD762: =IF(ESTIMATIVA[[#This Row],[QT_AREA_REAL]]>0,ESTIMATIVA[[#This Row],[QT_CANA_REAL]],ESTIMATIVA[[#This Row],[QT_CANA_EST]]) -> 1774.59 | AE762: =IF(ESTIMATIVA[[#This Row],[QT_AREA_REAL]]>0,ESTIMATIVA[[#This Row],[QT_CANA_REAL]],ESTIMATIVA[[#This Row],[QT_CANA_REST1]]) -> 1774.59 | AF762: =IF(ESTIMATIVA[[#This Row],[QT_AREA_REAL]]>0,ESTIMATIVA[[#This Row],[QT_CANA_REAL]],ESTIMATIVA[[#This Row],[QT_CANA_REST2]]) -> 1774.59 | AG762: =IF(COUNTIFS(GEADA!A:A,VALUE(ESTIMATIVA[[#This Row],[CD_UPNIVEL1]]&TEXT(ESTIMATIVA[[#This Row],[CD_UPNIVEL3]],"0000")))>0,"S","N") -> N | AH762: =IF(COUNTIFS(IRRIGADO!C:C,ESTIMATIVA[[#This Row],[CD_UPNIVEL1]],IRRIGADO!E:E,ESTIMATIVA[[#This Row],[CD_UPNIVEL3]])>0,"Irrigado",IF(ESTIMATIVA[[#This Row],[DE_SIST_CULT]]="Mineral","Sequeiro",ESTIMATIVA[[#This Row],[DE_SIST_CULT]])) -> Sequeiro | AI762: =IF(ESTIMATIVA[[#This Row],[TP_CULTIVO]]="Irrigado",_xlfn.MAXIFS(IRRIGADO!J:J,IRRIGADO!C:C,ESTIMATIVA[[#This Row],[CD_UPNIVEL1]],IRRIGADO!E:E,ESTIMATIVA[[#This Row],[CD_UPNIVEL3]]),"") | AJ762: =IF(ESTIMATIVA[[#This Row],[TP_CULTIVO]]<>"Irrigado",0,AVERAGEIFS(IRRIGADO!G:G,IRRIGADO!C:C,ESTIMATIVA[[#This Row],[CD_UPNIVEL1]],IRRIGADO!E:E,ESTIMATIVA[[#This Row],[CD_UPNIVEL3]])*ESTIMATIVA[[#This Row],[QT_AREA_REAL]]) -> 0 | AK762: =COUNTIFS(Apresentação!$E$23:$E$29,ESTIMATIVA[[#This Row],[CD_UPNIVEL1]]) -> 0
A763: 20431 | B763: Fazenda Estância Fernanda | C763: 2 | D763: 1 | E763: ANM | F763: D | H763: Mineral | I763: RB127825 | J763: 2 - Arrendamento | K763: 21.03 | L763: 21.03 | M763: 0 | N763: 21.03 | O763: 2250.21 | P763: 2313.3 | Q763: 0 | R763: 2382.63 | S763: UMOE | T763: 45872 | U763: =IF(ESTIMATIVA[[#This Row],[QT_AREA_REAL]]>0,"1- Colhido","2- à Colher") -> 1- Colhido | V763: =IF(ESTIMATIVA[[#This Row],[QT_AREA_REST1]]>0,"Reestimativa 1",IF(ESTIMATIVA[[#This Row],[QT_AREA_REAL]]=0,"Reestimativa 1","Realizado")) -> Reestimativa 1 | W763: =IF(ESTIMATIVA[[#This Row],[QT_AREA_REST2]]>0,"Reestimativa 2",IF(ESTIMATIVA[[#This Row],[QT_AREA_REAL]]=0,"Reestimativa 2","Realizado")) -> Realizado | X763: =ESTIMATIVA[[#This Row],[QT_AREA_EST]] -> 21.03 | Y763: =IF(ESTIMATIVA[[#This Row],[QT_AREA_REST1]]>0,ESTIMATIVA[[#This Row],[QT_AREA_REST1]], IF(ESTIMATIVA[[#This Row],[QT_AREA_REAL]]>0,ESTIMATIVA[[#This Row],[QT_AREA_REAL]],ESTIMATIVA[[#This Row],[QT_AREA_EST]])) -> 21.03 | Z763: =IF(ESTIMATIVA[[#This Row],[QT_AREA_REST2]]>0,ESTIMATIVA[[#This Row],[QT_AREA_REST2]], IF(ESTIMATIVA[[#This Row],[QT_AREA_REAL]]>0,ESTIMATIVA[[#This Row],[QT_AREA_REAL]], IF(ESTIMATIVA[[#This Row],[QT_AREA_REST1]]>0,ESTIMATIVA[[#This Row],[QT_AREA_REST1]],ESTIMATIVA[[#This Row],[QT_AREA_EST]]))) -> 21.03 | AA763: =ESTIMATIVA[[#This Row],[QT_CANA_EST]] -> 2250.21 | AB763: =IF(ESTIMATIVA[[#This Row],[QT_CANA_REST1]]>0,ESTIMATIVA[[#This Row],[QT_CANA_REST1]], IF(ESTIMATIVA[[#This Row],[QT_CANA_REAL]]>0,ESTIMATIVA[[#This Row],[QT_CANA_REAL]],ESTIMATIVA[[#This Row],[QT_CANA_EST]])) -> 2313.3 | AC763: =IF(ESTIMATIVA[[#This Row],[QT_CANA_REST2]]>0,ESTIMATIVA[[#This Row],[QT_CANA_REST2]], IF(ESTIMATIVA[[#This Row],[QT_CANA_REAL]]>0,ESTIMATIVA[[#This Row],[QT_CANA_REAL]], IF(ESTIMATIVA[[#This Row],[QT_CANA_REST1]]>0,ESTIMATIVA[[#This Row],[QT_CANA_REST1]],ESTIMATIVA[[#This Row],[QT_CANA_EST]]))) -> 2382.63 | AD763: =IF(ESTIMATIVA[[#This Row],[QT_AREA_REAL]]>0,ESTIMATIVA[[#This Row],[QT_CANA_REAL]],ESTIMATIVA[[#This Row],[QT_CANA_EST]]) -> 2382.63 | AE763: =IF(ESTIMATIVA[[#This Row],[QT_AREA_REAL]]>0,ESTIMATIVA[[#This Row],[QT_CANA_REAL]],ESTIMATIVA[[#This Row],[QT_CANA_REST1]]) -> 2382.63 | AF763: =IF(ESTIMATIVA[[#This Row],[QT_AREA_REAL]]>0,ESTIMATIVA[[#This Row],[QT_CANA_REAL]],ESTIMATIVA[[#This Row],[QT_CANA_REST2]]) -> 2382.63 | AG763: =IF(COUNTIFS(GEADA!A:A,VALUE(ESTIMATIVA[[#This Row],[CD_UPNIVEL1]]&TEXT(ESTIMATIVA[[#This Row],[CD_UPNIVEL3]],"0000")))>0,"S","N") -> N | AH763: =IF(COUNTIFS(IRRIGADO!C:C,ESTIMATIVA[[#This Row],[CD_UPNIVEL1]],IRRIGADO!E:E,ESTIMATIVA[[#This Row],[CD_UPNIVEL3]])>0,"Irrigado",IF(ESTIMATIVA[[#This Row],[DE_SIST_CULT]]="Mineral","Sequeiro",ESTIMATIVA[[#This Row],[DE_SIST_CULT]])) -> Sequeiro | AI763: =IF(ESTIMATIVA[[#This Row],[TP_CULTIVO]]="Irrigado",_xlfn.MAXIFS(IRRIGADO!J:J,IRRIGADO!C:C,ESTIMATIVA[[#This Row],[CD_UPNIVEL1]],IRRIGADO!E:E,ESTIMATIVA[[#This Row],[CD_UPNIVEL3]]),"") | AJ763: =IF(ESTIMATIVA[[#This Row],[TP_CULTIVO]]<>"Irrigado",0,AVERAGEIFS(IRRIGADO!G:G,IRRIGADO!C:C,ESTIMATIVA[[#This Row],[CD_UPNIVEL1]],IRRIGADO!E:E,ESTIMATIVA[[#This Row],[CD_UPNIVEL3]])*ESTIMATIVA[[#This Row],[QT_AREA_REAL]]) -> 0 | AK763: =COUNTIFS(Apresentação!$E$23:$E$29,ESTIMATIVA[[#This Row],[CD_UPNIVEL1]]) -> 0
A764: 20431 | B764: Fazenda Estância Fernanda | C764: 3 | D764: 1 | E764: ANM | F764: D | H764: Mineral | I764: RB127825 | J764: 2 - Arrendamento | K764: 15.78 | L764: 15.78 | M764: 0 | N764: 15.78 | O764: 1767.36 | P764: 1830.48 | Q764: 0 | R764: 1909.24 | S764: UMOE | T764: 45865 | U764: =IF(ESTIMATIVA[[#This Row],[QT_AREA_REAL]]>0,"1- Colhido","2- à Colher") -> 1- Colhido | V764: =IF(ESTIMATIVA[[#This Row],[QT_AREA_REST1]]>0,"Reestimativa 1",IF(ESTIMATIVA[[#This Row],[QT_AREA_REAL]]=0,"Reestimativa 1","Realizado")) -> Reestimativa 1 | W764: =IF(ESTIMATIVA[[#This Row],[QT_AREA_REST2]]>0,"Reestimativa 2",IF(ESTIMATIVA[[#This Row],[QT_AREA_REAL]]=0,"Reestimativa 2","Realizado")) -> Realizado | X764: =ESTIMATIVA[[#This Row],[QT_AREA_EST]] -> 15.78 | Y764: =IF(ESTIMATIVA[[#This Row],[QT_AREA_REST1]]>0,ESTIMATIVA[[#This Row],[QT_AREA_REST1]], IF(ESTIMATIVA[[#This Row],[QT_AREA_REAL]]>0,ESTIMATIVA[[#This Row],[QT_AREA_REAL]],ESTIMATIVA[[#This Row],[QT_AREA_EST]])) -> 15.78 | Z764: =IF(ESTIMATIVA[[#This Row],[QT_AREA_REST2]]>0,ESTIMATIVA[[#This Row],[QT_AREA_REST2]], IF(ESTIMATIVA[[#This Row],[QT_AREA_REAL]]>0,ESTIMATIVA[[#This Row],[QT_AREA_REAL]], IF(ESTIMATIVA[[#This Row],[QT_AREA_REST1]]>0,ESTIMATIVA[[#This Row],[QT_AREA_REST1]],ESTIMATIVA[[#This Row],[QT_AREA_EST]]))) -> 15.78 | AA764: =ESTIMATIVA[[#This Row],[QT_CANA_EST]] -> 1767.36 | AB764: =IF(ESTIMATIVA[[#This Row],[QT_CANA_REST1]]>0,ESTIMATIVA[[#This Row],[QT_CANA_REST1]], IF(ESTIMATIVA[[#This Row],[QT_CANA_REAL]]>0,ESTIMATIVA[[#This Row],[QT_CANA_REAL]],ESTIMATIVA[[#This Row],[QT_CANA_EST]])) -> 1830.48 | AC764: =IF(ESTIMATIVA[[#This Row],[QT_CANA_REST2]]>0,ESTIMATIVA[[#This Row],[QT_CANA_REST2]], IF(ESTIMATIVA[[#This Row],[QT_CANA_REAL]]>0,ESTIMATIVA[[#This Row],[QT_CANA_REAL]], IF(ESTIMATIVA[[#This Row],[QT_CANA_REST1]]>0,ESTIMATIVA[[#This Row],[QT_CANA_REST1]],ESTIMATIVA[[#This Row],[QT_CANA_EST]]))) -> 1909.24 | AD764: =IF(ESTIMATIVA[[#This Row],[QT_AREA_REAL]]>0,ESTIMATIVA[[#This Row],[QT_CANA_REAL]],ESTIMATIVA[[#This Row],[QT_CANA_EST]]) -> 1909.24 | AE764: =IF(ESTIMATIVA[[#This Row],[QT_AREA_REAL]]>0,ESTIMATIVA[[#This Row],[QT_CANA_REAL]],ESTIMATIVA[[#This Row],[QT_CANA_REST1]]) -> 1909.24 | AF764: =IF(ESTIMATIVA[[#This Row],[QT_AREA_REAL]]>0,ESTIMATIVA[[#This Row],[QT_CANA_REAL]],ESTIMATIVA[[#This Row],[QT_CANA_REST2]]) -> 1909.24 | AG764: =IF(COUNTIFS(GEADA!A:A,VALUE(ESTIMATIVA[[#This Row],[CD_UPNIVEL1]]&TEXT(ESTIMATIVA[[#This Row],[CD_UPNIVEL3]],"0000")))>0,"S","N") -> S | AH764: =IF(COUNTIFS(IRRIGADO!C:C,ESTIMATIVA[[#This Row],[CD_UPNIVEL1]],IRRIGADO!E:E,ESTIMATIVA[[#This Row],[CD_UPNIVEL3]])>0,"Irrigado",IF(ESTIMATIVA[[#This Row],[DE_SIST_CULT]]="Mineral","Sequeiro",ESTIMATIVA[[#This Row],[DE_SIST_CULT]])) -> Irrigado | AI764: =IF(ESTIMATIVA[[#This Row],[TP_CULTIVO]]="Irrigado",_xlfn.MAXIFS(IRRIGADO!J:J,IRRIGADO!C:C,ESTIMATIVA[[#This Row],[CD_UPNIVEL1]],IRRIGADO!E:E,ESTIMATIVA[[#This Row],[CD_UPNIVEL3]]),"") -> 45443 | AJ764: =IF(ESTIMATIVA[[#This Row],[TP_CULTIVO]]<>"Irrigado",0,AVERAGEIFS(IRRIGADO!G:G,IRRIGADO!C:C,ESTIMATIVA[[#This Row],[CD_UPNIVEL1]],IRRIGADO!E:E,ESTIMATIVA[[#This Row],[CD_UPNIVEL3]])*ESTIMATIVA[[#This Row],[QT_AREA_REAL]]) -> 315.6 | AK764: =COUNTIFS(Apresentação!$E$23:$E$29,ESTIMATIVA[[#This Row],[CD_UPNIVEL1]]) -> 0
A765: 20431 | B765: Fazenda Estância Fernanda | C765: 4 | D765: 1 | E765: ANM | F765: D | H765: Mineral | I765: RB127825 | J765: 2 - Arrendamento | K765: 56.15 | L765: 56.15 | M765: 0 | N765: 56.15 | O765: 6288.8 | P765: 6513.4 | Q765: 0 | R765: 6709.53 | S765: UMOE | T765: 45872 | U765: =IF(ESTIMATIVA[[#This Row],[QT_AREA_REAL]]>0,"1- Colhido","2- à Colher") -> 1- Colhido | V765: =IF(ESTIMATIVA[[#This Row],[QT_AREA_REST1]]>0,"Reestimativa 1",IF(ESTIMATIVA[[#This Row],[QT_AREA_REAL]]=0,"Reestimativa 1","Realizado")) -> Reestimativa 1 | W765: =IF(ESTIMATIVA[[#This Row],[QT_AREA_REST2]]>0,"Reestimativa 2",IF(ESTIMATIVA[[#This Row],[QT_AREA_REAL]]=0,"Reestimativa 2","Realizado")) -> Realizado | X765: =ESTIMATIVA[[#This Row],[QT_AREA_EST]] -> 56.15 | Y765: =IF(ESTIMATIVA[[#This Row],[QT_AREA_REST1]]>0,ESTIMATIVA[[#This Row],[QT_AREA_REST1]], IF(ESTIMATIVA[[#This Row],[QT_AREA_REAL]]>0,ESTIMATIVA[[#This Row],[QT_AREA_REAL]],ESTIMATIVA[[#This Row],[QT_AREA_EST]])) -> 56.15 | Z765: =IF(ESTIMATIVA[[#This Row],[QT_AREA_REST2]]>0,ESTIMATIVA[[#This Row],[QT_AREA_REST2]], IF(ESTIMATIVA[[#This Row],[QT_AREA_REAL]]>0,ESTIMATIVA[[#This Row],[QT_AREA_REAL]], IF(ESTIMATIVA[[#This Row],[QT_AREA_REST1]]>0,ESTIMATIVA[[#This Row],[QT_AREA_REST1]],ESTIMATIVA[[#This Row],[QT_AREA_EST]]))) -> 56.15 | AA765: =ESTIMATIVA[[#This Row],[QT_CANA_EST]] -> 6288.8 | AB765: =IF(ESTIMATIVA[[#This Row],[QT_CANA_REST1]]>0,ESTIMATIVA[[#This Row],[QT_CANA_REST1]], IF(ESTIMATIVA[[#This Row],[QT_CANA_REAL]]>0,ESTIMATIVA[[#This Row],[QT_CANA_REAL]],ESTIMATIVA[[#This Row],[QT_CANA_EST]])) -> 6513.4 | AC765: =IF(ESTIMATIVA[[#This Row],[QT_CANA_REST2]]>0,ESTIMATIVA[[#This Row],[QT_CANA_REST2]], IF(ESTIMATIVA[[#This Row],[QT_CANA_REAL]]>0,ESTIMATIVA[[#This Row],[QT_CANA_REAL]], IF(ESTIMATIVA[[#This Row],[QT_CANA_REST1]]>0,ESTIMATIVA[[#This Row],[QT_CANA_REST1]],ESTIMATIVA[[#This Row],[QT_CANA_EST]]))) -> 6709.53 | AD765: =IF(ESTIMATIVA[[#This Row],[QT_AREA_REAL]]>0,ESTIMATIVA[[#This Row],[QT_CANA_REAL]],ESTIMATIVA[[#This Row],[QT_CANA_EST]]) -> 6709.53 | AE765: =IF(ESTIMATIVA[[#This Row],[QT_AREA_REAL]]>0,ESTIMATIVA[[#This Row],[QT_CANA_REAL]],ESTIMATIVA[[#This Row],[QT_CANA_REST1]]) -> 6709.53 | AF765: =IF(ESTIMATIVA[[#This Row],[QT_AREA_REAL]]>0,ESTIMATIVA[[#This Row],[QT_CANA_REAL]],ESTIMATIVA[[#This Row],[QT_CANA_REST2]]) -> 6709.53 | AG765: =IF(COUNTIFS(GEADA!A:A,VALUE(ESTIMATIVA[[#This Row],[CD_UPNIVEL1]]&TEXT(ESTIMATIVA[[#This Row],[CD_UPNIVEL3]],"0000")))>0,"S","N") -> N | AH765: =IF(COUNTIFS(IRRIGADO!C:C,ESTIMATIVA[[#This Row],[CD_UPNIVEL1]],IRRIGADO!E:E,ESTIMATIVA[[#This Row],[CD_UPNIVEL3]])>0,"Irrigado",IF(ESTIMATIVA[[#This Row],[DE_SIST_CULT]]="Mineral","Sequeiro",ESTIMATIVA[[#This Row],[DE_SIST_CULT]])) -> Irrigado | AI765: =IF(ESTIMATIVA[[#This Row],[TP_CULTIVO]]="Irrigado",_xlfn.MAXIFS(IRRIGADO!J:J,IRRIGADO!C:C,ESTIMATIVA[[#This Row],[CD_UPNIVEL1]],IRRIGADO!E:E,ESTIMATIVA[[#This Row],[CD_UPNIVEL3]]),"") -> 45443 | AJ765: =IF(ESTIMATIVA[[#This Row],[TP_CULTIVO]]<>"Irrigado",0,AVERAGEIFS(IRRIGADO!G:G,IRRIGADO!C:C,ESTIMATIVA[[#This Row],[CD_UPNIVEL1]],IRRIGADO!E:E,ESTIMATIVA[[#This Row],[CD_UPNIVEL3]])*ESTIMATIVA[[#This Row],[QT_AREA_REAL]]) -> 1123 | AK765: =COUNTIFS(Apresentação!$E$23:$E$29,ESTIMATIVA[[#This Row],[CD_UPNIVEL1]]) -> 0
A766: 20431 | B766: Fazenda Estância Fernanda | C766: 5 | D766: 1 | E766: INV | F766: D | H766: Mineral | I766: CTC9006 | J766: 2 - Arrendamento | K766: 50.58 | L766: 50.58 | M766: 0 | N766: 50.58 | O766: 5361.48 | P766: 5361.48 | Q766: 0 | R766: 6460.92 | S766: UMOE | T766: 45865 | U766: =IF(ESTIMATIVA[[#This Row],[QT_AREA_REAL]]>0,"1- Colhido","2- à Colher") -> 1- Colhido | V766: =IF(ESTIMATIVA[[#This Row],[QT_AREA_REST1]]>0,"Reestimativa 1",IF(ESTIMATIVA[[#This Row],[QT_AREA_REAL]]=0,"Reestimativa 1","Realizado")) -> Reestimativa 1 | W766: =IF(ESTIMATIVA[[#This Row],[QT_AREA_REST2]]>0,"Reestimativa 2",IF(ESTIMATIVA[[#This Row],[QT_AREA_REAL]]=0,"Reestimativa 2","Realizado")) -> Realizado | X766: =ESTIMATIVA[[#This Row],[QT_AREA_EST]] -> 50.58 | Y766: =IF(ESTIMATIVA[[#This Row],[QT_AREA_REST1]]>0,ESTIMATIVA[[#This Row],[QT_AREA_REST1]], IF(ESTIMATIVA[[#This Row],[QT_AREA_REAL]]>0,ESTIMATIVA[[#This Row],[QT_AREA_REAL]],ESTIMATIVA[[#This Row],[QT_AREA_EST]])) -> 50.58 | Z766: =IF(ESTIMATIVA[[#This Row],[QT_AREA_REST2]]>0,ESTIMATIVA[[#This Row],[QT_AREA_REST2]], IF(ESTIMATIVA[[#This Row],[QT_AREA_REAL]]>0,ESTIMATIVA[[#This Row],[QT_AREA_REAL]], IF(ESTIMATIVA[[#This Row],[QT_AREA_REST1]]>0,ESTIMATIVA[[#This Row],[QT_AREA_REST1]],ESTIMATIVA[[#This Row],[QT_AREA_EST]]))) -> 50.58 | AA766: =ESTIMATIVA[[#This Row],[QT_CANA_EST]] -> 5361.48 | AB766: =IF(ESTIMATIVA[[#This Row],[QT_CANA_REST1]]>0,ESTIMATIVA[[#This Row],[QT_CANA_REST1]], IF(ESTIMATIVA[[#This Row],[QT_CANA_REAL]]>0,ESTIMATIVA[[#This Row],[QT_CANA_REAL]],ESTIMATIVA[[#This Row],[QT_CANA_EST]])) -> 5361.48 | AC766: =IF(ESTIMATIVA[[#This Row],[QT_CANA_REST2]]>0,ESTIMATIVA[[#This Row],[QT_CANA_REST2]], IF(ESTIMATIVA[[#This Row],[QT_CANA_REAL]]>0,ESTIMATIVA[[#This Row],[QT_CANA_REAL]], IF(ESTIMATIVA[[#This Row],[QT_CANA_REST1]]>0,ESTIMATIVA[[#This Row],[QT_CANA_REST1]],ESTIMATIVA[[#This Row],[QT_CANA_EST]]))) -> 6460.92 | AD766: =IF(ESTIMATIVA[[#This Row],[QT_AREA_REAL]]>0,ESTIMATIVA[[#This Row],[QT_CANA_REAL]],ESTIMATIVA[[#This Row],[QT_CANA_EST]]) -> 6460.92 | AE766: =IF(ESTIMATIVA[[#This Row],[QT_AREA_REAL]]>0,ESTIMATIVA[[#This Row],[QT_CANA_REAL]],ESTIMATIVA[[#This Row],[QT_CANA_REST1]]) -> 6460.92 | AF766: =IF(ESTIMATIVA[[#This Row],[QT_AREA_REAL]]>0,ESTIMATIVA[[#This Row],[QT_CANA_REAL]],ESTIMATIVA[[#This Row],[QT_CANA_REST2]]) -> 6460.92 | AG766: =IF(COUNTIFS(GEADA!A:A,VALUE(ESTIMATIVA[[#This Row],[CD_UPNIVEL1]]&TEXT(ESTIMATIVA[[#This Row],[CD_UPNIVEL3]],"0000")))>0,"S","N") -> N | AH766: =IF(COUNTIFS(IRRIGADO!C:C,ESTIMATIVA[[#This Row],[CD_UPNIVEL1]],IRRIGADO!E:E,ESTIMATIVA[[#This Row],[CD_UPNIVEL3]])>0,"Irrigado",IF(ESTIMATIVA[[#This Row],[DE_SIST_CULT]]="Mineral","Sequeiro",ESTIMATIVA[[#This Row],[DE_SIST_CULT]])) -> Sequeiro | AI766: =IF(ESTIMATIVA[[#This Row],[TP_CULTIVO]]="Irrigado",_xlfn.MAXIFS(IRRIGADO!J:J,IRRIGADO!C:C,ESTIMATIVA[[#This Row],[CD_UPNIVEL1]],IRRIGADO!E:E,ESTIMATIVA[[#This Row],[CD_UPNIVEL3]]),"") | AJ766: =IF(ESTIMATIVA[[#This Row],[TP_CULTIVO]]<>"Irrigado",0,AVERAGEIFS(IRRIGADO!G:G,IRRIGADO!C:C,ESTIMATIVA[[#This Row],[CD_UPNIVEL1]],IRRIGADO!E:E,ESTIMATIVA[[#This Row],[CD_UPNIVEL3]])*ESTIMATIVA[[#This Row],[QT_AREA_REAL]]) -> 0 | AK766: =COUNTIFS(Apresentação!$E$23:$E$29,ESTIMATIVA[[#This Row],[CD_UPNIVEL1]]) -> 0
A767: 20431 | B767: Fazenda Estância Fernanda | C767: 6 | D767: 1 | E767: INV | F767: D | H767: Mineral | I767: CTC9006 | J767: 2 - Arrendamento | K767: 56.01 | L767: 56.01 | M767: 0 | N767: 56.01 | O767: 5881.05 | P767: 5937.06 | Q767: 0 | R767: 6926.86 | S767: UMOE | T767: 45914 | U767: =IF(ESTIMATIVA[[#This Row],[QT_AREA_REAL]]>0,"1- Colhido","2- à Colher") -> 1- Colhido | V767: =IF(ESTIMATIVA[[#This Row],[QT_AREA_REST1]]>0,"Reestimativa 1",IF(ESTIMATIVA[[#This Row],[QT_AREA_REAL]]=0,"Reestimativa 1","Realizado")) -> Reestimativa 1 | W767: =IF(ESTIMATIVA[[#This Row],[QT_AREA_REST2]]>0,"Reestimativa 2",IF(ESTIMATIVA[[#This Row],[QT_AREA_REAL]]=0,"Reestimativa 2","Realizado")) -> Realizado | X767: =ESTIMATIVA[[#This Row],[QT_AREA_EST]] -> 56.01 | Y767: =IF(ESTIMATIVA[[#This Row],[QT_AREA_REST1]]>0,ESTIMATIVA[[#This Row],[QT_AREA_REST1]], IF(ESTIMATIVA[[#This Row],[QT_AREA_REAL]]>0,ESTIMATIVA[[#This Row],[QT_AREA_REAL]],ESTIMATIVA[[#This Row],[QT_AREA_EST]])) -> 56.01 | Z767: =IF(ESTIMATIVA[[#This Row],[QT_AREA_REST2]]>0,ESTIMATIVA[[#This Row],[QT_AREA_REST2]], IF(ESTIMATIVA[[#This Row],[QT_AREA_REAL]]>0,ESTIMATIVA[[#This Row],[QT_AREA_REAL]], IF(ESTIMATIVA[[#This Row],[QT_AREA_REST1]]>0,ESTIMATIVA[[#This Row],[QT_AREA_REST1]],ESTIMATIVA[[#This Row],[QT_AREA_EST]]))) -> 56.01 | AA767: =ESTIMATIVA[[#This Row],[QT_CANA_EST]] -> 5881.05 | AB767: =IF(ESTIMATIVA[[#This Row],[QT_CANA_REST1]]>0,ESTIMATIVA[[#This Row],[QT_CANA_REST1]], IF(ESTIMATIVA[[#This Row],[QT_CANA_REAL]]>0,ESTIMATIVA[[#This Row],[QT_CANA_REAL]],ESTIMATIVA[[#This Row],[QT_CANA_EST]])) -> 5937.06 | AC767: =IF(ESTIMATIVA[[#This Row],[QT_CANA_REST2]]>0,ESTIMATIVA[[#This Row],[QT_CANA_REST2]], IF(ESTIMATIVA[[#This Row],[QT_CANA_REAL]]>0,ESTIMATIVA[[#This Row],[QT_CANA_REAL]], IF(ESTIMATIVA[[#This Row],[QT_CANA_REST1]]>0,ESTIMATIVA[[#This Row],[QT_CANA_REST1]],ESTIMATIVA[[#This Row],[QT_CANA_EST]]))) -> 6926.86 | AD767: =IF(ESTIMATIVA[[#This Row],[QT_AREA_REAL]]>0,ESTIMATIVA[[#This Row],[QT_CANA_REAL]],ESTIMATIVA[[#This Row],[QT_CANA_EST]]) -> 6926.86 | AE767: =IF(ESTIMATIVA[[#This Row],[QT_AREA_REAL]]>0,ESTIMATIVA[[#This Row],[QT_CANA_REAL]],ESTIMATIVA[[#This Row],[QT_CANA_REST1]]) -> 6926.86 | AF767: =IF(ESTIMATIVA[[#This Row],[QT_AREA_REAL]]>0,ESTIMATIVA[[#This Row],[QT_CANA_REAL]],ESTIMATIVA[[#This Row],[QT_CANA_REST2]]) -> 6926.86 | AG767: =IF(COUNTIFS(GEADA!A:A,VALUE(ESTIMATIVA[[#This Row],[CD_UPNIVEL1]]&TEXT(ESTIMATIVA[[#This Row],[CD_UPNIVEL3]],"0000")))>0,"S","N") -> N | AH767: =IF(COUNTIFS(IRRIGADO!C:C,ESTIMATIVA[[#This Row],[CD_UPNIVEL1]],IRRIGADO!E:E,ESTIMATIVA[[#This Row],[CD_UPNIVEL3]])>0,"Irrigado",IF(ESTIMATIVA[[#This Row],[DE_SIST_CULT]]="Mineral","Sequeiro",ESTIMATIVA[[#This Row],[DE_SIST_CULT]])) -> Sequeiro | AI767: =IF(ESTIMATIVA[[#This Row],[TP_CULTIVO]]="Irrigado",_xlfn.MAXIFS(IRRIGADO!J:J,IRRIGADO!C:C,ESTIMATIVA[[#This Row],[CD_UPNIVEL1]],IRRIGADO!E:E,ESTIMATIVA[[#This Row],[CD_UPNIVEL3]]),"") | AJ767: =IF(ESTIMATIVA[[#This Row],[TP_CULTIVO]]<>"Irrigado",0,AVERAGEIFS(IRRIGADO!G:G,IRRIGADO!C:C,ESTIMATIVA[[#This Row],[CD_UPNIVEL1]],IRRIGADO!E:E,ESTIMATIVA[[#This Row],[CD_UPNIVEL3]])*ESTIMATIVA[[#This Row],[QT_AREA_REAL]]) -> 0 | AK767: =COUNTIFS(Apresentação!$E$23:$E$29,ESTIMATIVA[[#This Row],[CD_UPNIVEL1]]) -> 0
A768: 20431 | B768: Fazenda Estância Fernanda | C768: 7 | D768: 1 | E768: INV | F768: D | H768: Mineral | I768: CTC9006 | J768: 2 - Arrendamento | K768: 29.03 | L768: 29.03 | M768: 0 | N768: 29.03 | O768: 3077.18 | P768: 3077.18 | Q768: 0 | R768: 3590.24 | S768: UMOE | T768: 45914 | U768: =IF(ESTIMATIVA[[#This Row],[QT_AREA_REAL]]>0,"1- Colhido","2- à Colher") -> 1- Colhido | V768: =IF(ESTIMATIVA[[#This Row],[QT_AREA_REST1]]>0,"Reestimativa 1",IF(ESTIMATIVA[[#This Row],[QT_AREA_REAL]]=0,"Reestimativa 1","Realizado")) -> Reestimativa 1 | W768: =IF(ESTIMATIVA[[#This Row],[QT_AREA_REST2]]>0,"Reestimativa 2",IF(ESTIMATIVA[[#This Row],[QT_AREA_REAL]]=0,"Reestimativa 2","Realizado")) -> Realizado | X768: =ESTIMATIVA[[#This Row],[QT_AREA_EST]] -> 29.03 | Y768: =IF(ESTIMATIVA[[#This Row],[QT_AREA_REST1]]>0,ESTIMATIVA[[#This Row],[QT_AREA_REST1]], IF(ESTIMATIVA[[#This Row],[QT_AREA_REAL]]>0,ESTIMATIVA[[#This Row],[QT_AREA_REAL]],ESTIMATIVA[[#This Row],[QT_AREA_EST]])) -> 29.03 | Z768: =IF(ESTIMATIVA[[#This Row],[QT_AREA_REST2]]>0,ESTIMATIVA[[#This Row],[QT_AREA_REST2]], IF(ESTIMATIVA[[#This Row],[QT_AREA_REAL]]>0,ESTIMATIVA[[#This Row],[QT_AREA_REAL]], IF(ESTIMATIVA[[#This Row],[QT_AREA_REST1]]>0,ESTIMATIVA[[#This Row],[QT_AREA_REST1]],ESTIMATIVA[[#This Row],[QT_AREA_EST]]))) -> 29.03 | AA768: =ESTIMATIVA[[#This Row],[QT_CANA_EST]] -> 3077.18 | AB768: =IF(ESTIMATIVA[[#This Row],[QT_CANA_REST1]]>0,ESTIMATIVA[[#This Row],[QT_CANA_REST1]], IF(ESTIMATIVA[[#This Row],[QT_CANA_REAL]]>0,ESTIMATIVA[[#This Row],[QT_CANA_REAL]],ESTIMATIVA[[#This Row],[QT_CANA_EST]])) -> 3077.18 | AC768: =IF(ESTIMATIVA[[#This Row],[QT_CANA_REST2]]>0,ESTIMATIVA[[#This Row],[QT_CANA_REST2]], IF(ESTIMATIVA[[#This Row],[QT_CANA_REAL]]>0,ESTIMATIVA[[#This Row],[QT_CANA_REAL]], IF(ESTIMATIVA[[#This Row],[QT_CANA_REST1]]>0,ESTIMATIVA[[#This Row],[QT_CANA_REST1]],ESTIMATIVA[[#This Row],[QT_CANA_EST]]))) -> 3590.24 | AD768: =IF(ESTIMATIVA[[#This Row],[QT_AREA_REAL]]>0,ESTIMATIVA[[#This Row],[QT_CANA_REAL]],ESTIMATIVA[[#This Row],[QT_CANA_EST]]) -> 3590.24 | AE768: =IF(ESTIMATIVA[[#This Row],[QT_AREA_REAL]]>0,ESTIMATIVA[[#This Row],[QT_CANA_REAL]],ESTIMATIVA[[#This Row],[QT_CANA_REST1]]) -> 3590.24 | AF768: =IF(ESTIMATIVA[[#This Row],[QT_AREA_REAL]]>0,ESTIMATIVA[[#This Row],[QT_CANA_REAL]],ESTIMATIVA[[#This Row],[QT_CANA_REST2]]) -> 3590.24 | AG768: =IF(COUNTIFS(GEADA!A:A,VALUE(ESTIMATIVA[[#This Row],[CD_UPNIVEL1]]&TEXT(ESTIMATIVA[[#This Row],[CD_UPNIVEL3]],"0000")))>0,"S","N") -> N | AH768: =IF(COUNTIFS(IRRIGADO!C:C,ESTIMATIVA[[#This Row],[CD_UPNIVEL1]],IRRIGADO!E:E,ESTIMATIVA[[#This Row],[CD_UPNIVEL3]])>0,"Irrigado",IF(ESTIMATIVA[[#This Row],[DE_SIST_CULT]]="Mineral","Sequeiro",ESTIMATIVA[[#This Row],[DE_SIST_CULT]])) -> Sequeiro | AI768: =IF(ESTIMATIVA[[#This Row],[TP_CULTIVO]]="Irrigado",_xlfn.MAXIFS(IRRIGADO!J:J,IRRIGADO!C:C,ESTIMATIVA[[#This Row],[CD_UPNIVEL1]],IRRIGADO!E:E,ESTIMATIVA[[#This Row],[CD_UPNIVEL3]]),"") | AJ768: =IF(ESTIMATIVA[[#This Row],[TP_CULTIVO]]<>"Irrigado",0,AVERAGEIFS(IRRIGADO!G:G,IRRIGADO!C:C,ESTIMATIVA[[#This Row],[CD_UPNIVEL1]],IRRIGADO!E:E,ESTIMATIVA[[#This Row],[CD_UPNIVEL3]])*ESTIMATIVA[[#This Row],[QT_AREA_REAL]]) -> 0 | AK768: =COUNTIFS(Apresentação!$E$23:$E$29,ESTIMATIVA[[#This Row],[CD_UPNIVEL1]]) -> 0
A769: 20431 | B769: Fazenda Estância Fernanda | C769: 8 | D769: 1 | E769: INV | F769: E | H769: Mineral | I769: DIVERSAS | J769: 2 - Arrendamento | K769: 44.07 | L769: 44.07 | M769: 0 | N769: 44.07 | O769: 4407 | P769: 4407 | Q769: 0 | R769: 5139.1 | S769: UMOE | T769: 45914 | U769: =IF(ESTIMATIVA[[#This Row],[QT_AREA_REAL]]>0,"1- Colhido","2- à Colher") -> 1- Colhido | V769: =IF(ESTIMATIVA[[#This Row],[QT_AREA_REST1]]>0,"Reestimativa 1",IF(ESTIMATIVA[[#This Row],[QT_AREA_REAL]]=0,"Reestimativa 1","Realizado")) -> Reestimativa 1 | W769: =IF(ESTIMATIVA[[#This Row],[QT_AREA_REST2]]>0,"Reestimativa 2",IF(ESTIMATIVA[[#This Row],[QT_AREA_REAL]]=0,"Reestimativa 2","Realizado")) -> Realizado | X769: =ESTIMATIVA[[#This Row],[QT_AREA_EST]] -> 44.07 | Y769: =IF(ESTIMATIVA[[#This Row],[QT_AREA_REST1]]>0,ESTIMATIVA[[#This Row],[QT_AREA_REST1]], IF(ESTIMATIVA[[#This Row],[QT_AREA_REAL]]>0,ESTIMATIVA[[#This Row],[QT_AREA_REAL]],ESTIMATIVA[[#This Row],[QT_AREA_EST]])) -> 44.07 | Z769: =IF(ESTIMATIVA[[#This Row],[QT_AREA_REST2]]>0,ESTIMATIVA[[#This Row],[QT_AREA_REST2]], IF(ESTIMATIVA[[#This Row],[QT_AREA_REAL]]>0,ESTIMATIVA[[#This Row],[QT_AREA_REAL]], IF(ESTIMATIVA[[#This Row],[QT_AREA_REST1]]>0,ESTIMATIVA[[#This Row],[QT_AREA_REST1]],ESTIMATIVA[[#This Row],[QT_AREA_EST]]))) -> 44.07 | AA769: =ESTIMATIVA[[#This Row],[QT_CANA_EST]] -> 4407 | AB769: =IF(ESTIMATIVA[[#This Row],[QT_CANA_REST1]]>0,ESTIMATIVA[[#This Row],[QT_CANA_REST1]], IF(ESTIMATIVA[[#This Row],[QT_CANA_REAL]]>0,ESTIMATIVA[[#This Row],[QT_CANA_REAL]],ESTIMATIVA[[#This Row],[QT_CANA_EST]])) -> 4407 | AC769: =IF(ESTIMATIVA[[#This Row],[QT_CANA_REST2]]>0,ESTIMATIVA[[#This Row],[QT_CANA_REST2]], IF(ESTIMATIVA[[#This Row],[QT_CANA_REAL]]>0,ESTIMATIVA[[#This Row],[QT_CANA_REAL]], IF(ESTIMATIVA[[#This Row],[QT_CANA_REST1]]>0,ESTIMATIVA[[#This Row],[QT_CANA_REST1]],ESTIMATIVA[[#This Row],[QT_CANA_EST]]))) -> 5139.1 | AD769: =IF(ESTIMATIVA[[#This Row],[QT_AREA_REAL]]>0,ESTIMATIVA[[#This Row],[QT_CANA_REAL]],ESTIMATIVA[[#This Row],[QT_CANA_EST]]) -> 5139.1 | AE769: =IF(ESTIMATIVA[[#This Row],[QT_AREA_REAL]]>0,ESTIMATIVA[[#This Row],[QT_CANA_REAL]],ESTIMATIVA[[#This Row],[QT_CANA_REST1]]) -> 5139.1 | AF769: =IF(ESTIMATIVA[[#This Row],[QT_AREA_REAL]]>0,ESTIMATIVA[[#This Row],[QT_CANA_REAL]],ESTIMATIVA[[#This Row],[QT_CANA_REST2]]) -> 5139.1 | AG769: =IF(COUNTIFS(GEADA!A:A,VALUE(ESTIMATIVA[[#This Row],[CD_UPNIVEL1]]&TEXT(ESTIMATIVA[[#This Row],[CD_UPNIVEL3]],"0000")))>0,"S","N") -> N | AH769: =IF(COUNTIFS(IRRIGADO!C:C,ESTIMATIVA[[#This Row],[CD_UPNIVEL1]],IRRIGADO!E:E,ESTIMATIVA[[#This Row],[CD_UPNIVEL3]])>0,"Irrigado",IF(ESTIMATIVA[[#This Row],[DE_SIST_CULT]]="Mineral","Sequeiro",ESTIMATIVA[[#This Row],[DE_SIST_CULT]])) -> Sequeiro | AI769: =IF(ESTIMATIVA[[#This Row],[TP_CULTIVO]]="Irrigado",_xlfn.MAXIFS(IRRIGADO!J:J,IRRIGADO!C:C,ESTIMATIVA[[#This Row],[CD_UPNIVEL1]],IRRIGADO!E:E,ESTIMATIVA[[#This Row],[CD_UPNIVEL3]]),"") | AJ769: =IF(ESTIMATIVA[[#This Row],[TP_CULTIVO]]<>"Irrigado",0,AVERAGEIFS(IRRIGADO!G:G,IRRIGADO!C:C,ESTIMATIVA[[#This Row],[CD_UPNIVEL1]],IRRIGADO!E:E,ESTIMATIVA[[#This Row],[CD_UPNIVEL3]])*ESTIMATIVA[[#This Row],[QT_AREA_REAL]]) -> 0 | AK769: =COUNTIFS(Apresentação!$E$23:$E$29,ESTIMATIVA[[#This Row],[CD_UPNIVEL1]]) -> 0
